,Model,Source,Split,Dataset,Fold,R2_score_train,MAE_score_train,RMSE_score_train,R2_score_test,MAE_score_test,RMSE_score_test,rho_score_train,rho_score_test,num_nonzero_coefs,prot_length
0,ESM-2 650M,viral,Pooled Split,IAV_NA_Jiang,1,0.5670823321174597,0.4896584052437304,0.6639038095441143,0.5069399059556352,0.5314082173863448,0.6745567509533966,0.7626745841602359,0.6926924145596,69,453
1,ESM-2 650M,viral,Pooled Split,IAV_NA_Jiang,2,0.5702007958516648,0.4690758558303686,0.6210798949096548,0.4068858144919253,0.7218351610108548,0.9014399623813169,0.7646622655205826,0.6365101417060296,56,453
2,ESM-2 650M,viral,Pooled Split,IAV_NA_Jiang,3,0.6324045461037084,0.4489902734095758,0.6023887128279903,0.4199136062645175,0.6094193151240737,0.7763960291468001,0.7970820339152028,0.5575993331480967,78,453
3,ESM-2 650M,viral,Pooled Split,IAV_NA_Jiang,4,0.6478976894805808,0.4179840677828543,0.5718994465711876,0.3208181973094945,0.7525576823617299,0.9326557961516762,0.8165413721232364,0.5665462628507919,71,453
4,ESM-2 650M,viral,Pooled Split,IAV_NA_Jiang,5,0.5974742091413608,0.4702265922247811,0.6270290096553618,0.4203795307517791,0.637955488116622,0.7955274396211535,0.7922174218980533,0.552820227841067,66,453
5,ESM-2 650M,viral,Pooled Split,SARS2_DELTA_SPIKE_Dadonaite,1,0.0455334644613669,0.4027441706328515,0.9815151758894456,0.0148365756076354,0.4091323062425923,0.973862824183824,0.2154155840591597,0.2140123211611409,44,1250
6,ESM-2 650M,viral,Pooled Split,SARS2_DELTA_SPIKE_Dadonaite,2,0.0511567008659353,0.4051999694712917,1.0055041250290144,0.0401257484311915,0.3940164443265843,0.841486622114737,0.2485925062566746,0.2126809713433615,76,1250
7,ESM-2 650M,viral,Pooled Split,SARS2_DELTA_SPIKE_Dadonaite,3,0.0677096235021839,0.3911780686249699,0.8911550349869514,0.022619871973573,0.4133058010784647,1.2475259969150794,0.2736060755945156,0.2346741539123438,102,1250
8,ESM-2 650M,viral,Pooled Split,SARS2_DELTA_SPIKE_Dadonaite,4,0.0582673063662604,0.4017556504065576,1.007165002580631,0.0343330632402411,0.396890167770961,0.8171746603553312,0.2453724899289837,0.2429355177909935,71,1250
9,ESM-2 650M,viral,Pooled Split,SARS2_DELTA_SPIKE_Dadonaite,5,0.0603154618412878,0.4021726562023405,1.0114616191001056,0.013326068989195,0.3941193570759812,0.7978878183010467,0.2461299010914234,0.2133255977856772,75,1250
10,ESM-2 650M,viral,Pooled Split,LASSA_GP_Carr,1,0.4984799472164752,0.5803057985020416,0.7088717177201118,0.3581818853521515,0.6547750411655532,0.7974352117448452,0.7010692616683832,0.5928238231486216,744,491
11,ESM-2 650M,viral,Pooled Split,LASSA_GP_Carr,2,0.4985392207393232,0.5766929332062306,0.7064396223857593,0.3880613543741624,0.6359827457998858,0.7896480799002596,0.6984857516219402,0.6298489608059052,830,491
12,ESM-2 650M,viral,Pooled Split,LASSA_GP_Carr,3,0.4980666106719075,0.5808330954386484,0.7100689829787391,0.3595956613461116,0.6403663607915027,0.7929391186110892,0.7003048112963055,0.6074181211869338,837,491
13,ESM-2 650M,viral,Pooled Split,LASSA_GP_Carr,4,0.5061268439046456,0.5711013597585002,0.6998679393541775,0.3651903784445292,0.6610992014576201,0.8095812032347518,0.7045494704324677,0.6034809041963191,825,491
14,ESM-2 650M,viral,Pooled Split,LASSA_GP_Carr,5,0.4980490017656926,0.5777641456891213,0.70799858627787,0.3709401839827534,0.6432256233990301,0.7948020949236363,0.6961110064046524,0.6289008635907235,789,491
15,ESM-2 650M,viral,Pooled Split,EV_CAPSD_Bakhache,1,0.2347562675201299,0.7093245397354664,0.8785606104756377,0.1669228110592779,0.7250118714029131,0.8967509249981914,0.4993576510105992,0.4236194167946872,498,862
16,ESM-2 650M,viral,Pooled Split,EV_CAPSD_Bakhache,2,0.2348690461101696,0.7068124060494941,0.8748930407375066,0.1570175480545574,0.7414198728831841,0.917264017830454,0.4956909397042637,0.4103419434953949,529,862
17,ESM-2 650M,viral,Pooled Split,EV_CAPSD_Bakhache,3,0.2388362624262441,0.7046804035859235,0.874029632673049,0.1616876613209437,0.7364121627474571,0.9087354086435314,0.5047618156113481,0.4095387392904618,532,862
18,ESM-2 650M,viral,Pooled Split,EV_CAPSD_Bakhache,4,0.2375181241255932,0.7088596313543076,0.8786495084010966,0.1615970462338576,0.7238529663422785,0.8921733024339931,0.5023386718690769,0.4110380591478791,522,862
19,ESM-2 650M,viral,Pooled Split,EV_CAPSD_Bakhache,5,0.2305891753820589,0.7062212719899906,0.8751544741917845,0.1853987115047307,0.73207582675382,0.9105912183640582,0.4962822005026528,0.4418090022405641,530,862
20,ESM-2 650M,viral,Pooled Split,SARS2_RBD_expression_Starr,1,0.726047298762707,0.4158297587575922,0.5282651496054998,0.5868432721250145,0.4866981336543987,0.6182434872683563,0.8393866778283087,0.7601216370683632,565,1273
21,ESM-2 650M,viral,Pooled Split,SARS2_RBD_expression_Starr,2,0.7337311241454261,0.405393456550456,0.5170343872623575,0.5442877496155156,0.5200580905184256,0.6694167631890364,0.8460199265388827,0.7303278988705424,563,1273
22,ESM-2 650M,viral,Pooled Split,SARS2_RBD_expression_Starr,3,0.7256197911876754,0.4125378146054718,0.5214177179864204,0.5830656360991573,0.5102918417706098,0.6571978895366147,0.8426141931996716,0.7629932509314862,545,1273
23,ESM-2 650M,viral,Pooled Split,SARS2_RBD_expression_Starr,4,0.7260238755684244,0.4107799418298418,0.5228736331627225,0.5635132560529788,0.5140901647376841,0.6633753044124995,0.8398179412305105,0.7422517581618887,545,1273
24,ESM-2 650M,viral,Pooled Split,SARS2_RBD_expression_Starr,5,0.7370529861846328,0.4009011894963769,0.5107975514646098,0.5944531799330597,0.5011633708925154,0.6465806430529413,0.8498275852629156,0.7607447323516711,595,1273
25,ESM-2 650M,viral,Pooled Split,IAV_PB2_Soh,1,0.3166595186404004,0.5550451009721535,0.8492397059548491,0.2602029002951578,0.5595372218303599,0.7581385676125707,0.5750216027111952,0.5250339074695357,606,759
26,ESM-2 650M,viral,Pooled Split,IAV_PB2_Soh,2,0.3160174521901178,0.5551033525260112,0.8408391661716287,0.2499633193648974,0.5641723747058395,0.8050387383806695,0.5769433182680612,0.514101576270952,582,759
27,ESM-2 650M,viral,Pooled Split,IAV_PB2_Soh,3,0.3124603111539298,0.5452225023335406,0.8324038151635411,0.2785962299996635,0.5726648892581384,0.8360026401845247,0.5832566705691543,0.5322924718138182,598,759
28,ESM-2 650M,viral,Pooled Split,IAV_PB2_Soh,4,0.3136386483230807,0.5487732480986988,0.8366322363624822,0.2595058439430706,0.5625612389925028,0.8257437257710263,0.5793815583093495,0.5287844050147238,560,759
29,ESM-2 650M,viral,Pooled Split,IAV_PB2_Soh,5,0.3189805653974251,0.5371840212287831,0.7924169645455663,0.2171123516317646,0.5871651019792474,1.0128517419256649,0.5907970806868008,0.5353203375117473,572,759
30,ESM-2 650M,viral,Pooled Split,IAV_RDRP_Li,1,0.3210036561567418,0.6662878408758833,0.8265129739823649,0.2523418048210701,0.6961541323133956,0.8540827412696049,0.5712914699517629,0.5004495684259048,516,757
31,ESM-2 650M,viral,Pooled Split,IAV_RDRP_Li,2,0.3185925584527219,0.6694845212662804,0.8286201882129399,0.2462465495905585,0.6863586703767508,0.854587207830952,0.5705142975961487,0.4954083699345174,503,757
32,ESM-2 650M,viral,Pooled Split,IAV_RDRP_Li,3,0.3120782689962461,0.6701323109135997,0.8304130790944106,0.2580394769907115,0.6916791161464406,0.8569043307366614,0.5640539166383534,0.5061935718572195,501,757
33,ESM-2 650M,viral,Pooled Split,IAV_RDRP_Li,4,0.3236067134309933,0.6645134080675903,0.8253446734231125,0.2449431471148331,0.6991103436049979,0.8562642577701645,0.5712172370351919,0.4995116470603845,523,757
34,ESM-2 650M,viral,Pooled Split,IAV_RDRP_Li,5,0.3124287610889941,0.6698930129175215,0.8293192292158348,0.2394966813885699,0.7053747123531448,0.871271244834539,0.5636386341582443,0.4911038469698173,500,757
35,ESM-2 650M,viral,Pooled Split,SARS2_MRPO_Flynn,1,0.5697448960912489,0.5331591242630562,0.6539819873733057,0.46395388184715,0.6009773273858728,0.7405493416364025,0.7231813995580517,0.6659739530312072,420,306
36,ESM-2 650M,viral,Pooled Split,SARS2_MRPO_Flynn,2,0.5591781064949111,0.542797491102573,0.6640595912434702,0.4582437529095623,0.5966256201939889,0.7354759362852169,0.7168884861884414,0.637251459811103,385,306
37,ESM-2 650M,viral,Pooled Split,SARS2_MRPO_Flynn,3,0.563765396651829,0.5365617229541353,0.6586217538006193,0.4799996293097007,0.6012584472305691,0.7290676624990348,0.7183900648427148,0.664947133420907,413,306
38,ESM-2 650M,viral,Pooled Split,SARS2_MRPO_Flynn,4,0.5680454003242499,0.5401599095718604,0.6603464539880004,0.4686980628345579,0.5803913003993363,0.7140830300449944,0.7260500683234175,0.646165177428409,412,306
39,ESM-2 650M,viral,Pooled Split,SARS2_MRPO_Flynn,5,0.5643744492851952,0.5413577984088073,0.6617356501473572,0.4777845199884537,0.5769751562644563,0.7150692120937103,0.7211065974092116,0.6692680093788297,409,306
40,ESM-2 650M,viral,Pooled Split,SARS2_XBB15_RBD_Taylor,1,0.637528649937994,0.4575316954495519,0.6001934428915646,0.5130115372253244,0.5329706735876806,0.7053268929205929,0.6787671098625206,0.6366037966353806,381,201
41,ESM-2 650M,viral,Pooled Split,SARS2_XBB15_RBD_Taylor,2,0.7304301750024675,0.396298036598829,0.5229129877293859,-2.0163889487961373,0.5732746896934092,1.684440941832256,0.7232093696793039,0.5961526505585399,622,201
42,ESM-2 650M,viral,Pooled Split,SARS2_XBB15_RBD_Taylor,3,0.6390018234546659,0.4590865296002053,0.6009451577546614,0.5310144819110529,0.5212864214164402,0.6843033137700159,0.6872500034729597,0.5971874336742473,386,201
43,ESM-2 650M,viral,Pooled Split,SARS2_XBB15_RBD_Taylor,4,0.7080226505356696,0.4077089560413165,0.5379450683830957,-0.4533329973461668,0.5584596743962045,1.2267409329023011,0.7076799337929603,0.6159649003199169,551,201
44,ESM-2 650M,viral,Pooled Split,SARS2_XBB15_RBD_Taylor,5,0.6171011399125466,0.4810396187292744,0.6267553008953146,0.4418753140759662,0.5208109470220881,0.7064931790869003,0.670208249399279,0.607584460452637,330,201
45,ESM-2 650M,viral,Pooled Split,HIV1_HV1B9_ENV_DuenasDecamp,1,0.3918154597082449,0.5686850383003335,0.7845634026604189,0.2070121639571477,0.6337444964868268,0.8685367116855647,0.624784328519463,0.3195821770187274,35,853
46,ESM-2 650M,viral,Pooled Split,HIV1_HV1B9_ENV_DuenasDecamp,2,0.4813618483715868,0.4694951829850254,0.6685028846911426,0.2214525194477878,0.8121219533967449,1.07167249488481,0.6469989682116947,0.5087446798787386,61,853
47,ESM-2 650M,viral,Pooled Split,HIV1_HV1B9_ENV_DuenasDecamp,3,0.5319143982463466,0.530401996873475,0.7123615581782746,-0.1305088685035045,0.569894097664739,0.8222943897627564,0.6859337994288991,0.4758286673938443,57,853
48,ESM-2 650M,viral,Pooled Split,HIV1_HV1B9_ENV_DuenasDecamp,4,0.5223298455510306,0.5130665198381951,0.6941001398347468,0.3223228836027887,0.6113108614822196,0.8072235575086582,0.6806995776016759,0.557545418319573,63,853
49,ESM-2 650M,viral,Pooled Split,HIV1_HV1B9_ENV_DuenasDecamp,5,0.5766654431417217,0.471039645922629,0.6681914466527458,-0.0549819173949595,0.6743094298184571,0.9026396528211532,0.6872739212101888,0.4143693749950718,61,853
50,ESM-2 650M,viral,Pooled Split,CVB3_2C_Alvarez,1,0.5232518954133913,0.5669157235206056,0.6900792163338346,0.4610720290208987,0.6040016015511963,0.7357327879631319,0.7425729347477261,0.7027090962202363,400,329
51,ESM-2 650M,viral,Pooled Split,CVB3_2C_Alvarez,2,0.5262645843810034,0.5653273313406149,0.6879509801936724,0.4785545385083138,0.5973865826354713,0.7234574407175437,0.743353599778249,0.7174512775555855,398,329
52,ESM-2 650M,viral,Pooled Split,CVB3_2C_Alvarez,3,0.5274937713438834,0.5617616294047341,0.6847740446785475,0.4680763914822693,0.6050216377578372,0.7400692196250311,0.74710144837123,0.7048050319811207,423,329
53,ESM-2 650M,viral,Pooled Split,CVB3_2C_Alvarez,4,0.5319181624672011,0.5618252811295412,0.6851395136363855,0.4428919837696964,0.6085073376528856,0.741349854216176,0.7487143101225102,0.6848823847525362,401,329
54,ESM-2 650M,viral,Pooled Split,CVB3_2C_Alvarez,5,0.5297640619106019,0.5642324771653071,0.6885814064284602,0.4301729288018062,0.6127495977085948,0.7417681324472154,0.7443084464016992,0.6886853555133912,392,329
55,ESM-2 650M,viral,Pooled Split,IAV_H1_NP_Doud,1,0.3467244407791047,0.6364744844850285,0.8084786660645583,0.203868800891339,0.7096918040220483,0.8912722520838168,0.6011750588044761,0.4576627245779198,703,498
56,ESM-2 650M,viral,Pooled Split,IAV_H1_NP_Doud,2,0.3485212687713005,0.6362689718461106,0.8044388800326296,0.2222969139408183,0.6929103462989893,0.892808392702018,0.5987855357959204,0.4918562440745235,740,498
57,ESM-2 650M,viral,Pooled Split,IAV_H1_NP_Doud,3,0.3546990078173592,0.6364862276511578,0.8053296625032058,0.2070202450303945,0.69196635313786,0.8810460962399279,0.6055393981910818,0.4638831365526471,762,498
58,ESM-2 650M,viral,Pooled Split,IAV_H1_NP_Doud,4,0.3483447537466951,0.6392058659611222,0.8095101886843181,0.2210967258318853,0.6937464616277791,0.8725695225129515,0.5998359679369083,0.4784833905785809,722,498
59,ESM-2 650M,viral,Pooled Split,IAV_H1_NP_Doud,5,0.3291434782888015,0.6464043812295098,0.8195727828636817,0.2212701314132645,0.6975203352234811,0.8802292117489127,0.5858193956550228,0.4783673456094932,625,498
60,ESM-2 650M,viral,Pooled Split,CVB3_3C_Alvarez,1,0.5735193271047743,0.5172867695249618,0.6548623739782884,0.4946719002877654,0.5675027565748643,0.7027241259109966,0.7423640560180275,0.7082978894010309,358,183
61,ESM-2 650M,viral,Pooled Split,CVB3_3C_Alvarez,2,0.5576974714902699,0.5304213210014025,0.665487259144936,0.5453074648710863,0.5358635211097257,0.6724876346272474,0.7382848583818359,0.717832018412367,362,183
62,ESM-2 650M,viral,Pooled Split,CVB3_3C_Alvarez,3,0.5723558941696565,0.5251551281033728,0.6591550326064771,0.4618037508542939,0.5692536720510446,0.7089787686965802,0.7449984585988265,0.675018993737505,347,183
63,ESM-2 650M,viral,Pooled Split,CVB3_3C_Alvarez,4,0.5751144486887798,0.5176590013063203,0.6513621217751868,0.4746932913429708,0.5838579470065769,0.7268120530215962,0.7421291874047997,0.6852365176364473,360,183
64,ESM-2 650M,viral,Pooled Split,CVB3_3C_Alvarez,5,0.5795034795876366,0.5093522640744157,0.644292078147683,0.4899293617337106,0.5835866149731848,0.7313307534444038,0.7428583388045609,0.7077619172898885,365,183
65,ESM-2 650M,viral,Pooled Split,IAV_H1_HA_Doud,1,0.5567355383407426,0.5342171208156805,0.6660131548695816,0.4530534945688647,0.5899486701149269,0.7385061732643347,0.7627106727588658,0.6965285123319358,700,565
66,ESM-2 650M,viral,Pooled Split,IAV_H1_HA_Doud,2,0.5467919136987607,0.5426734246504463,0.6763670846986782,0.4710536837883263,0.5724389360177217,0.7129890253190297,0.7592092965209161,0.7040767914029807,652,565
67,ESM-2 650M,viral,Pooled Split,IAV_H1_HA_Doud,3,0.5542125028838563,0.5369343609043637,0.6680915035587067,0.4578334300347371,0.5864638866839625,0.734374928729962,0.7639734023981242,0.7019330879812096,674,565
68,ESM-2 650M,viral,Pooled Split,IAV_H1_HA_Doud,4,0.5560192620751803,0.5346063120327837,0.6673064494650066,0.4711734288872072,0.5790585077778158,0.7228318067636247,0.7642909403051678,0.706365255806374,683,565
69,ESM-2 650M,viral,Pooled Split,IAV_H1_HA_Doud,5,0.549593702500814,0.5368393133609909,0.6699684023709046,0.4867601352644898,0.5769830177910741,0.7212178359346968,0.7610897856954829,0.7149955710917059,683,565
70,ESM-2 650M,viral,Pooled Split,IAV_PA_Wu,1,0.0994088338985532,0.6453150594701818,0.9917150445647456,0.0312876616351729,0.5918336800239881,0.7778321789772616,0.3448713229585964,0.2275990510112552,62,716
71,ESM-2 650M,viral,Pooled Split,IAV_PA_Wu,2,0.0919902075549164,0.6457833585159646,0.9881687268125278,0.010747733338781,0.6099107511378882,0.8269945975202374,0.347480475990481,0.1938213716544974,49,716
72,ESM-2 650M,viral,Pooled Split,IAV_PA_Wu,3,0.099842126239667,0.6073193099349138,0.8710515182199079,0.004422391896356,0.7078300093506465,1.266464556697521,0.3228068902442129,0.200924107026224,60,716
73,ESM-2 650M,viral,Pooled Split,IAV_PA_Wu,4,0.1422003020877781,0.5958259917038379,0.8828791098358227,0.0140374098408317,0.7031942364154806,1.1590775117041483,0.3915212819585008,0.1913029804132969,77,716
74,ESM-2 650M,viral,Pooled Split,IAV_PA_Wu,5,0.1117458181454389,0.6173754393681209,0.9588370947215146,0.0717075470181557,0.6354543265940311,0.8932431144777744,0.3599773499041673,0.3066663291046649,78,716
75,ESM-2 650M,viral,Pooled Split,IAV_H5_HA_Dadonaite,1,0.5194893470757045,0.5678070291367416,0.6922676543862176,0.4631428965508498,0.6009284303277365,0.7365841895835521,0.7168081675579049,0.6784089979270057,529,567
76,ESM-2 650M,viral,Pooled Split,IAV_H5_HA_Dadonaite,2,0.5241294139273986,0.5667615334430699,0.6905061279273332,0.4349324444197552,0.6099459941443325,0.7485574853190432,0.7199100392973445,0.6621895564052285,509,567
77,ESM-2 650M,viral,Pooled Split,IAV_H5_HA_Dadonaite,3,0.5228184320639131,0.5685408996979119,0.6917061765890458,0.4503528000903207,0.5995938601737638,0.7366141806434249,0.719806790548095,0.6566345929014952,535,567
78,ESM-2 650M,viral,Pooled Split,IAV_H5_HA_Dadonaite,4,0.5206935171208131,0.5672099645575378,0.6913110224207396,0.4514787398358137,0.6073743438954172,0.7449212203395041,0.7193518959237453,0.6682693257236993,514,567
79,ESM-2 650M,viral,Pooled Split,IAV_H5_HA_Dadonaite,5,0.5199996192826506,0.5699949500652963,0.6921629426742583,0.4571636056191015,0.5997298781319529,0.7394648428308779,0.7196655961857005,0.6677284712223511,525,567
80,ESM-2 650M,viral,Pooled Split,CVB3_3A_Alvarez,1,0.7016726850375934,0.4354592214802146,0.5443560214937145,0.4923168730679402,0.5832843733330275,0.7220270291177525,0.835456970954845,0.7365289773867186,309,89
81,ESM-2 650M,viral,Pooled Split,CVB3_3A_Alvarez,2,0.717437486064422,0.4297112888294018,0.5309136548115203,0.5216943057212757,0.5386327231692521,0.6946678236356743,0.8449797269589026,0.744204416278741,345,89
82,ESM-2 650M,viral,Pooled Split,CVB3_3A_Alvarez,3,0.6856850394123912,0.4551114486918566,0.5609173813122723,0.5439610400717623,0.552153005949648,0.6738403710764509,0.832656879723804,0.7639281897657848,285,89
83,ESM-2 650M,viral,Pooled Split,CVB3_3A_Alvarez,4,0.6359022109974231,0.4982559968260013,0.603851251040116,0.5814653479766682,0.5194879550837179,0.6450231885259979,0.813456463847215,0.7739467373698962,232,89
84,ESM-2 650M,viral,Pooled Split,CVB3_3A_Alvarez,5,0.729166225989602,0.4157114860232157,0.5194120655942402,0.5273619666888766,0.5554090971653132,0.6927692280149996,0.8497545715957685,0.7436843132202892,346,89
85,ESM-2 650M,viral,Pooled Split,IAV_H1_HA_Wu,1,0.0780194156959137,0.4454786800894001,0.986672511206748,0.0306389607886928,0.4633168897281181,0.8670198015151489,0.4321306589044394,0.351956848348488,59,565
86,ESM-2 650M,viral,Pooled Split,IAV_H1_HA_Wu,2,0.0876611706750623,0.4115430336443723,0.8067091868551,0.0256809013725261,0.5150822780755895,1.4421413098796616,0.4201657482065324,0.4024466532219976,57,565
87,ESM-2 650M,viral,Pooled Split,IAV_H1_HA_Wu,3,0.0678399864508408,0.4390855932915242,0.955129163065583,0.0510589719263208,0.4555144091802395,1.0147912461703157,0.4081435410699881,0.4032561467054303,46,565
88,ESM-2 650M,viral,Pooled Split,IAV_H1_HA_Wu,4,0.1210825484679419,0.4247393747148947,0.9474969018628971,0.0268598654494606,0.4851947411890226,0.9426652658569276,0.45037077623768,0.3254674852675334,109,565
89,ESM-2 650M,viral,Pooled Split,IAV_H1_HA_Wu,5,0.0379626169595717,0.4471069478119132,0.9985689841699634,0.0334183473252315,0.4649925108274546,0.9081199271063676,0.3549519879777603,0.3990050595663108,8,565
90,ESM-2 650M,viral,Pooled Split,CVB3_POLG_Mattenberger,1,0.3483077400663091,0.6309374726355866,0.8032229390101738,0.3187671456247317,0.664563808551616,0.8415737557085763,0.5795050366019824,0.5481742577456297,581,2185
91,ESM-2 650M,viral,Pooled Split,CVB3_POLG_Mattenberger,2,0.3530459116682526,0.6330261529091836,0.8054748040828399,0.284178902567845,0.6656588598180009,0.8404376983549193,0.5816988220511011,0.5140029257598145,577,2185
92,ESM-2 650M,viral,Pooled Split,CVB3_POLG_Mattenberger,3,0.3497372181649448,0.6312413083078332,0.802451573598103,0.3105629242307119,0.665644663888211,0.8462825442079074,0.5794291607670166,0.5426029989538854,560,2185
93,ESM-2 650M,viral,Pooled Split,CVB3_POLG_Mattenberger,4,0.3513756018401996,0.6314001495047461,0.8028347862349803,0.3065260438359152,0.6638848910752774,0.8431606325862163,0.5796880884613442,0.5372830121726131,574,2185
94,ESM-2 650M,viral,Pooled Split,CVB3_POLG_Mattenberger,5,0.3513718918297329,0.6295526224324949,0.8009321828189172,0.3117452269401727,0.6670494554858949,0.847381123815622,0.5780003350531203,0.5589244107261652,578,2185
95,ESM-2 650M,viral,Pooled Split,CVB3_2A_Alvarez,1,0.6668358165519617,0.4471371139752846,0.5830189558561357,0.5860348987368063,0.4494165782414704,0.613450749819158,0.742487834502468,0.6821931536340422,264,150
96,ESM-2 650M,viral,Pooled Split,CVB3_2A_Alvarez,2,0.6730262593349148,0.4364149908672585,0.5736428780245234,0.5823734158408529,0.4824552729890689,0.6377798225043033,0.7507666695575483,0.6786405534316786,261,150
97,ESM-2 650M,viral,Pooled Split,CVB3_2A_Alvarez,3,0.667105874239281,0.441984454483787,0.5805655871641144,0.5757851650524453,0.4871290134012829,0.634824372346135,0.7407804546358892,0.6881557817507,268,150
98,ESM-2 650M,viral,Pooled Split,CVB3_2A_Alvarez,4,0.6594764369497913,0.4469672544056233,0.5871918001552546,0.5952035891348721,0.4663746409478133,0.6199704093432998,0.748345805882357,0.6749455280719633,251,150
99,ESM-2 650M,viral,Pooled Split,CVB3_2A_Alvarez,5,0.6595799634117299,0.4394997254621138,0.5802140482441952,0.5802574866309348,0.5108541547597173,0.6620491929890358,0.7403946946240445,0.7106948976061184,233,150
100,ESM-2 650M,viral,Pooled Split,IAV_H3_NP_Doud,1,0.4544070593544352,0.5774325277937643,0.7338077939812641,0.3285746292896881,0.6560028224278874,0.8399468672686802,0.6519803737415668,0.5467863153715187,881,498
101,ESM-2 650M,viral,Pooled Split,IAV_H3_NP_Doud,2,0.4674515582034044,0.5719474041766277,0.728369789748749,0.305641083180582,0.656942979002205,0.8391733913523206,0.664234060349027,0.5321146628245063,909,498
102,ESM-2 650M,viral,Pooled Split,IAV_H3_NP_Doud,3,0.4546037106802106,0.5815036982311846,0.7390942001870885,0.3012834213789281,0.6489743178718517,0.8331968036658287,0.6501872745399832,0.5419597502233875,820,498
103,ESM-2 650M,viral,Pooled Split,IAV_H3_NP_Doud,4,0.470491696722051,0.5714679634419105,0.7266277728335145,0.3376927500141174,0.6413507653104314,0.8184806752901284,0.6656615057901923,0.5596648080403948,977,498
104,ESM-2 650M,viral,Pooled Split,IAV_H3_NP_Doud,5,0.4672439079444571,0.5756264375569862,0.7303763034064997,0.3389697936734647,0.6424146512901121,0.8108525840247834,0.6620880768280658,0.5422589175383932,964,498
105,ESM-2 650M,viral,Pooled Split,BPP22_COAT_Tsuboyama,1,0.9170423122720672,0.2109112236629764,0.2878042508103225,0.8383811741199564,0.2925814810611514,0.4032322482872519,0.9410972680918124,0.8824004093843489,168,40
106,ESM-2 650M,viral,Pooled Split,BPP22_COAT_Tsuboyama,2,0.9243267916368192,0.2012505893055992,0.2797355722411889,0.8093797378939207,0.3061419331111839,0.4051204130296336,0.9411358595004264,0.9013580538497872,186,40
107,ESM-2 650M,viral,Pooled Split,BPP22_COAT_Tsuboyama,3,0.9119072542320028,0.2193733680002672,0.3010279887123912,0.8056542623571195,0.3084516547741124,0.4129303353705497,0.940982612457524,0.8502755471579277,140,40
108,ESM-2 650M,viral,Pooled Split,BPP22_COAT_Tsuboyama,4,0.9447983784491484,0.1621742886695064,0.2239731364320682,0.7811592140734326,0.3853852175592767,0.5457367350439897,0.9601746606138848,0.8616280900645565,218,40
109,ESM-2 650M,viral,Pooled Split,BPP22_COAT_Tsuboyama,5,0.9028660916990942,0.223565639226917,0.3107046358724773,0.8414219683541744,0.2997859200959558,0.3976353824408609,0.9336654079508058,0.910899858290033,142,40
110,ESM-2 650M,viral,Pooled Split,SARS2_BA1_SPIKE_Dadonaite,1,0.3775970362397443,0.62455254891351,0.7905736013809771,0.2364805216005387,0.6807899512370705,0.86626260762092,0.5634913429825473,0.4474711713558936,559,1249
111,ESM-2 650M,viral,Pooled Split,SARS2_BA1_SPIKE_Dadonaite,2,0.3551090561180445,0.6327055054009192,0.8007369394988328,0.270482441587532,0.6779528220150776,0.8636141605122052,0.5415716494437386,0.4833424331130601,480,1249
112,ESM-2 650M,viral,Pooled Split,SARS2_BA1_SPIKE_Dadonaite,3,0.3828139572729421,0.6198948935440498,0.7863837148592654,0.2476363170163654,0.6744791131157909,0.863922855308631,0.5598384944267478,0.4705485729418913,576,1249
113,ESM-2 650M,viral,Pooled Split,SARS2_BA1_SPIKE_Dadonaite,4,0.3926357836208186,0.6133130720203865,0.7809024722292254,0.2436008954990735,0.6775370460019232,0.8626236065928445,0.5659332421731162,0.4692166521271836,621,1249
114,ESM-2 650M,viral,Pooled Split,SARS2_BA1_SPIKE_Dadonaite,5,0.3642620133600076,0.6278061371009368,0.7963187507617151,0.2665820896220059,0.6780140258285468,0.8606296053730127,0.5432922320769602,0.465713542402324,505,1249
115,ESM-2 650M,viral,Pooled Split,CVB3_3B_Alvarez,1,0.77718651531536,0.3770960020561096,0.4719962453559713,0.5734439911516573,0.5101188652637724,0.6490293516410096,0.8398086312001807,0.7551446907232234,107,22
116,ESM-2 650M,viral,Pooled Split,CVB3_3B_Alvarez,2,0.7069976377145624,0.4472437617275023,0.551681396076039,0.466128340349528,0.5293095900281414,0.636248336928769,0.8395403981694756,0.6609989786928304,71,22
117,ESM-2 650M,viral,Pooled Split,CVB3_3B_Alvarez,3,0.726905489945592,0.4295325231803132,0.5234245639330799,0.5441095738459885,0.5060526333286183,0.6654857254350809,0.8424514041560672,0.7522430664004225,93,22
118,ESM-2 650M,viral,Pooled Split,CVB3_3B_Alvarez,4,0.7499741171520757,0.4067383385347373,0.5042747980677654,0.5389220918861706,0.5385912218974123,0.6552391357704712,0.8411864637747508,0.7287303820786336,97,22
119,ESM-2 650M,viral,Pooled Split,CVB3_3B_Alvarez,5,0.7401813184924785,0.4056130727960326,0.504385649997183,0.5854357061295199,0.5297800396705896,0.6674981724238515,0.8351150484283723,0.7511876227879981,89,22
120,ESM-2 650M,viral,Pooled Split,SARS2_RBD_binding_Starr,1,0.6713898004107159,0.4141271758577574,0.5726246703870295,0.6222317959280839,0.453559861321162,0.6172600754703514,0.7016829543492447,0.6342412209739904,445,1273
121,ESM-2 650M,viral,Pooled Split,SARS2_RBD_binding_Starr,2,0.6819087883519612,0.4037385270755512,0.5573975013902261,0.5591697280202148,0.4988078289488997,0.693502807735335,0.7082516527499417,0.6390886607096691,439,1273
122,ESM-2 650M,viral,Pooled Split,SARS2_RBD_binding_Starr,3,0.677539754137275,0.4144056646160354,0.5694933900672922,0.5596957413803275,0.4747731131809469,0.6558403206730308,0.7038188286362068,0.6428038935186424,427,1273
123,ESM-2 650M,viral,Pooled Split,SARS2_RBD_binding_Starr,4,0.676808735650514,0.4052369164626658,0.5615626632961824,0.5481375817779228,0.4859025431560723,0.7027047888310008,0.6995447818990561,0.6799952568251688,444,1273
124,ESM-2 650M,viral,Pooled Split,SARS2_RBD_binding_Starr,5,0.6712340802833175,0.4106309175688583,0.5682961095485929,0.6034888534515894,0.4658682232002898,0.6509140682686644,0.6983644354259119,0.6580794184842205,429,1273
125,ESM-2 650M,viral,Pooled Split,CVB3_2B_Alvarez,1,0.6106806863881942,0.5058986391942305,0.6256122843930917,0.4836789315972777,0.5810902732807506,0.7106933248026422,0.8008759031679454,0.7248137488352154,205,99
126,ESM-2 650M,viral,Pooled Split,CVB3_2B_Alvarez,2,0.6029387287796818,0.5147248567718211,0.6294073935514477,0.5079707768958439,0.570346420043183,0.7045957943843878,0.7983905316485822,0.7403363845395735,208,99
127,ESM-2 650M,viral,Pooled Split,CVB3_2B_Alvarez,3,0.606969530228133,0.5089064787637675,0.6248848194384582,0.526458966045311,0.5658584854811757,0.6969913051802323,0.7988534909553674,0.7501814577532753,206,99
128,ESM-2 650M,viral,Pooled Split,CVB3_2B_Alvarez,4,0.5997936434527313,0.5168312178853534,0.6333629296681955,0.4823832917682755,0.5812633721623699,0.7157229849957162,0.7953606422812373,0.7212306405178309,202,99
129,ESM-2 650M,viral,Pooled Split,CVB3_2B_Alvarez,5,0.6226833666819436,0.4965706380716129,0.6134685400124704,0.4358783776811481,0.6125689383960383,0.7481202811937345,0.8100318433165784,0.6867988389095825,211,99
130,ESM-2 650M,viral,Pooled Split,SARS2_PRD0038_RBD_Starr,1,0.5796598545987548,0.4759725316766826,0.6558525221824079,0.4858053829195807,0.4992327968258426,0.6819343371952685,0.6162636561234474,0.5525765151762118,260,200
131,ESM-2 650M,viral,Pooled Split,SARS2_PRD0038_RBD_Starr,2,0.5972149540990023,0.4531526386036643,0.6269861105059913,0.4060691089951642,0.5301774764579317,0.8057994591855117,0.6224374424632064,0.5651658433655161,260,200
132,ESM-2 650M,viral,Pooled Split,SARS2_PRD0038_RBD_Starr,3,0.5689232772637205,0.4858249978123242,0.6624131702733028,0.4611471947236236,0.4998046532366026,0.705939341627549,0.6088545185956231,0.5236032817518373,253,200
133,ESM-2 650M,viral,Pooled Split,SARS2_PRD0038_RBD_Starr,4,0.5770395919077799,0.4660489402696312,0.6481993621663034,0.5112319986939806,0.5232535407085246,0.7082960465338378,0.614191118664988,0.5555888763696819,257,200
134,ESM-2 650M,viral,Pooled Split,SARS2_PRD0038_RBD_Starr,5,0.6029683095580807,0.4567390758942128,0.630628806823248,0.4885439396473603,0.4936397946536628,0.7127767314750575,0.6225292332466453,0.6089033415199634,277,200
135,ESM-2 650M,viral,Pooled Split,NIPAH_F_Larsen,1,0.5382799853167676,0.5440548126311603,0.6819629049300817,0.4246667468715485,0.5875441958254085,0.7472259821927947,0.6772798637241872,0.5867812178947862,562,602
136,ESM-2 650M,viral,Pooled Split,NIPAH_F_Larsen,2,0.5331437786484794,0.5440275769118271,0.6849817984898635,0.4625816259438038,0.5734134641217876,0.725536600173004,0.6688981619459844,0.6312134477814612,574,602
137,ESM-2 650M,viral,Pooled Split,NIPAH_F_Larsen,3,0.5275009292926978,0.5482412372338541,0.6870918686591612,0.4651170146283362,0.5795531631755998,0.7325287951524065,0.6700270143622602,0.616084010368868,573,602
138,ESM-2 650M,viral,Pooled Split,NIPAH_F_Larsen,4,0.5340783626531138,0.5438512897768525,0.683433976825335,0.4454430064969205,0.5868832542282256,0.7409307354443608,0.672796661929261,0.6057864731353803,578,602
139,ESM-2 650M,viral,Pooled Split,NIPAH_F_Larsen,5,0.5293395662121809,0.5450237501758844,0.6841659911281287,0.4588223110956483,0.5948809321008167,0.7436435336667321,0.6717464721856865,0.607760956770131,551,602
140,ESM-2 650M,viral,Pooled Split,RsYN04_RBD_Starr,1,0.4525470640602549,0.369941739599337,0.7462589168757113,0.3800430118112866,0.4012765232802018,0.7597230200257029,0.3645940981895977,0.3016173722096912,450,517
141,ESM-2 650M,viral,Pooled Split,RsYN04_RBD_Starr,2,0.5612755125956722,0.3609727646001786,0.6833651261769063,0.1375750030655168,0.4431596246072182,0.7996525563851168,0.3974721192170736,0.2732357038914295,598,517
142,ESM-2 650M,viral,Pooled Split,RsYN04_RBD_Starr,3,0.4812894129219874,0.3574705848199377,0.7105828570662123,0.3727024223992523,0.4335559128558998,0.8330195146142011,0.3946969993617961,0.3236720797255794,511,517
143,ESM-2 650M,viral,Pooled Split,RsYN04_RBD_Starr,4,0.4681979918266769,0.3815845786089402,0.7598982031333045,0.1831388047344597,0.4282488455865223,0.7314352476497823,0.3509939381754819,0.2674740435835085,392,517
144,ESM-2 650M,viral,Pooled Split,RsYN04_RBD_Starr,5,0.4407204092200203,0.3757267223268968,0.7542414577569707,0.3600194436501267,0.4243666309027811,0.7719964938894835,0.3512670811024566,0.2583663782543932,416,517
145,ESM-2 650M,viral,Pooled Split,SARS2_PLPRO_activity_Wu,1,0.5721420641570939,0.5392890588553272,0.6558690046209557,0.4694672686060946,0.587366567334269,0.7203516089558459,0.7413687673248808,0.6624528468096206,350,316
146,ESM-2 650M,viral,Pooled Split,SARS2_PLPRO_activity_Wu,2,0.5637616855484016,0.5441095693151898,0.6601060326534576,0.4651207955401049,0.6039687168171383,0.7327664622408285,0.7337095811349781,0.6643097433089323,347,316
147,ESM-2 650M,viral,Pooled Split,SARS2_PLPRO_activity_Wu,3,0.5772556662580647,0.5383262460974562,0.6522314575343752,0.4644345577966801,0.5828205479731663,0.7223259683296909,0.744035588392978,0.6649384566269011,371,316
148,ESM-2 650M,viral,Pooled Split,SARS2_PLPRO_activity_Wu,4,0.5658597307633513,0.5438944382731948,0.6595715131105332,0.4703170778386158,0.5983483966102632,0.7245324932343556,0.7366493966829868,0.6646821818977876,356,316
149,ESM-2 650M,viral,Pooled Split,SARS2_PLPRO_activity_Wu,5,0.5644629622438724,0.545566121347946,0.6614781077471032,0.5153898640924646,0.5653076195301266,0.6893368265977611,0.7366305620307959,0.6971321117708649,365,316
150,ESM-2 650M,viral,Pooled Split,SARS2_PLPRO_abundance_Wu,1,0.4907668768778717,0.55899522480782,0.702910587906476,0.3719074344680199,0.6715099200378488,0.8383455915366317,0.7234174710387535,0.612651968718408,473,316
151,ESM-2 650M,viral,Pooled Split,SARS2_PLPRO_abundance_Wu,2,0.5216471582615894,0.5484458545877063,0.6885652085181095,0.3498971081938178,0.64544920065213,0.8197912881574367,0.7391385566421104,0.620234455291652,535,316
152,ESM-2 650M,viral,Pooled Split,SARS2_PLPRO_abundance_Wu,3,0.4977691542955205,0.5622643296060309,0.7074674944738768,0.3517746356259883,0.6433541780728845,0.8106072936282064,0.7259107789512211,0.605814468112026,511,316
153,ESM-2 650M,viral,Pooled Split,SARS2_PLPRO_abundance_Wu,4,0.5108483115281226,0.5594273337360934,0.7016770555724381,0.3372851355712961,0.628413377480257,0.8030120683000549,0.7342664632723155,0.6046455063499698,478,316
154,ESM-2 650M,viral,Pooled Split,SARS2_PLPRO_abundance_Wu,5,0.5000025566588752,0.5586397695101663,0.7041147631797507,0.4025383717526067,0.6168915393038209,0.7858938674930388,0.7269555684637377,0.650649398402628,518,316
155,ESM-2 650M,viral,Pooled Split,IAV_H3_HA_Lee,1,0.4892788801249128,0.5713440241405174,0.712944646525552,0.4421491709686183,0.6043246537150571,0.753969315711524,0.720774957867099,0.6796068059726976,479,566
156,ESM-2 650M,viral,Pooled Split,IAV_H3_HA_Lee,2,0.4934513564566848,0.5695310443357839,0.7114532738881413,0.4226949212577144,0.6100037640302403,0.760873923802657,0.725132392084169,0.6664001423274191,489,566
157,ESM-2 650M,viral,Pooled Split,IAV_H3_HA_Lee,3,0.4887371617275446,0.571805936984401,0.7131746210602343,0.4312939586068315,0.6111873397327653,0.7618770350079818,0.7187483591375946,0.6779985964610521,482,566
158,ESM-2 650M,viral,Pooled Split,IAV_H3_HA_Lee,4,0.48794160563885,0.5725298698453458,0.7153007902649258,0.4198765334579554,0.6130176815975665,0.7626075834280428,0.7196900758519956,0.6634685058204172,476,566
159,ESM-2 650M,viral,Pooled Split,IAV_H3_HA_Lee,5,0.4846760338120272,0.5746025672924047,0.7175036158700581,0.4395200388538187,0.6058331092186802,0.7501337082447608,0.7155674417623856,0.6909226375331255,486,566
160,ESM-2 650M,viral,Pooled Split,HIV1_BG505_ENV_Haddox,1,0.4935007658917661,0.5786105651801307,0.7125359553836003,0.435253000750632,0.607556068509075,0.7478070340106474,0.7071049694276051,0.663279826937882,648,860
161,ESM-2 650M,viral,Pooled Split,HIV1_BG505_ENV_Haddox,2,0.4957196733171006,0.5775879735291533,0.7114314180601463,0.4092984588203896,0.6171692906715306,0.7628856918407391,0.7085918854186742,0.6371922438720937,615,860
162,ESM-2 650M,viral,Pooled Split,HIV1_BG505_ENV_Haddox,3,0.4967879013649696,0.5736573176455664,0.7060583997707662,0.4173766594703035,0.627202211877029,0.7773744971964001,0.7094297664805275,0.6487343764357271,635,860
163,ESM-2 650M,viral,Pooled Split,HIV1_BG505_ENV_Haddox,4,0.493804394981336,0.5776133614828975,0.7127384452137059,0.401655909304848,0.623547209623062,0.768001863233814,0.7072931816762529,0.6306724182816971,611,860
164,ESM-2 650M,viral,Pooled Split,HIV1_BG505_ENV_Haddox,5,0.4927895662415242,0.5775634500894162,0.7122420582574618,0.4364046013144851,0.6083667581848503,0.7504959522234727,0.7082485019949842,0.6547623164395288,647,860
165,ESM-2 650M,viral,Pooled Split,DENV_POLG_Suphatrakul,1,0.4152039856642087,0.6360639898092584,0.7619357961456835,0.3281077315538203,0.6993847319544805,0.8314522424081728,0.6589572931796891,0.5876932383191654,776,900
166,ESM-2 650M,viral,Pooled Split,DENV_POLG_Suphatrakul,2,0.4135967790393526,0.6416841830067694,0.7664058220390331,0.3462898541571608,0.6693408601724378,0.8056730888438166,0.6599602075334228,0.6058410935047899,799,900
167,ESM-2 650M,viral,Pooled Split,DENV_POLG_Suphatrakul,3,0.4096502781711812,0.6438566374067207,0.7690598527133616,0.3570332566196796,0.6646373024241274,0.7988498339684168,0.6562569080999369,0.6127060941959133,752,900
168,ESM-2 650M,viral,Pooled Split,DENV_POLG_Suphatrakul,4,0.4117529799394887,0.6425643790510931,0.7665060214301138,0.3449662603681757,0.6770189265746475,0.8111665310048276,0.6580230458399524,0.5989954853321366,786,900
169,ESM-2 650M,viral,Pooled Split,DENV_POLG_Suphatrakul,5,0.4129113087600623,0.6416103215620592,0.7674885512142497,0.3489411727027741,0.671824243506905,0.801505366040409,0.6586668012532226,0.6021169893352281,777,900
170,ESM-2 650M,viral,Pooled Split,LAMBDA_HCP_Tsuboyama,1,0.9456873055211676,0.1757083870048874,0.2332047005372415,0.8514588557722798,0.2907083805047653,0.384201845667145,0.947414629556349,0.8817976455276226,287,55
171,ESM-2 650M,viral,Pooled Split,LAMBDA_HCP_Tsuboyama,2,0.9443431460960628,0.1806532649181819,0.2383778787075632,0.8397302937416115,0.2935860530380293,0.382878656844962,0.9488083208845882,0.8585649666885364,285,55
172,ESM-2 650M,viral,Pooled Split,LAMBDA_HCP_Tsuboyama,3,0.9414518722309504,0.1827712978338065,0.2416407862720163,0.8281229992657199,0.3086564967354152,0.4164664891508993,0.9456074501447344,0.8715721730595872,262,55
173,ESM-2 650M,viral,Pooled Split,LAMBDA_HCP_Tsuboyama,4,0.9400996633413802,0.1836132292788135,0.2398840624216313,0.8450750098739365,0.2873643129543942,0.4115707087716816,0.9385351474663732,0.9244504541987378,277,55
174,ESM-2 650M,viral,Pooled Split,LAMBDA_HCP_Tsuboyama,5,0.9422081629388228,0.1797162256017948,0.2368892875097436,0.839586934164801,0.3079699058064525,0.4230839821488034,0.9463633759529916,0.8805668016194331,264,55
175,ESM-2 650M,viral,Pooled Split,CVB3_VP1_Alvarez,1,0.4940584320533122,0.5742123447101573,0.7121753621607354,0.3552090089852197,0.6424271314099093,0.7990038109472811,0.6889136720008996,0.6130667340767819,587,281
176,ESM-2 650M,viral,Pooled Split,CVB3_VP1_Alvarez,2,0.4963512585741951,0.569768502297096,0.7081990153340849,0.3479743432919189,0.6593713416657786,0.8138249180660809,0.6901674386435811,0.611166470308984,589,281
177,ESM-2 650M,viral,Pooled Split,CVB3_VP1_Alvarez,3,0.4809774781906816,0.5841199693469653,0.7208353903816399,0.3640837472347548,0.6509103898175473,0.7954191111421394,0.6885412466603762,0.6178585468999781,542,281
178,ESM-2 650M,viral,Pooled Split,CVB3_VP1_Alvarez,4,0.4897993280876017,0.5748941932276403,0.7125986221083507,0.3445367989477587,0.6650297578361679,0.8170069074201332,0.690077496760696,0.600684846444755,587,281
179,ESM-2 650M,viral,Pooled Split,CVB3_VP1_Alvarez,5,0.4722690681884643,0.5911275160439834,0.7266659742127405,0.3510043350418578,0.6527739012476479,0.804646795123002,0.6822474394573173,0.6027332639569563,528,281
180,ESM-2 650M,viral,Pooled Split,HIV1_BF520_ENV_Haddox,1,0.491891011810633,0.5734356340459047,0.7111776775081656,0.4213968210343783,0.6206753687379324,0.7675555544630145,0.7127179626241773,0.6536362821849097,641,852
181,ESM-2 650M,viral,Pooled Split,HIV1_BF520_ENV_Haddox,2,0.4965336832514605,0.5724368217052682,0.7094742186922002,0.4183922649372604,0.6176239177911149,0.7629458082089436,0.7129959107473383,0.6505147403497988,627,852
182,ESM-2 650M,viral,Pooled Split,HIV1_BF520_ENV_Haddox,3,0.4949310264595312,0.5725703290590094,0.7099258790462504,0.4192910145374487,0.6190905448353643,0.7652039395635303,0.7134731896776488,0.6528039961452762,627,852
183,ESM-2 650M,viral,Pooled Split,HIV1_BF520_ENV_Haddox,4,0.4940428452330154,0.5737020594612092,0.7106782783022451,0.4281911067681322,0.6108504579843683,0.7588226298505909,0.7134161652733532,0.6602962249912837,639,852
184,ESM-2 650M,viral,Pooled Split,HIV1_BF520_ENV_Haddox,5,0.4960391115353474,0.5771127405782902,0.7123298639197565,0.3961391612555905,0.6058992566091689,0.7660896681152966,0.7150308721409948,0.6305792987750276,637,852
185,ESM-2 650M,viral,Pooled Split,EV_REP_Bakhache,1,0.2901343200119033,0.7035544215449249,0.8414903694422547,0.2660589870830481,0.7195490489091665,0.8609262541839773,0.528882261698574,0.5094007694560848,500,1331
186,ESM-2 650M,viral,Pooled Split,EV_REP_Bakhache,2,0.2901502911427733,0.70397414415049,0.8419179262980765,0.2623452723938329,0.7189538019761986,0.8613418665575164,0.5279302810071693,0.5012870168050707,509,1331
187,ESM-2 650M,viral,Pooled Split,EV_REP_Bakhache,3,0.2929822783079921,0.7048044693396317,0.8428064000807273,0.2532815050019944,0.7159902155678524,0.855689971397698,0.5320861804549074,0.4939046706351207,511,1331
188,ESM-2 650M,viral,Pooled Split,EV_REP_Bakhache,4,0.2957578414054412,0.703029792538689,0.8402526834544426,0.243084417920787,0.7207055755986392,0.8654251847093257,0.5335333128617705,0.4860138135134739,502,1331
189,ESM-2 650M,viral,Pooled Split,EV_REP_Bakhache,5,0.2933562938586059,0.7016999189606542,0.8408927807989962,0.2612004259977091,0.7220262531740073,0.8584079067516891,0.5302579429244155,0.5032759044300943,502,1331
190,ESM-2 650M,viral,Pooled Split,CVB3_3D_Alvarez,1,0.4638044936043457,0.5984303429541142,0.7341385217225559,0.4211036014048126,0.6205571554363979,0.7529035904787541,0.6990856626731998,0.6758545617567953,305,462
191,ESM-2 650M,viral,Pooled Split,CVB3_3D_Alvarez,2,0.4616665399651443,0.5991145372336151,0.7331944522123465,0.4295880483930975,0.6186620342686735,0.7573576297599608,0.6994466750933713,0.6733290323480057,301,462
192,ESM-2 650M,viral,Pooled Split,CVB3_3D_Alvarez,3,0.4578090241453101,0.6053009383618428,0.7393843156482591,0.4510330933865141,0.5956656159790422,0.7283200201612483,0.6967835637498102,0.6907686576383549,311,462
193,ESM-2 650M,viral,Pooled Split,CVB3_3D_Alvarez,4,0.462473391770009,0.5957206584935026,0.7295714419179155,0.4285655105121545,0.6306983713783798,0.7703749064806059,0.6988307385263578,0.6777179972684009,319,462
194,ESM-2 650M,viral,Pooled Split,CVB3_3D_Alvarez,5,0.4600817511928528,0.6012699801192872,0.737232204457624,0.4307587322969467,0.61583756733215,0.7440762901374691,0.6996219126324925,0.6755918400642111,297,462
195,ESM-2 650M,viral,Pooled Split,CVB3_VP3_Alvarez,1,0.3854375845973713,0.6059379157963661,0.7850002261691361,0.307874264696124,0.6444062307942796,0.827419536415899,0.5939594192167204,0.5436032736962708,441,238
196,ESM-2 650M,viral,Pooled Split,CVB3_VP3_Alvarez,2,0.3962039331257427,0.5946503553214385,0.7711387678425132,0.2610469829117444,0.6840441688874933,0.8845489397262247,0.6013738038154298,0.5178859768965914,434,238
197,ESM-2 650M,viral,Pooled Split,CVB3_VP3_Alvarez,3,0.392146973149222,0.6052599014441035,0.7858567127007894,0.253164206342463,0.6599724098880587,0.8355907002139896,0.6012180478923786,0.5090915443522321,439,238
198,ESM-2 650M,viral,Pooled Split,CVB3_VP3_Alvarez,4,0.3920275588847448,0.6026384671842558,0.7831199618194911,0.2820956707565702,0.6606828123093492,0.8323019236089175,0.5991106814332067,0.5421296275180049,421,238
199,ESM-2 650M,viral,Pooled Split,CVB3_VP3_Alvarez,5,0.3826815548356246,0.6052629698489319,0.7852894555327232,0.292543301095027,0.6608014749122634,0.8427652637358302,0.5926849211856252,0.5492619135788616,416,238
200,ESM-2 650M,viral,Pooled Split,RmYN02_RBD_Starr,1,0.3564546710774592,0.3911675664958001,0.8206921754182303,0.0939014936915334,0.4500190981573507,0.8581738213949447,0.6131261758647252,0.5080956448830665,333,491
201,ESM-2 650M,viral,Pooled Split,RmYN02_RBD_Starr,2,0.3438675165741578,0.3941161237229515,0.8177940725318676,0.1457966752695971,0.4252550857757663,0.8870320227497523,0.6073031176281263,0.5571309587312624,307,491
202,ESM-2 650M,viral,Pooled Split,RmYN02_RBD_Starr,3,0.3327519237986447,0.3955656983060759,0.833497182450509,0.2638724044876809,0.4296472375355434,0.7840497726689913,0.6047734140374768,0.5210643257409122,337,491
203,ESM-2 650M,viral,Pooled Split,RmYN02_RBD_Starr,4,0.3788161074089426,0.3882598766507896,0.8039239609198008,0.1805174752944551,0.428032865169304,0.8288930618493953,0.612484633976777,0.5409304830506932,389,491
204,ESM-2 650M,viral,Pooled Split,RmYN02_RBD_Starr,5,0.3022814278789693,0.4113933373553069,0.825614640606906,0.1481331373856079,0.4568858266606598,0.9643165072599234,0.5691215117079026,0.5052791426742379,234,491
205,ESM-2 650M,viral,Site Split,IAV_H3_HA_Lee,1,0.2452123291256809,0.7167509193305945,0.8674026851422657,0.2103781476134698,0.7303595978827634,0.8937384958535114,0.5382766761909432,0.4865230533154935,43,566
206,ESM-2 650M,viral,Site Split,IAV_H3_HA_Lee,2,0.2156620348496684,0.7189914305822036,0.8727670577131312,0.2214687898154798,0.7660222953988911,0.928878055476776,0.5095990968655012,0.5309810271571057,33,566
207,ESM-2 650M,viral,Site Split,IAV_H3_HA_Lee,3,0.2756353634870047,0.7080747434567805,0.8611751452185601,0.1088437612459484,0.7385457146775091,0.8943660756076686,0.5658194400424303,0.3856592581847103,49,566
208,ESM-2 650M,viral,Site Split,IAV_H3_HA_Lee,4,0.2780590200342514,0.6847754815864492,0.837815113342819,0.2191072908316303,0.7673284053393086,0.9247319487408284,0.565401696348278,0.5099862064055009,79,566
209,ESM-2 650M,viral,Site Split,IAV_H3_HA_Lee,5,0.2523031179826845,0.712103431951733,0.868277888106208,0.1880787558959733,0.736585435577802,0.8858631142368688,0.5446287148060589,0.4686082697344755,44,566
210,ESM-2 650M,viral,Site Split,HIV1_BF520_ENV_Haddox,1,0.2204315199000638,0.7206836443894457,0.8771766241860737,0.1844712781804901,0.7638699721163346,0.9212714929505008,0.4745199768952108,0.418774183706595,75,852
211,ESM-2 650M,viral,Site Split,HIV1_BF520_ENV_Haddox,2,0.2080229603727575,0.7294857047492677,0.8864988942707284,0.1359807670458939,0.782487919464499,0.9435543438047616,0.4571181164289888,0.3699712831994739,62,852
212,ESM-2 650M,viral,Site Split,HIV1_BF520_ENV_Haddox,3,0.2418478230884844,0.7158102623583192,0.8712938891006711,0.1612532605202123,0.7445487164601579,0.910908032683634,0.4920211855512639,0.4033121822189798,87,852
213,ESM-2 650M,viral,Site Split,HIV1_BF520_ENV_Haddox,4,0.245848385873601,0.7170717499604343,0.8760079037509412,0.1408964691062141,0.7422458876953425,0.8912932270265028,0.4961409186215023,0.3776329897779473,82,852
214,ESM-2 650M,viral,Site Split,HIV1_BF520_ENV_Haddox,5,0.2594121309866058,0.7074687611221326,0.8622554434359097,0.1346875185801144,0.7525512629765974,0.9229492386144332,0.5092288893424676,0.3953065072439596,99,852
215,ESM-2 650M,viral,Site Split,SARS2_MRPO_Flynn,1,0.2755414975617704,0.7406465645959437,0.8533925960158517,0.0544490989278042,0.8358217343525797,0.961512772299324,0.4966306520582045,0.2307375711585361,76,306
216,ESM-2 650M,viral,Site Split,SARS2_MRPO_Flynn,2,0.0800747266138005,0.850390893333168,0.9508488665688412,-0.0404396308613914,0.9600524016702866,1.054176999804088,0.2550321044107533,0.1113350947807969,3,306
217,ESM-2 650M,viral,Site Split,SARS2_MRPO_Flynn,3,0.2034311293292013,0.7933009326070081,0.8980833286222667,0.1218758453224903,0.8081103710288018,0.9127340582633584,0.445320686319678,0.2636302031911106,46,306
218,ESM-2 650M,viral,Site Split,SARS2_MRPO_Flynn,4,0.230455033341986,0.7762930521357688,0.8852050780264047,0.0630937234085921,0.8243856414430938,0.9309629772677614,0.4555702136297277,0.2362659561870151,50,306
219,ESM-2 650M,viral,Site Split,SARS2_MRPO_Flynn,5,0.2172635710338226,0.7785875065269501,0.8852035222913307,0.0926254072264776,0.8300544476497965,0.9504287395648492,0.4529014832259325,0.2226466300845772,46,306
220,ESM-2 650M,viral,Site Split,CVB3_3B_Alvarez,1,0.7096990324053175,0.4472851803164452,0.5518858038404248,-0.5002393717322107,0.8368253462411375,0.9995187583052928,0.8465375323129444,0.5087716520430572,77,22
221,ESM-2 650M,viral,Site Split,CVB3_3B_Alvarez,2,0.646066966129548,0.4921359786318798,0.6127585764289714,-0.3319436146684733,0.8231849601195855,0.9760021793435252,0.8106494861759395,0.2088172463694679,48,22
222,ESM-2 650M,viral,Site Split,CVB3_3B_Alvarez,3,0.5710138595817391,0.4868568514637343,0.6115803582152441,0.010164410257999,0.968162525979649,1.1069976238302974,0.7663286437167043,0.3798072266683667,47,22
223,ESM-2 650M,viral,Site Split,CVB3_3B_Alvarez,4,0.7688820084970102,0.3812366675073222,0.4833672502891021,-0.4136113498735871,0.9831537315615182,1.126241115904404,0.8605097809658855,0.218549657118696,83,22
224,ESM-2 650M,viral,Site Split,CVB3_3B_Alvarez,5,0.589740354760236,0.5239909786518459,0.6457020328634282,0.1860825926784678,0.7533220353060786,0.8753034951959408,0.7790352283262265,0.4263705062957634,32,22
225,ESM-2 650M,viral,Site Split,CVB3_2B_Alvarez,1,0.1692769304814058,0.8193809257262629,0.9054736684412292,0.1862824803440461,0.8274142480896808,0.9138206583740032,0.4547726477230578,0.492992708248643,21,99
226,ESM-2 650M,viral,Site Split,CVB3_2B_Alvarez,2,0.2951336986094243,0.7488395826326263,0.8441579465222023,0.1553784813785915,0.7882205221795874,0.89868253463033,0.5930111865999158,0.3490536748783816,42,99
227,ESM-2 650M,viral,Site Split,CVB3_2B_Alvarez,3,0.3123218023654709,0.7364560693002189,0.8349204504704282,0.1863982578011938,0.7773692556792949,0.8765949343072441,0.616846817010118,0.4588553938443215,45,99
228,ESM-2 650M,viral,Site Split,CVB3_2B_Alvarez,4,0.2391113310348166,0.7865201378107856,0.8771442803990552,0.2075606499732597,0.7756948527996238,0.8681460434571746,0.5410629253880754,0.4903783899291979,32,99
229,ESM-2 650M,viral,Site Split,CVB3_2B_Alvarez,5,0.2739641812703921,0.746005509001842,0.8424349862712983,0.2410392525967313,0.8215574169684463,0.9051141714522786,0.5620346541469045,0.5325796959318989,35,99
230,ESM-2 650M,viral,Site Split,SARS2_RBD_expression_Starr,1,0.0258802711878418,0.8556767426799187,0.9720239490234696,-0.0276371417371585,0.906506841833852,1.0492808528982704,0.1100415439257125,0.1484653478547405,2,1273
231,ESM-2 650M,viral,Site Split,SARS2_RBD_expression_Starr,2,0.0613571676203318,0.8495965647084961,0.9611356459877932,0.0998467495062934,0.876115189781415,0.97799613937467,0.2175419788453831,0.2746438200038563,9,1273
232,ESM-2 650M,viral,Site Split,SARS2_RBD_expression_Starr,3,0.1733699379091361,0.7940136860796302,0.9063638053972772,-0.0203247526978174,0.9010033259563588,1.020630434937805,0.3855508735110713,0.0139191240796949,23,1273
233,ESM-2 650M,viral,Site Split,SARS2_RBD_expression_Starr,4,0.1160386247805312,0.8258364192802309,0.9333501308333492,0.0957257094579576,0.8591441334181145,0.977777088475006,0.3138876539847325,0.3156614634867495,14,1273
234,ESM-2 650M,viral,Site Split,SARS2_RBD_expression_Starr,5,0.2277970487730234,0.7659428513199148,0.8805162228446908,0.0268010224631861,0.832976995781482,0.9697337370825792,0.4214533496862269,0.2160924672588407,34,1273
235,ESM-2 650M,viral,Site Split,IAV_H1_HA_Wu,1,0.0327624350327739,0.4411114091143732,0.975836457742826,0.0384469374464012,0.469855924773795,1.0098597299537064,0.3503927383183565,0.3701660129898214,5,565
236,ESM-2 650M,viral,Site Split,IAV_H1_HA_Wu,2,0.0256692952616809,0.4678148780181471,0.956380026400206,0.0260493227712971,0.4262662126690644,1.0995237553298738,0.2874755719691302,0.3899922612030488,3,565
237,ESM-2 650M,viral,Site Split,IAV_H1_HA_Wu,3,0.0295634824402447,0.4595224305236654,1.004187488484312,0.0362520522125012,0.441124728366725,0.9018329937077052,0.3217298346544425,0.3770162249490509,4,565
238,ESM-2 650M,viral,Site Split,IAV_H1_HA_Wu,4,0.0334903198780099,0.4393661217014662,0.9465536953491543,0.0241203305634826,0.4950864043022906,1.1214251303812866,0.3416806043198676,0.3216336188698303,4,565
239,ESM-2 650M,viral,Site Split,IAV_H1_HA_Wu,5,0.0414200869392897,0.4508111944722355,1.001183062585039,0.0244332980016455,0.4588266047472583,0.8931002065160598,0.3816086684937078,0.2802746071424065,7,565
240,ESM-2 650M,viral,Site Split,IAV_NA_Jiang,1,5.519714574298007e-09,0.7983297331024939,0.9772267492321636,-0.0201370853666154,0.8210359356828072,1.0814765384805882,0.1633720878799711,0.1094294037626673,1,453
241,ESM-2 650M,viral,Site Split,IAV_NA_Jiang,2,1.1102230246251563e-16,0.7871648227317528,0.9715107695291684,-0.0896620433148591,0.9018569634463208,1.1094701057972132,,,0,453
242,ESM-2 650M,viral,Site Split,IAV_NA_Jiang,3,0.0,0.8083660714862557,1.0179894804894003,-0.010748036501113,0.7308041802863885,0.9308778849593972,,,0,453
243,ESM-2 650M,viral,Site Split,IAV_NA_Jiang,4,0.0,0.8633761055628978,1.061659074803862,-0.0346557202759572,0.5843063356379031,0.7404929359610631,,,0,453
244,ESM-2 650M,viral,Site Split,IAV_NA_Jiang,5,0.4883493542394401,0.5560232074685557,0.7233381091597239,-0.2559088755756415,0.8031047976279654,1.0005275874589634,0.7384698604676967,0.0253456221198156,35,453
245,ESM-2 650M,viral,Site Split,HIV1_BG505_ENV_Haddox,1,0.1773877015199222,0.763506891390418,0.901931624350312,0.1308756599791815,0.7961142192368108,0.9452840834228124,0.4156531282308744,0.3848974298380556,38,860
246,ESM-2 650M,viral,Site Split,HIV1_BG505_ENV_Haddox,2,0.1946092070420888,0.7631236963176109,0.9040008179403852,0.065322383586613,0.7833044045506007,0.9239632541827408,0.4338103486194106,0.3166218893222765,51,860
247,ESM-2 650M,viral,Site Split,HIV1_BG505_ENV_Haddox,3,0.1852362869753492,0.7657008438827796,0.9054106015195412,0.1232514257502016,0.7827949837275783,0.923712098075218,0.4292381821011938,0.3248946115941817,38,860
248,ESM-2 650M,viral,Site Split,HIV1_BG505_ENV_Haddox,4,0.1893116924553518,0.7617658346386902,0.9010694851840944,0.179898836992929,0.7617231615027177,0.9021384231160868,0.4295857918836733,0.438481176883353,52,860
249,ESM-2 650M,viral,Site Split,HIV1_BG505_ENV_Haddox,5,0.1820594604244447,0.7577547056060754,0.8977823203212477,0.1145071330242987,0.8142404893542816,0.958306869006086,0.4160308074810684,0.3629392846204589,32,860
250,ESM-2 650M,viral,Site Split,DENV_POLG_Suphatrakul,1,0.1253609130397942,0.8199454879394196,0.9315132181498668,0.1023784911820965,0.8608447517174609,0.9622070096429064,0.3757931466499889,0.3303463644861219,26,900
251,ESM-2 650M,viral,Site Split,DENV_POLG_Suphatrakul,2,0.1239883880436159,0.8217067026659728,0.9332775601033972,0.1047825206311219,0.8477328379049968,0.9567069990446216,0.3716812030808105,0.3328201895328412,27,900
252,ESM-2 650M,viral,Site Split,DENV_POLG_Suphatrakul,3,0.1185823080386858,0.8321601563241642,0.940696826012189,0.0978691855149306,0.8287030689275119,0.941886259259274,0.3702706036622454,0.3285940936521569,28,900
253,ESM-2 650M,viral,Site Split,DENV_POLG_Suphatrakul,4,0.102758173071863,0.8400972625512719,0.9467795321076856,0.0884019287722737,0.8494092509896827,0.9565005752810926,0.3499152460112074,0.3158711029371915,20,900
254,ESM-2 650M,viral,Site Split,DENV_POLG_Suphatrakul,5,0.110376168226255,0.8345465421805243,0.9428017216483544,0.104607643701663,0.8481684405998547,0.9473725910314664,0.354157605928188,0.3568204755811271,20,900
255,ESM-2 650M,viral,Site Split,NIPAH_F_Larsen,1,0.1382938879881393,0.8011108115714628,0.9350954683459692,0.0963775608287075,0.7854621552456277,0.9172785698832328,0.3249827312852364,0.248514475573302,20,602
256,ESM-2 650M,viral,Site Split,NIPAH_F_Larsen,2,0.1462175754610343,0.7978295439020677,0.9334869414149084,0.1114875481737804,0.7650447533070094,0.9003250915250051,0.32950486034274,0.2953376891282449,18,602
257,ESM-2 650M,viral,Site Split,NIPAH_F_Larsen,3,0.1465252769961318,0.790670696270337,0.9282621777463664,0.1390160451127445,0.7706837512308337,0.909253243694348,0.3398890694780082,0.3101093881536955,25,602
258,ESM-2 650M,viral,Site Split,NIPAH_F_Larsen,4,0.1224962691080369,0.823573753484502,0.953294491110489,0.0802472129106269,0.7532916296700464,0.8708449045407913,0.3063757888442363,0.2865147587882996,15,602
259,ESM-2 650M,viral,Site Split,NIPAH_F_Larsen,5,0.1215632118861692,0.8034235983525875,0.9391617006882604,0.15460384848644,0.7804770743295139,0.911983210945902,0.3050916222945474,0.3249334440118369,19,602
260,ESM-2 650M,viral,Site Split,EV_REP_Bakhache,1,0.1885802639582291,0.7634207578704761,0.9003572908195305,0.1771857271853806,0.7721892110368648,0.9084265183277348,0.4414357871701113,0.4263185603861004,63,1331
261,ESM-2 650M,viral,Site Split,EV_REP_Bakhache,2,0.1999613241540252,0.754685331508276,0.8919942458932195,0.1677218439365775,0.7866421565111564,0.9221801320993558,0.4536294564261794,0.4103673770389395,66,1331
262,ESM-2 650M,viral,Site Split,EV_REP_Bakhache,3,0.2064255831204345,0.752376678356389,0.889851858923224,0.1799353411097956,0.7630105425714488,0.9092462535576052,0.4590370428499045,0.424748706712839,95,1331
263,ESM-2 650M,viral,Site Split,EV_REP_Bakhache,4,0.2142251866656284,0.7546646004276583,0.8923303300033324,0.157804770271673,0.7538717125330708,0.8917163918442754,0.467730922375854,0.4003479628080995,90,1331
264,ESM-2 650M,viral,Site Split,EV_REP_Bakhache,5,0.2266434893940605,0.7487651413013424,0.8865115562611263,0.1464205587389052,0.7537789325311146,0.8905340043890593,0.4787019529060698,0.3908223262777759,129,1331
265,ESM-2 650M,viral,Site Split,CVB3_3D_Alvarez,1,0.3450467683419624,0.6696621796020401,0.8057738009008938,0.2948386304491346,0.7080634735696575,0.8531768725560515,0.6243888790424448,0.5851281016616885,56,462
266,ESM-2 650M,viral,Site Split,CVB3_3D_Alvarez,2,0.3455045867948854,0.6751235660290867,0.8110654971905763,0.3345586829299873,0.67875779073303,0.8073400488339694,0.6257642039982998,0.6142829779452924,68,462
267,ESM-2 650M,viral,Site Split,CVB3_3D_Alvarez,3,0.3806771894512446,0.6600140507393536,0.7939718778879026,0.2938982615573586,0.6743886642537769,0.8063989043353077,0.6485237284510874,0.59113282146404,96,462
268,ESM-2 650M,viral,Site Split,CVB3_3D_Alvarez,4,0.3765512159838345,0.6424588507770931,0.7810774196233307,0.3125208623398628,0.7220144994921146,0.8580988097787264,0.6470410371056659,0.5993769410238683,98,462
269,ESM-2 650M,viral,Site Split,CVB3_3D_Alvarez,5,0.3448148349950375,0.6773295089368795,0.810492608215315,0.3027114089747468,0.7004526392763845,0.8295818965072036,0.6270544022224903,0.6056499302791362,67,462
270,ESM-2 650M,viral,Site Split,SARS2_BA1_SPIKE_Dadonaite,1,0.147067034400815,0.7634425604474837,0.9258826348625454,0.0961591754026249,0.7752148714604357,0.9407644804690816,0.3413374607800858,0.2782150492039075,50,1249
271,ESM-2 650M,viral,Site Split,SARS2_BA1_SPIKE_Dadonaite,2,0.1360014163201407,0.7675495554901098,0.9278910316218598,0.1220162264972007,0.7706389668075724,0.943471609660727,0.3273845464005255,0.3210027438021144,46,1249
272,ESM-2 650M,viral,Site Split,SARS2_BA1_SPIKE_Dadonaite,3,0.1610585503042187,0.7509181945469683,0.9158707346113996,0.1169340959338125,0.7725647164380133,0.9398911197094224,0.3631887099759828,0.2999844128723382,66,1249
273,ESM-2 650M,viral,Site Split,SARS2_BA1_SPIKE_Dadonaite,4,0.1566029598853496,0.755549949494994,0.9174375977247856,0.1424714891501775,0.7712170723928476,0.9296880307819828,0.3581759838450821,0.3082962448807673,66,1249
274,ESM-2 650M,viral,Site Split,SARS2_BA1_SPIKE_Dadonaite,5,0.1221716307396958,0.7816838398348528,0.9404351490171364,0.0991288719591265,0.7763796638625389,0.9338327587043244,0.3066714239069706,0.2406523086696741,32,1249
275,ESM-2 650M,viral,Site Split,SARS2_PLPRO_abundance_Wu,1,0.1520398066518608,0.7637987297117489,0.920096668254347,0.0920844993514284,0.797680145411987,0.9540916208528656,0.3991496499763939,0.3114728970870157,35,316
276,ESM-2 650M,viral,Site Split,SARS2_PLPRO_abundance_Wu,2,0.1574941340594353,0.7562481430786363,0.9128875114205912,0.0693223923672633,0.8198409815189156,0.9846568312742552,0.4066223230386354,0.2427944523955953,36,316
277,ESM-2 650M,viral,Site Split,SARS2_PLPRO_abundance_Wu,3,0.1609937980784773,0.7550812981517123,0.9126999600089188,0.0911659997377899,0.8009480324698663,0.9666007001101324,0.4190558462114933,0.2310722536200439,43,316
278,ESM-2 650M,viral,Site Split,SARS2_PLPRO_abundance_Wu,4,0.1357599649988632,0.7655177403202111,0.9245431821961498,0.1147811839017235,0.8131389217264858,0.958265332439567,0.3751429430421189,0.3178009185849247,30,316
279,ESM-2 650M,viral,Site Split,SARS2_PLPRO_abundance_Wu,5,0.1445090981507268,0.7651805074975204,0.9228795166760496,0.0566400704358305,0.8256167738420707,0.9795748844859664,0.3931710356505174,0.2142335578859179,32,316
280,ESM-2 650M,viral,Site Split,LAMBDA_HCP_Tsuboyama,1,0.7881229111253909,0.3481831574461324,0.4647964980992612,0.5899563060504712,0.448406643914157,0.612723782926529,0.8523563568352832,0.7293601135706399,60,55
281,ESM-2 650M,viral,Site Split,LAMBDA_HCP_Tsuboyama,2,0.9405345590958712,0.184209689678807,0.2465224574596155,0.4242472633463968,0.5577627375869947,0.7082569069282185,0.9378351855073724,0.7234844103265157,244,55
282,ESM-2 650M,viral,Site Split,LAMBDA_HCP_Tsuboyama,3,0.7303804973141972,0.3899077184771781,0.5173029397004012,0.7034845617838595,0.4304164596754066,0.5526021887733948,0.8408738043954044,0.7456913795586564,40,55
283,ESM-2 650M,viral,Site Split,LAMBDA_HCP_Tsuboyama,4,0.8778804406303073,0.2495915303636698,0.3406165397024386,0.6526208950402848,0.505608963253593,0.6251056643129776,0.9018912688652244,0.8278205394910201,127,55
284,ESM-2 650M,viral,Site Split,LAMBDA_HCP_Tsuboyama,5,0.8577035045028396,0.2749917195620863,0.3745695264943122,0.6473464745483088,0.4695528431237964,0.5872247625766899,0.8852070668120969,0.7973763079026236,107,55
285,ESM-2 650M,viral,Site Split,EV_CAPSD_Bakhache,1,0.1272231777434258,0.7616743340970632,0.9355841912314102,0.0852508943024563,0.769653481449149,0.9502864998421086,0.3838180634256062,0.305024750163872,82,862
286,ESM-2 650M,viral,Site Split,EV_CAPSD_Bakhache,2,0.117635614506651,0.7738134888913079,0.9498030162054204,0.0757719563841776,0.7510548946849703,0.9162277923311466,0.3680343255690154,0.3054194898320313,63,862
287,ESM-2 650M,viral,Site Split,EV_CAPSD_Bakhache,3,0.1272081825819127,0.7736140236137654,0.9474399730222056,0.0640359341735219,0.7422594873016644,0.9063064408502256,0.380116408612018,0.3079886267720247,74,862
288,ESM-2 650M,viral,Site Split,EV_CAPSD_Bakhache,4,0.1219236559173867,0.7607768666251417,0.9357931367660308,0.1149295402712379,0.7680366777556068,0.9457901253981872,0.3714663078255406,0.3695265054776009,89,862
289,ESM-2 650M,viral,Site Split,EV_CAPSD_Bakhache,5,0.1250702523155218,0.7538537205478903,0.9315406701060708,0.088627379797701,0.7891858767237041,0.969927341224725,0.3791840994261846,0.3227130610882483,82,862
290,ESM-2 650M,viral,Site Split,RsYN04_RBD_Starr,1,0.0004373115757978,0.4398207353056687,1.0921325184959405,-0.1090959808112657,0.3605649659849124,0.4956084560230188,-0.0119461505935305,-0.0420905852403669,1,517
291,ESM-2 650M,viral,Site Split,RsYN04_RBD_Starr,2,0.0089724176040905,0.4306715556661611,1.0793134666658517,-0.051167332812013,0.3460587201429445,0.5655716036797594,0.106491512164233,-0.0684747299804903,3,517
292,ESM-2 650M,viral,Site Split,RsYN04_RBD_Starr,3,0.0063515613005917,0.4289275546188627,1.069786737160725,-0.0192152689270133,0.3499328829677894,0.637794227898083,0.087560773260632,-0.0035428241095576,3,517
293,ESM-2 650M,viral,Site Split,RsYN04_RBD_Starr,4,0.0121687743737529,0.4141809659576471,1.016327764290912,-0.0009998586883284,0.3955106990957728,0.9040415925042972,0.1849988325739816,0.0357224959120852,4,517
294,ESM-2 650M,viral,Site Split,RsYN04_RBD_Starr,5,0.0077915542607429,0.4277839234141029,1.0606011970852025,-0.0068659734311558,0.3406348455651034,0.6900496230026762,0.0841106170266845,0.1013912831775699,3,517
295,ESM-2 650M,viral,Site Split,SARS2_DELTA_SPIKE_Dadonaite,1,0.0441963393971809,0.39967719602934,0.9923055631475508,0.0100289891413194,0.4145391284749689,0.9336223940883064,0.2324958233275303,0.1485700184688639,41,1250
296,ESM-2 650M,viral,Site Split,SARS2_DELTA_SPIKE_Dadonaite,2,0.0336428255843583,0.403162492208939,0.98514765337049,0.028450715713616,0.4191287815497976,0.9771425694249476,0.2178954795580811,0.1787287972887368,30,1250
297,ESM-2 650M,viral,Site Split,SARS2_DELTA_SPIKE_Dadonaite,3,0.0358476958954145,0.4157981784672397,0.9844960884182736,0.0207919232791188,0.3859011901320576,0.9786119486598968,0.1957631626101915,0.2423362556833808,39,1250
298,ESM-2 650M,viral,Site Split,SARS2_DELTA_SPIKE_Dadonaite,4,0.0422638097452744,0.4048422641146221,0.9752722155259704,0.010670755023889,0.4072073085480691,1.0082059581823133,0.2285379821722019,0.2025920324951478,38,1250
299,ESM-2 650M,viral,Site Split,SARS2_DELTA_SPIKE_Dadonaite,5,0.0287123288213538,0.4159840851572974,1.0132106488606427,0.0356209240053772,0.3892081073409165,0.8632454437587345,0.2048768808338498,0.2260910341174942,29,1250
300,ESM-2 650M,viral,Site Split,SARS2_RBD_binding_Starr,1,0.2234439093858132,0.6902348215409186,0.9066685027074494,-0.0685507715680684,0.6874675179776598,0.8744956513643635,0.3724030343042648,0.1503940863523239,25,1273
301,ESM-2 650M,viral,Site Split,SARS2_RBD_binding_Starr,2,0.3079958705496719,0.6336845471809176,0.8466908643393103,-0.1021758511148156,0.697668971975997,0.9709169334973136,0.4560430414911227,0.0341408010924035,44,1273
302,ESM-2 650M,viral,Site Split,SARS2_RBD_binding_Starr,3,0.1942511528033593,0.6508143176361936,0.8866236850045853,0.1752170729239286,0.7155182451097668,0.946407756710182,0.3726214763807939,0.3351816055355133,28,1273
303,ESM-2 650M,viral,Site Split,SARS2_RBD_binding_Starr,4,0.254798686301835,0.6450456797743663,0.8689353043194835,0.0470499769504744,0.7220620284581357,0.9504306638168258,0.4071635642403911,0.1761125760376523,43,1273
304,ESM-2 650M,viral,Site Split,SARS2_RBD_binding_Starr,5,0.2114182695361566,0.6335231766238261,0.8435696589930821,0.114568509148387,0.7742125971677046,1.1007871957956024,0.3409720528762178,0.3075688654563414,32,1273
305,ESM-2 650M,viral,Site Split,IAV_PA_Wu,1,0.0020609452108643,0.6902392123562068,1.0345391882248476,-0.0159171860353755,0.6290947550020914,0.8450780940293929,0.1169640776840449,-0.0251217231006137,1,716
306,ESM-2 650M,viral,Site Split,IAV_PA_Wu,2,1.06177133751828e-09,0.6880755260540207,1.042795051880283,-0.001599099157151,0.624450858738325,0.8080297683090918,0.1086195210387455,0.0108364523059646,1,716
307,ESM-2 650M,viral,Site Split,IAV_PA_Wu,3,0.0008212647764812,0.6712144517308944,1.002660423172711,0.0007206344744853,0.6766451726927296,0.987269970411038,0.0926173424158725,0.0831451278380818,1,716
308,ESM-2 650M,viral,Site Split,IAV_PA_Wu,4,0.0026271909503199,0.6923633276830735,1.0505533387149393,-0.0329724041490426,0.6275319320360804,0.7614842395738699,0.1042581855849926,0.0226864783928539,1,716
309,ESM-2 650M,viral,Site Split,IAV_PA_Wu,5,0.0,0.6867973424820776,1.0254322135165463,-0.0034297467337158,0.6348131923578544,0.8921376516672866,,,0,716
310,ESM-2 650M,viral,Site Split,IAV_H1_NP_Doud,1,0.0663376218527547,0.7722706035284623,0.965229985045724,-0.0034620876035447,0.8074565977729202,1.0055919471493069,0.2561564629394547,0.1583074186884524,31,498
311,ESM-2 650M,viral,Site Split,IAV_H1_NP_Doud,2,0.0402815143670499,0.7798259673004216,0.9764159402757364,0.003331830008165,0.7997566479173345,0.9998230311607812,0.2113279630685721,0.1860513444715221,16,498
312,ESM-2 650M,viral,Site Split,IAV_H1_NP_Doud,3,0.0492291445210658,0.772310407556986,0.9671486846543592,0.0182446617566689,0.8209652176877751,1.018296850838822,0.2245501472208881,0.1618257134334173,15,498
313,ESM-2 650M,viral,Site Split,IAV_H1_NP_Doud,4,0.0462599802807875,0.783519492054952,0.9780660514850174,0.0491048258367947,0.7780547858151696,0.9691837991148994,0.2219431451637597,0.2092718635046134,19,498
314,ESM-2 650M,viral,Site Split,IAV_H1_NP_Doud,5,0.0381624088980763,0.7874030824242437,0.9809483052017208,0.0400915583424758,0.7842090591383806,0.977465958756636,0.213173935622832,0.2029714399859403,14,498
315,ESM-2 650M,viral,Site Split,SARS2_PRD0038_RBD_Starr,1,0.1196285814430013,0.7062218396415154,0.9437548449476726,0.1964986256643798,0.6822434827855149,0.8754058484943904,0.3140469342391171,0.296556757603816,12,200
316,ESM-2 650M,viral,Site Split,SARS2_PRD0038_RBD_Starr,2,0.1923346058486222,0.6403276380735684,0.8766571203969807,0.0478265755688386,0.7643431378231851,1.0503216389782095,0.3516303365779582,0.2367549812175361,18,200
317,ESM-2 650M,viral,Site Split,SARS2_PRD0038_RBD_Starr,3,0.1897616608650284,0.6866183508439732,0.9227571546337756,0.1305413515013775,0.6314398269691607,0.8232983339792836,0.3664303292648395,0.2012125029708077,19,200
318,ESM-2 650M,viral,Site Split,SARS2_PRD0038_RBD_Starr,4,0.1851688520715544,0.6585521732742673,0.8837872271429447,0.1365691103076138,0.736103262293312,1.0003728416427826,0.3305669820685438,0.365633210455905,18,200
319,ESM-2 650M,viral,Site Split,SARS2_PRD0038_RBD_Starr,5,0.2210332973534322,0.6715739581493582,0.8911507913054825,0.1851396327311131,0.6203752307862405,0.8633553231765959,0.3712018835264759,0.3413345705817796,33,200
320,ESM-2 650M,viral,Site Split,IAV_H1_HA_Doud,1,0.2430924674761527,0.7179916882385946,0.8610487740569034,0.1928400823581346,0.7711991695560133,0.9315030415312114,0.5418812251966032,0.4630730964057521,28,565
321,ESM-2 650M,viral,Site Split,IAV_H1_HA_Doud,2,0.252112452989627,0.7203048562974411,0.8669846818035042,0.1992613758908343,0.741945199662427,0.8848942318068737,0.5443467474119789,0.4900452321305213,30,565
322,ESM-2 650M,viral,Site Split,IAV_H1_HA_Doud,3,0.2509542511451845,0.716914349659028,0.8654011197740622,0.19680959024736,0.743116951044579,0.8902093631650785,0.5409407304281914,0.5145628242754788,42,565
323,ESM-2 650M,viral,Site Split,IAV_H1_HA_Doud,4,0.2518062934808406,0.7211231468877356,0.867245739792441,0.2230048158476238,0.7139903769871299,0.8712874451158144,0.5386144392892436,0.5192837582465033,37,565
324,ESM-2 650M,viral,Site Split,IAV_H1_HA_Doud,5,0.2590220666128777,0.7105824556840389,0.8557269432945589,0.2077350829501807,0.7550240824445107,0.9105973036463338,0.5494097492157514,0.4713525257456079,41,565
325,ESM-2 650M,viral,Site Split,SARS2_PLPRO_activity_Wu,1,0.3323804320706731,0.7145956878550785,0.8199029264948204,0.1911196879400106,0.7615798993023242,0.8868308497425551,0.5692193171857918,0.3705195855427053,65,316
326,ESM-2 650M,viral,Site Split,SARS2_PLPRO_activity_Wu,2,0.3649209936063546,0.6805613253941049,0.7931456032426706,0.2598310312408135,0.7519090616771936,0.8755757055687877,0.5866140764444269,0.4896159216801937,106,316
327,ESM-2 650M,viral,Site Split,SARS2_PLPRO_activity_Wu,3,0.3237350884676611,0.7129678527337576,0.8212516584339454,0.1858994166944585,0.7904404843305224,0.9069326457120676,0.5532942538186092,0.3728213849334769,68,316
328,ESM-2 650M,viral,Site Split,SARS2_PLPRO_activity_Wu,4,0.2296792599347438,0.7772487100756784,0.8684895117370475,0.20067281444663,0.8194629749393555,0.9299331016287208,0.4587855236117998,0.4108076661722205,34,316
329,ESM-2 650M,viral,Site Split,SARS2_PLPRO_activity_Wu,5,0.3156251682304973,0.7248508503874014,0.8302004353285681,0.175981370063354,0.7778585338743731,0.8915017024980515,0.5398788713674869,0.4328592840400214,59,316
330,ESM-2 650M,viral,Site Split,LASSA_GP_Carr,1,0.1884184068533906,0.7767546284337198,0.9018367163415356,0.0483426773274023,0.8378441062435311,0.969849449723812,0.4318400501399351,0.1780549344560426,51,491
331,ESM-2 650M,viral,Site Split,LASSA_GP_Carr,2,0.1736021602359941,0.7841429011410143,0.9097276615114068,0.0712462390435131,0.8301032082314214,0.958983266534884,0.4042649028222174,0.2538569021128383,46,491
332,ESM-2 650M,viral,Site Split,LASSA_GP_Carr,3,0.105622797193397,0.8277179542115362,0.9458209289970826,0.1131975100424145,0.8286189679818075,0.940215340807387,0.3257510085708128,0.3555102221757913,17,491
333,ESM-2 650M,viral,Site Split,LASSA_GP_Carr,4,0.1520998083637397,0.7941353588476234,0.917986422958267,0.1003814498248214,0.8317741994547111,0.9598803763359172,0.380476461895625,0.3388082681287547,32,491
334,ESM-2 650M,viral,Site Split,LASSA_GP_Carr,5,0.1540928381553749,0.7957956962723789,0.9176575582942452,0.0978147322428317,0.836972512210907,0.9563406791884272,0.3848573588188017,0.2920865286979305,34,491
335,ESM-2 650M,viral,Site Split,SARS2_XBB15_RBD_Taylor,1,0.1955319199791781,0.7190935997224089,0.8920124561167431,0.100014269162667,0.7826508634269372,0.96698156050783,0.3857155329475895,0.2570063768768375,33,201
336,ESM-2 650M,viral,Site Split,SARS2_XBB15_RBD_Taylor,2,0.1484520142654861,0.7349152885417234,0.908571266930383,0.0071301100976594,0.8311917301150841,1.048509771707002,0.3004108199740906,0.2654383783907839,20,201
337,ESM-2 650M,viral,Site Split,SARS2_XBB15_RBD_Taylor,3,0.0917092629679038,0.7613180832618026,0.9346438227704056,0.0740594787737366,0.8419117665361637,1.028739486097952,0.2934883250158291,0.2299641059827904,14,201
338,ESM-2 650M,viral,Site Split,SARS2_XBB15_RBD_Taylor,4,0.2455891017220302,0.7128957134888461,0.8778661815492805,-0.0137169644411179,0.7614252354852974,0.9613359047400668,0.3890998060307594,0.1516334855422193,41,201
339,ESM-2 650M,viral,Site Split,SARS2_XBB15_RBD_Taylor,5,0.2357466813674076,0.693117640965232,0.8680569186394959,-0.0671398700382128,0.8337551825986953,1.056110962695416,0.4139876636245984,0.07863878335539,37,201
340,ESM-2 650M,viral,Site Split,IAV_H3_NP_Doud,1,0.0798222386501456,0.7629312317207698,0.974560080061627,0.0081959195237316,0.7301601158234177,0.9288396946084496,0.2622197750753325,0.0907549308509452,24,498
341,ESM-2 650M,viral,Site Split,IAV_H3_NP_Doud,2,0.0900363037212359,0.7498412581524516,0.9572679555828872,-0.0237010515505176,0.7842752382130286,0.9972330621867808,0.2787022923976971,0.0506779858650448,25,498
342,ESM-2 650M,viral,Site Split,IAV_H3_NP_Doud,3,0.0608363176132765,0.7639080550027105,0.9786130100331298,0.0695531753617391,0.7353795189506718,0.9256045033701594,0.2413466948674724,0.2148067619380153,18,498
343,ESM-2 650M,viral,Site Split,IAV_H3_NP_Doud,4,0.0825359775522774,0.744004525782423,0.9501211958351868,-0.0072704070659486,0.820792275136106,1.0351534797742403,0.2693325460802062,0.0620425627468828,24,498
344,ESM-2 650M,viral,Site Split,IAV_H3_NP_Doud,5,0.0654424337219873,0.761208253217744,0.9712695973405449,0.0545596359139715,0.7472587692186651,0.9529000394059618,0.2478257004564423,0.1830151991291689,18,498
345,ESM-2 650M,viral,Site Split,CVB3_2C_Alvarez,1,0.3556434579430126,0.6699337496226936,0.7935734652907313,0.3173135955090265,0.738367620093513,0.8596926024897306,0.6311366121215053,0.6092434175932009,75,329
346,ESM-2 650M,viral,Site Split,CVB3_2C_Alvarez,2,0.3901540094296287,0.6634942737702538,0.7847803845230625,0.3333575796203653,0.6658418998615272,0.7976376841512164,0.6655625436008108,0.5856831955051838,120,329
347,ESM-2 650M,viral,Site Split,CVB3_2C_Alvarez,3,0.3730815777851656,0.668227664214418,0.7905697683019459,0.2865142781146786,0.7231157327614227,0.8498041008384599,0.6459872731156974,0.5735934542463011,82,329
348,ESM-2 650M,viral,Site Split,CVB3_2C_Alvarez,4,0.3950516347595527,0.6595204354413902,0.7827021188018299,0.2083061423664328,0.7403948155808234,0.8643405190702609,0.6649101626357451,0.5137098068277113,97,329
349,ESM-2 650M,viral,Site Split,CVB3_2C_Alvarez,5,0.3554137580343603,0.6924072503770036,0.8127707642062687,0.2227672564171613,0.7076847739099364,0.8257964468271886,0.6325737069002022,0.5210394265505405,60,329
350,ESM-2 650M,viral,Site Split,CVB3_3C_Alvarez,1,0.4428928687317368,0.6167850558661092,0.7545980726634983,0.1348888231031036,0.7408086642529315,0.875687443221626,0.6932680199297664,0.489612200381842,109,183
351,ESM-2 650M,viral,Site Split,CVB3_3C_Alvarez,2,0.3954814825968494,0.6268135235307584,0.7663066396329807,0.1798858833025736,0.7996268523686917,0.9454155985916036,0.6606085486124272,0.4739630607880686,67,183
352,ESM-2 650M,viral,Site Split,CVB3_3C_Alvarez,3,0.4387551427305337,0.6182985042058351,0.7539010812217172,0.1921676716455874,0.7307088514912106,0.8758966980873946,0.6852087952684838,0.5222264795906514,100,183
353,ESM-2 650M,viral,Site Split,CVB3_3C_Alvarez,4,0.4196877772763205,0.6334758318464393,0.7670977432498249,0.2098143255342174,0.7402950564883264,0.8613356302109256,0.6800469199423934,0.5292719180484338,91,183
354,ESM-2 650M,viral,Site Split,CVB3_3C_Alvarez,5,0.4688925074895275,0.5903809192874961,0.7282489553179071,0.1960032611537742,0.7581285460404207,0.8989341117750912,0.6971065554154782,0.5604957659559219,122,183
355,ESM-2 650M,viral,Site Split,IAV_H5_HA_Dadonaite,1,0.2516942094770148,0.7592164825482957,0.8668011250431211,0.2373727724641018,0.7520283152767117,0.8655703471653688,0.5139191079501402,0.4859384055146129,27,567
356,ESM-2 650M,viral,Site Split,IAV_H5_HA_Dadonaite,2,0.2689098403980376,0.7430565301431492,0.851417373953343,0.2363000886334475,0.7711682405179023,0.8883221014288458,0.5314948944270992,0.491666928824816,34,567
357,ESM-2 650M,viral,Site Split,IAV_H5_HA_Dadonaite,3,0.2714539144609915,0.7382713513661625,0.8488400571286575,0.2548742278981251,0.7727255831441013,0.878283611811303,0.5287190423184485,0.5397430198036929,41,567
358,ESM-2 650M,viral,Site Split,IAV_H5_HA_Dadonaite,4,0.2404906129409696,0.7657399801092151,0.8722581053138622,0.229022850208005,0.7673956443594145,0.8746512314876633,0.4997063562391606,0.514089388174325,25,567
359,ESM-2 650M,viral,Site Split,IAV_H5_HA_Dadonaite,5,0.2376177611457598,0.7676563833947918,0.8728436031328345,0.281668242052289,0.7401764907194315,0.8487063477229791,0.5039504929552768,0.5224056097404038,33,567
360,ESM-2 650M,viral,Site Split,BPP22_COAT_Tsuboyama,1,0.7649259721569264,0.3432344816190572,0.4903489266204351,0.6972608520839116,0.3830964110760792,0.521674623262224,0.8545130617158964,0.8734608723035742,29,40
361,ESM-2 650M,viral,Site Split,BPP22_COAT_Tsuboyama,2,0.786173151793921,0.304485227518059,0.4471351095211822,0.6048406884564139,0.5098595428884137,0.7002708004209632,0.8791429164692691,0.8227796361813503,27,40
362,ESM-2 650M,viral,Site Split,BPP22_COAT_Tsuboyama,3,0.8848336127746117,0.2429437108576409,0.3432388464261862,0.7768760089918638,0.3221894797667058,0.4501662976506144,0.9211480546555146,0.895488443433649,102,40
363,ESM-2 650M,viral,Site Split,BPP22_COAT_Tsuboyama,4,0.784687992921652,0.3000043973323248,0.4470256296126559,0.4032216545849387,0.5591543371122502,0.7283096537275344,0.86542399016584,0.7842544481184064,35,40
364,ESM-2 650M,viral,Site Split,BPP22_COAT_Tsuboyama,5,0.817316387420584,0.2774220508194949,0.399660146265646,0.7689829520786444,0.4156522070030214,0.5888389917058817,0.904693513837552,0.8468705715635333,59,40
365,ESM-2 650M,viral,Site Split,IAV_RDRP_Li,1,0.1706561250303919,0.751498145841513,0.9168761361718756,0.1347786078456755,0.7429568246028914,0.9019010581921644,0.4272371215241689,0.3796395412499171,78,757
366,ESM-2 650M,viral,Site Split,IAV_RDRP_Li,2,0.1971028786920486,0.7269439358117825,0.8902326643436519,0.0897573795337274,0.8048527296578482,0.9767604338953112,0.4544669081748188,0.3009430153600873,95,757
367,ESM-2 650M,viral,Site Split,IAV_RDRP_Li,3,0.1786761405781413,0.7312208713546305,0.8981625570547076,0.1406841499710648,0.7843003377797896,0.9551565480078198,0.4350949005547909,0.3917526228201121,103,757
368,ESM-2 650M,viral,Site Split,IAV_RDRP_Li,4,0.1900263849447997,0.7387970520123958,0.9032459869022,0.1124390718174981,0.7547562510542668,0.9283790986797602,0.4469589657090792,0.3451335462688324,108,757
369,ESM-2 650M,viral,Site Split,IAV_RDRP_Li,5,0.17048818478629,0.7454613866933544,0.9116013301104968,0.1254293794493863,0.7656608148588798,0.9317908139351484,0.4256854133387851,0.3744658121993928,81,757
370,ESM-2 650M,viral,Site Split,HIV1_HV1B9_ENV_DuenasDecamp,1,0.1303833561479346,0.6695043376776019,0.9475235231345662,-0.1141285850051123,0.7300408424918117,0.9846005924748276,0.419379573852311,-0.0611466329189355,4,853
371,ESM-2 650M,viral,Site Split,HIV1_HV1B9_ENV_DuenasDecamp,2,0.0594813945986578,0.5948883073556701,0.8769555278680237,-0.1319049559566103,0.9354789715178085,1.2473210764210556,0.3198995777805711,-0.1368498673352434,2,853
372,ESM-2 650M,viral,Site Split,HIV1_HV1B9_ENV_DuenasDecamp,3,0.2449359495455582,0.6118572326381335,0.8901599784107296,-0.0691866660139171,0.6892050636145711,0.948352925429228,0.5366849923703542,0.0578008095619295,11,853
373,ESM-2 650M,viral,Site Split,HIV1_HV1B9_ENV_DuenasDecamp,4,0.0557820735602908,0.7608067603988019,1.0249265055547063,-0.1535788909954807,0.6008435932822301,0.7447974454109803,0.3108773924647824,0.1069537153452902,2,853
374,ESM-2 650M,viral,Site Split,HIV1_HV1B9_ENV_DuenasDecamp,5,0.08439915260992,0.7102014848892023,0.9730450603174944,-0.125806699769825,0.7409695978690596,0.9812521730714842,0.3299745159030987,0.1345530300610477,2,853
375,ESM-2 650M,viral,Site Split,CVB3_VP3_Alvarez,1,0.1947889163855872,0.6869848308275417,0.8913259090624283,0.1618597195761776,0.7250599044942292,0.9391109757938908,0.4659977832528257,0.454404876862306,58,238
376,ESM-2 650M,viral,Site Split,CVB3_VP3_Alvarez,2,0.1794118865626828,0.6704647737439198,0.885919228260172,0.1488385334565923,0.7794541924767429,0.9938438823366066,0.4472747562662414,0.4353940342436024,45,238
377,ESM-2 650M,viral,Site Split,CVB3_VP3_Alvarez,3,0.1363810022968971,0.7409388088124587,0.9477388520404778,0.119109959461932,0.6766550852819639,0.8571855421663074,0.4120654377554235,0.3921884299712525,20,238
378,ESM-2 650M,viral,Site Split,CVB3_VP3_Alvarez,4,0.2080163024646363,0.6656751740324462,0.8737595320235125,0.1188759900195992,0.755731368237212,0.9989077969364886,0.4830756181086514,0.3882331759730971,62,238
379,ESM-2 650M,viral,Site Split,CVB3_VP3_Alvarez,5,0.1456751045035016,0.7044530138087018,0.918014594488608,0.1191135982707519,0.7566000979726855,0.9619693416111376,0.4198699141853461,0.4034407913357116,20,238
380,ESM-2 650M,viral,Site Split,RmYN02_RBD_Starr,1,0.1453428802383348,0.4631554063671034,0.9038397163551246,-0.0578617420622566,0.6249355285402682,1.1039592831969771,0.4203540954346876,0.1393344256109694,51,491
381,ESM-2 650M,viral,Site Split,RmYN02_RBD_Starr,2,0.038830913759835,0.5723492749228176,0.9985906012961286,0.0073837674447889,0.518535798442506,0.9179045581037196,0.2855832520361316,0.2279824879492728,7,491
382,ESM-2 650M,viral,Site Split,RmYN02_RBD_Starr,3,0.0424150928307293,0.5778272351399321,1.0009087343316108,0.0135075726548723,0.49116906153044,0.8932813456602339,0.274619876768831,0.2933521981243786,11,491
383,ESM-2 650M,viral,Site Split,RmYN02_RBD_Starr,4,0.0590970338658687,0.5533181606303829,1.0144879068668868,-0.04073190668941,0.5314694664667327,0.8088998486840514,0.334569859729584,0.0691031625471724,14,491
384,ESM-2 650M,viral,Site Split,RmYN02_RBD_Starr,5,0.0420391987926794,0.5646876575870425,1.0103456297894906,0.0089632628093723,0.5336885089083785,0.8557446223014804,0.3052085179351614,0.1343616552007719,10,491
385,ESM-2 650M,viral,Site Split,CVB3_3A_Alvarez,1,0.2235281117315551,0.8116018505392343,0.885278836634806,0.0993132912908462,0.8164656705967585,0.9310408420427762,0.510580321729521,0.3434109429371265,22,89
386,ESM-2 650M,viral,Site Split,CVB3_3A_Alvarez,2,0.1583046104155722,0.859362827991587,0.9193432374261754,0.0875248162275255,0.8774946079893009,0.9419447630875076,0.4333137086475498,0.346331935958952,13,89
387,ESM-2 650M,viral,Site Split,CVB3_3A_Alvarez,3,0.3733326937473057,0.6992999845579673,0.7911176489307629,0.0205286433687421,0.8585672083529177,0.9776826674157738,0.6659320522136702,0.3321070829197682,47,89
388,ESM-2 650M,viral,Site Split,CVB3_3A_Alvarez,4,0.1841667675069249,0.8301725456692285,0.9023897869310484,-0.0530745525542797,0.900403419743522,0.9720799981711302,0.4738614479996201,0.1524485668704392,15,89
389,ESM-2 650M,viral,Site Split,CVB3_3A_Alvarez,5,0.2712531168161066,0.7756938795776164,0.8557973650902696,0.0405428481738355,0.8801002940464165,0.9597187847183934,0.5564338736616367,0.2791045379553868,25,89
390,ESM-2 650M,viral,Site Split,CVB3_2A_Alvarez,1,0.4324492778092768,0.5918624482330909,0.7448930450935765,0.2497067155471987,0.6996011398652779,0.9036315714230992,0.6094754597912246,0.4869983877134263,56,150
391,ESM-2 650M,viral,Site Split,CVB3_2A_Alvarez,2,0.4028301377964259,0.6298362902104674,0.7838217112839976,0.2560598198707745,0.6383237213059845,0.8076347473640176,0.612680769345639,0.3642876560218924,54,150
392,ESM-2 650M,viral,Site Split,CVB3_2A_Alvarez,3,0.4620764209232846,0.5774994891702995,0.7293168205303908,0.1612173515721632,0.7727526499715134,0.9357012541361072,0.6272029891709011,0.3303608666402383,76,150
393,ESM-2 650M,viral,Site Split,CVB3_2A_Alvarez,4,0.3861972259174873,0.6654942881185804,0.8100783501178821,-0.0440577515459006,0.644579464572336,0.7683825861990958,0.6003846119554579,0.3267197243102066,46,150
394,ESM-2 650M,viral,Site Split,CVB3_2A_Alvarez,5,0.4657224776768615,0.5676176121719276,0.7250918695889559,0.30589055838897,0.6876329991570931,0.84738354023312,0.6345829729251968,0.4963161121533504,75,150
395,ESM-2 650M,viral,Site Split,IAV_PB2_Soh,1,0.0882011192582576,0.6582671787702957,1.0001392329016143,0.0838261854792502,0.5866609951131712,0.7440512547784444,0.3285003635902094,0.3226552995529828,31,759
396,ESM-2 650M,viral,Site Split,IAV_PB2_Soh,2,0.089317290062214,0.6416476759424303,0.983297868773294,0.079616817762616,0.6311120828430555,0.8328046193609272,0.3405662222078288,0.2786498012150943,37,759
397,ESM-2 650M,viral,Site Split,IAV_PB2_Soh,3,0.0769423484639936,0.6495499274294337,0.977334379482014,0.0708184303586126,0.6261978756860207,0.894435089682995,0.3186564353778617,0.3087919861659318,27,759
398,ESM-2 650M,viral,Site Split,IAV_PB2_Soh,4,0.0906957081281815,0.6450405034102239,0.9841836474237134,0.0405264202857654,0.6420058493700052,0.8415178539188202,0.3444846814021086,0.2124673061162311,31,759
399,ESM-2 650M,viral,Site Split,IAV_PB2_Soh,5,0.0906237454476024,0.634522853510657,0.944288208612846,0.0422007805366194,0.6599990544131573,1.015969446539159,0.3478904236195185,0.2546288673003611,30,759
400,ESM-2 650M,viral,Site Split,CVB3_VP1_Alvarez,1,0.2365501069957634,0.7398145495481414,0.8747511832811049,0.2083270283209045,0.737032414184822,0.8856272913424287,0.5206142689477223,0.4876860758174355,48,281
401,ESM-2 650M,viral,Site Split,CVB3_VP1_Alvarez,2,0.2435568885024605,0.7391156499181195,0.8726241910973344,0.2315625619356563,0.7350522773125105,0.8641973403111053,0.5274289992448612,0.5230886557910647,65,281
402,ESM-2 650M,viral,Site Split,CVB3_VP1_Alvarez,3,0.2353537228325469,0.7547611840838943,0.8850396775472917,0.1673254301138521,0.7499044881242625,0.8628517729566344,0.5189267119609986,0.4699530630997443,42,281
403,ESM-2 650M,viral,Site Split,CVB3_VP1_Alvarez,4,0.2158284718233389,0.7483419486626289,0.8825683909516756,0.1463670806687321,0.8221930286302104,0.9348063384066256,0.5006523620782913,0.4026139532978677,32,281
404,ESM-2 650M,viral,Site Split,CVB3_VP1_Alvarez,5,0.2307293894327953,0.7398015603014221,0.8752056271162221,0.1741345655317122,0.7856945006514959,0.916012270711758,0.5183719247074151,0.4385147737897167,43,281
405,ESM-2 650M,viral,Site Split,CVB3_POLG_Mattenberger,1,0.1716483869311835,0.7204849809785182,0.911394530021796,0.1831142647046609,0.7080993101957953,0.8977903402549728,0.4118922650695978,0.4281217492109556,56,2185
406,ESM-2 650M,viral,Site Split,CVB3_POLG_Mattenberger,2,0.180731061247338,0.7316760706196062,0.9199350965037836,0.0902649064540058,0.699443521553638,0.8822036876948978,0.419722061985976,0.3297871444517622,46,2185
407,ESM-2 650M,viral,Site Split,CVB3_POLG_Mattenberger,3,0.1982184379998283,0.7101855897476245,0.8971510330807073,0.158496649316254,0.7208018054669176,0.9098609906145924,0.4429541476693436,0.3909443843772297,98,2185
408,ESM-2 650M,viral,Site Split,CVB3_POLG_Mattenberger,4,0.2045280107742305,0.7094095902406737,0.8983406508734084,0.1118992762818891,0.7354245641152344,0.9144878462519438,0.4425354163626101,0.3388539443578447,73,2185
409,ESM-2 650M,viral,Site Split,CVB3_POLG_Mattenberger,5,0.1773133450810785,0.7186593507118627,0.9052532757987648,0.141235619376544,0.7312771631500841,0.9330680529396678,0.4128806244978977,0.3790887696913539,52,2185
410,ESM-2 650M,cellular,Pooled Split,PABP_YEAST_Fields2013_singles,1,0.811294108969665,0.3334822843511459,0.442086711727883,0.6559582022818415,0.4348769159376084,0.540094467618296,0.8798817701424448,0.7658808664083185,240,577
411,ESM-2 650M,cellular,Pooled Split,PABP_YEAST_Fields2013_singles,2,0.8114914784641283,0.3311572082088491,0.4375685180998782,0.6312831170606527,0.4556420017242072,0.5878531698946032,0.8769322866380777,0.7571452064756956,230,577
412,ESM-2 650M,cellular,Pooled Split,PABP_YEAST_Fields2013_singles,3,0.821317354159779,0.3238804273066709,0.4260573973146085,0.699886551817106,0.4200803385491932,0.5297634021069402,0.8778974963136007,0.8171677670647204,251,577
413,ESM-2 650M,cellular,Pooled Split,PABP_YEAST_Fields2013_singles,4,0.8321849736571545,0.3141937543141266,0.4151831521381272,0.6414352179389833,0.4327693515357615,0.5611872144893576,0.8885164103543967,0.7665814061443655,255,577
414,ESM-2 650M,cellular,Pooled Split,PABP_YEAST_Fields2013_singles,5,0.8322689849695712,0.3093738124616193,0.411522310599192,0.6995363310572983,0.4365123505000605,0.5366981885767641,0.8903784083218677,0.7817840975699639,254,577
415,ESM-2 650M,cellular,Pooled Split,UBE4B_MOUSE_Klevit2013_singles,1,0.5140089550991553,0.5322576587170924,0.7068660979648582,0.2512604612512209,0.5824696557256572,0.8151932736913352,0.6957515431707458,0.4992607788934182,115,1173
416,ESM-2 650M,cellular,Pooled Split,UBE4B_MOUSE_Klevit2013_singles,2,0.3835289587142938,0.5830844751921344,0.7624998062822348,0.2065275392324316,0.6845823128707734,0.9859611194292872,0.6043744010296191,0.4542048603699702,59,1173
417,ESM-2 650M,cellular,Pooled Split,UBE4B_MOUSE_Klevit2013_singles,3,0.5397064856258638,0.5129581763616597,0.6851951011370316,0.2316314338564253,0.5967398941344634,0.8408490122529134,0.71287969016074,0.5318804055899091,133,1173
418,ESM-2 650M,cellular,Pooled Split,UBE4B_MOUSE_Klevit2013_singles,4,0.507103733987917,0.5263172209496416,0.6965427761633041,0.317999200496036,0.583162011739096,0.8483111245324618,0.704265083340739,0.5803350825309587,126,1173
419,ESM-2 650M,cellular,Pooled Split,UBE4B_MOUSE_Klevit2013_singles,5,0.5262922868754107,0.5196764683884206,0.6834691669010123,0.1930481226372217,0.6284005759570361,0.917478712486136,0.7193787696833158,0.4475414828481194,127,1173
420,ESM-2 650M,cellular,Pooled Split,BLAT_ECOLX_Ostermeier2014,1,0.7221110259608101,0.4134542474697779,0.5263705272355178,0.6510683216042017,0.4617967155383992,0.5941286361869631,0.8629218575158087,0.8245051324398902,415,286
421,ESM-2 650M,cellular,Pooled Split,BLAT_ECOLX_Ostermeier2014,2,0.7187536873681648,0.4144345553248799,0.5287966842170809,0.6806903677593317,0.4546319062374459,0.5715068705426807,0.8606177986527068,0.8437055656828443,426,286
422,ESM-2 650M,cellular,Pooled Split,BLAT_ECOLX_Ostermeier2014,3,0.7220167225280285,0.4170094744889238,0.527342186504611,0.6720955606213639,0.448361770138749,0.5715337404866248,0.8646622130415662,0.8251611751961947,408,286
423,ESM-2 650M,cellular,Pooled Split,BLAT_ECOLX_Ostermeier2014,4,0.7223494196638165,0.4131982708402659,0.5270680529664459,0.6716342493748048,0.4559018468790697,0.5723978106923634,0.8638321182041253,0.8397402986863193,415,286
424,ESM-2 650M,cellular,Pooled Split,BLAT_ECOLX_Ostermeier2014,5,0.7217296294707913,0.4172434513773355,0.5281842266807135,0.6552841868498469,0.4472930183923426,0.581646584126636,0.8605077809421423,0.8379378202922078,407,286
425,ESM-2 650M,cellular,Pooled Split,BLAT_ECOLX_Tenaillon2013,1,0.7204795407809088,0.4095575796754523,0.5300683292455596,0.4469457865651055,0.5642518464524653,0.7346574124468933,0.7864609831696883,0.6331319086542881,151,286
426,ESM-2 650M,cellular,Pooled Split,BLAT_ECOLX_Tenaillon2013,2,0.7536785310911774,0.3790626636788632,0.485541467497887,0.5948723985674758,0.5308280086550882,0.6836952202079004,0.7878162593835686,0.7526953924744874,206,286
427,ESM-2 650M,cellular,Pooled Split,BLAT_ECOLX_Tenaillon2013,3,0.8359067311406172,0.3144396968893383,0.4044537523501051,0.5072895716517538,0.5326226620820305,0.706281162015475,0.8446731644264368,0.6841090727285605,279,286
428,ESM-2 650M,cellular,Pooled Split,BLAT_ECOLX_Tenaillon2013,4,0.7633168209213494,0.3787987735506427,0.4856600636589874,0.561237154532483,0.500243924202404,0.666719616308634,0.7980858047877937,0.6930895247424089,202,286
429,ESM-2 650M,cellular,Pooled Split,BLAT_ECOLX_Tenaillon2013,5,0.7508000585171802,0.3840695783918844,0.5001985665685311,0.4086135215357976,0.5980589687620704,0.7618108742401817,0.7991123711371998,0.6020776061075477,187,286
430,ESM-2 650M,cellular,Pooled Split,GAL4_YEAST_Shendure2015,1,0.6437364127768974,0.4780123969278169,0.5969117065072702,0.3945725684464477,0.6010383661555452,0.775597020325244,0.8236746559342493,0.6783253434515579,168,881
431,ESM-2 650M,cellular,Pooled Split,GAL4_YEAST_Shendure2015,2,0.5371453441690677,0.546723050921962,0.6743037805453788,0.5072022917059514,0.5908186869993283,0.7261133540520961,0.767450056846895,0.7417710937463443,105,881
432,ESM-2 650M,cellular,Pooled Split,GAL4_YEAST_Shendure2015,3,0.6184013647696023,0.491695787240385,0.6232463308681528,0.4136973647169973,0.6032202490351929,0.7376153677488431,0.8078052065587612,0.6880776242718545,141,881
433,ESM-2 650M,cellular,Pooled Split,GAL4_YEAST_Shendure2015,4,0.5827547784229625,0.5195694306889231,0.6479065050390427,0.5023381414114854,0.5610420854627787,0.6967219926092295,0.7899559284838228,0.747801138160377,136,881
434,ESM-2 650M,cellular,Pooled Split,GAL4_YEAST_Shendure2015,5,0.5850081244258699,0.5189930291177601,0.6431576534778737,0.4060375090164274,0.6324845510366833,0.7756153892789996,0.7952683208006729,0.6762912950287966,106,881
435,ESM-2 650M,cellular,Pooled Split,BRCA1_HUMAN_RING,1,0.7363463825667139,0.3755622407661212,0.5138989910260013,0.5805322382820499,0.4979398531625969,0.6448196401985767,0.706381379192991,0.6664574833984794,117,1863
436,ESM-2 650M,cellular,Pooled Split,BRCA1_HUMAN_RING,2,0.6674198729541732,0.4327731064049201,0.5876472579550962,0.5912036461483678,0.4210157858027944,0.5859594222379071,0.6946993087566011,0.6115515069858938,82,1863
437,ESM-2 650M,cellular,Pooled Split,BRCA1_HUMAN_RING,3,0.6907326147061307,0.4029439140508513,0.5563602860685195,0.6170744414353104,0.4720334697281447,0.6151907847589304,0.697651256329249,0.5997851553759366,90,1863
438,ESM-2 650M,cellular,Pooled Split,BRCA1_HUMAN_RING,4,0.7380244841611359,0.3745562416488161,0.5018791423973988,0.4875806216997483,0.5056402497161208,0.7621325700530789,0.7065004264501757,0.642422427915191,114,1863
439,ESM-2 650M,cellular,Pooled Split,BRCA1_HUMAN_RING,5,0.6881226086099008,0.4087652915065186,0.5494339453696345,0.4697138665581989,0.5287038627542008,0.773168137496414,0.7138172164811716,0.499803313772843,86,1863
440,ESM-2 650M,cellular,Pooled Split,RL401_YEAST_Bolon2013,1,0.8457609008742217,0.280038038317582,0.3949311507167641,0.6307614972783924,0.426503055608149,0.5933836959069241,0.8818811083679948,0.8052844976318626,323,128
441,ESM-2 650M,cellular,Pooled Split,RL401_YEAST_Bolon2013,2,0.8375215872620725,0.2842435708748398,0.4049074567019775,0.7130172195335287,0.3837517130668929,0.5242358472093144,0.8808751097993738,0.7901250373240695,326,128
442,ESM-2 650M,cellular,Pooled Split,RL401_YEAST_Bolon2013,3,0.8501301162513555,0.278180016694901,0.3919513564193799,0.5557049477424569,0.4312055025092063,0.6306711343624307,0.8732152455825593,0.7737771136522452,310,128
443,ESM-2 650M,cellular,Pooled Split,RL401_YEAST_Bolon2013,4,0.8499989992708052,0.268288590992232,0.3815167339941233,0.6262720568617324,0.4549465226234125,0.6434561973668657,0.8745321880083128,0.8058057114263311,330,128
444,ESM-2 650M,cellular,Pooled Split,RL401_YEAST_Bolon2013,5,0.8202334541142431,0.2976566834413431,0.4240930930430671,0.616355827455068,0.4360800893551998,0.6187729794614385,0.8716498665536047,0.7887858159494414,276,128
445,ESM-2 650M,cellular,Pooled Split,RL401_YEAST_Bolon2014,1,0.8532380746234177,0.2720690452948584,0.38368258258084,0.7087980791114052,0.3857639137022982,0.5362126046139131,0.8130193925918661,0.6538369123268807,353,128
446,ESM-2 650M,cellular,Pooled Split,RL401_YEAST_Bolon2014,2,0.8190988034229931,0.3096993389607554,0.4308603654779495,0.7110128965858038,0.3584156269047445,0.5064595813658584,0.7775337720151803,0.6827150073386251,267,128
447,ESM-2 650M,cellular,Pooled Split,RL401_YEAST_Bolon2014,3,0.8646889177648371,0.2668215454215144,0.3690633226281012,0.6524512125163551,0.4149099162436876,0.581479762856279,0.7888639771256402,0.6960841935685771,359,128
448,ESM-2 650M,cellular,Pooled Split,RL401_YEAST_Bolon2014,4,0.8185156661187882,0.3079668680132634,0.4328027095092895,0.6130359284404867,0.4114193757429553,0.5785301400599343,0.7827899947023127,0.664186889261744,259,128
449,ESM-2 650M,cellular,Pooled Split,RL401_YEAST_Bolon2014,5,0.8542417936350262,0.2819331009718922,0.3852624238548982,0.6533905431206131,0.3835112254344409,0.5661631132105489,0.7853865273833752,0.6751034088154881,329,128
450,ESM-2 650M,cellular,Pooled Split,KKA2_KLEPN_Mikkelsen2014,1,0.5785518362190505,0.4939519943500511,0.6452995975296958,0.4622664532048792,0.5713692448822978,0.7499074664979067,0.8061643750721126,0.7359094525227619,439,264
451,ESM-2 650M,cellular,Pooled Split,KKA2_KLEPN_Mikkelsen2014,2,0.5705333992647575,0.4992220765874383,0.6530849032349179,0.4907934599310205,0.5558249786775108,0.7233103847914496,0.7994896557437016,0.7579182721871286,453,264
452,ESM-2 650M,cellular,Pooled Split,KKA2_KLEPN_Mikkelsen2014,3,0.5786757781976394,0.494415817523761,0.6514007118234826,0.4971309186026377,0.5474640513255034,0.6988992240846008,0.806764744465971,0.750354363361645,469,264
453,ESM-2 650M,cellular,Pooled Split,KKA2_KLEPN_Mikkelsen2014,4,0.5827040838438233,0.4950513506294691,0.647733814983662,0.4598143989255424,0.5625984611097767,0.7267018529017701,0.8066652485992565,0.7332175286999149,466,264
454,ESM-2 650M,cellular,Pooled Split,KKA2_KLEPN_Mikkelsen2014,5,0.5814219621727927,0.4972734314241514,0.6529752655117383,0.480526213404449,0.5459261224543782,0.6925798889687593,0.8083879685221081,0.7439192011817806,448,264
455,ESM-2 650M,cellular,Pooled Split,AMIE_PSEAE_Whitehead,1,0.5981116603224266,0.4675925115344085,0.6298857956084629,0.4886235791631867,0.5402786041182897,0.7331096689232309,0.797582554408529,0.7418102953612676,466,346
456,ESM-2 650M,cellular,Pooled Split,AMIE_PSEAE_Whitehead,2,0.5904553759640321,0.4757240249923994,0.6404587306632428,0.4908732566674327,0.516884909585728,0.711286102586841,0.7931030317470208,0.7358411083527568,451,346
457,ESM-2 650M,cellular,Pooled Split,AMIE_PSEAE_Whitehead,3,0.5888307724744338,0.4726230512188385,0.6349788427513481,0.5176984611558515,0.5183115383419428,0.7195101003002803,0.7919497418574687,0.7687227193517543,454,346
458,ESM-2 650M,cellular,Pooled Split,AMIE_PSEAE_Whitehead,4,0.5931846224751882,0.4767933713445862,0.6414468895108828,0.4637697710986584,0.5272382848393075,0.715120478379747,0.7955484816714454,0.7198191203514662,412,346
459,ESM-2 650M,cellular,Pooled Split,AMIE_PSEAE_Whitehead,5,0.5957878807475501,0.4758562458594903,0.6403397506438271,0.4699738207542696,0.5228494392292393,0.7066726497505197,0.7963351203733673,0.7242756098787128,441,346
460,ESM-2 650M,cellular,Pooled Split,B3VI55_LIPSTSTABLE,1,0.550114081057104,0.5336840655893443,0.6705636618508095,0.4984283172469946,0.5658528162502825,0.7087808643284914,0.76088245731498,0.7316968349155767,580,439
461,ESM-2 650M,cellular,Pooled Split,B3VI55_LIPSTSTABLE,2,0.5593501116386725,0.5244988569456873,0.6614440134853631,0.44999413071218,0.5975945385125793,0.7520641003833252,0.7680966757125022,0.697563166045571,603,439
462,ESM-2 650M,cellular,Pooled Split,B3VI55_LIPSTSTABLE,3,0.5594563205139107,0.526055032675582,0.661115793630286,0.4571335058704309,0.5881183779128318,0.7483018797752912,0.7659616340804942,0.7084095129834512,599,439
463,ESM-2 650M,cellular,Pooled Split,B3VI55_LIPSTSTABLE,4,0.5533993770664761,0.5306488109201688,0.6691586600520992,0.4814158444453448,0.5661792358425899,0.7163321393131269,0.763648765370921,0.7224505929328211,588,439
464,ESM-2 650M,cellular,Pooled Split,B3VI55_LIPSTSTABLE,5,0.5577307246818015,0.5307040053631357,0.6643876220394022,0.4556856421669655,0.5814155517505202,0.7405396050499574,0.7640293975246567,0.7067760644977001,582,439
465,ESM-2 650M,cellular,Pooled Split,UBC9_HUMAN_Roth2017,1,0.588656957976152,0.4761866458869704,0.6373885825379844,0.3543659316677739,0.5991555925964624,0.8222164563523057,0.7963157285624346,0.6597429411851237,338,159
466,ESM-2 650M,cellular,Pooled Split,UBC9_HUMAN_Roth2017,2,0.5795248057980896,0.4826672037139409,0.659965577974924,0.3930146050276629,0.5541632097498418,0.7209703856795817,0.7949948936347113,0.6636213206496762,344,159
467,ESM-2 650M,cellular,Pooled Split,UBC9_HUMAN_Roth2017,3,0.5960504456655523,0.4678715617782938,0.6239995844457457,0.4503635988394627,0.5681346223873524,0.792918762757395,0.8014416106684592,0.7200873060246911,364,159
468,ESM-2 650M,cellular,Pooled Split,UBC9_HUMAN_Roth2017,4,0.5653869942032419,0.4916314660428315,0.65332264037164,0.4460596065723374,0.5587465237680486,0.7702301922152295,0.7852766035295323,0.7272823865146251,320,159
469,ESM-2 650M,cellular,Pooled Split,UBC9_HUMAN_Roth2017,5,0.5966824332459544,0.4763825960195518,0.6156557009374726,0.3733873234762058,0.583288941405477,0.8815791298323681,0.7951562449292308,0.7103684077994166,335,159
470,ESM-2 650M,cellular,Pooled Split,PTEN_HUMAN_Fowler2018,1,0.6374319663577521,0.4588471047181757,0.6032978928146953,0.5086488736410728,0.5371783145269431,0.6954919512000596,0.7914749608447378,0.7004800779842106,471,403
471,ESM-2 650M,cellular,Pooled Split,PTEN_HUMAN_Fowler2018,2,0.6214545720650725,0.4669037031675606,0.6144365529120157,0.54220817886221,0.5241309861962663,0.6799928634893703,0.7837869683269962,0.724794135980721,432,403
472,ESM-2 650M,cellular,Pooled Split,PTEN_HUMAN_Fowler2018,3,0.6343368597430555,0.4578535842247974,0.6016157133863531,0.5110337254449331,0.5485503740335362,0.7132642881582429,0.7912163706996614,0.7074037997371325,469,403
473,ESM-2 650M,cellular,Pooled Split,PTEN_HUMAN_Fowler2018,4,0.6356961438244935,0.4610891597675858,0.6031216665870026,0.5018565367632359,0.5318375107418893,0.7078017663229846,0.7893834211676619,0.7053508859803052,458,403
474,ESM-2 650M,cellular,Pooled Split,PTEN_HUMAN_Fowler2018,5,0.6286490664743357,0.4650238353456841,0.6078436714021419,0.4952445102382441,0.5451258703720628,0.7171525263349294,0.7871350185715912,0.716337778909172,438,403
475,ESM-2 650M,cellular,Pooled Split,RASH_HUMAN_Kuriyan,1,0.7594113478522424,0.3374971724177075,0.4930137035745816,0.6463867628320084,0.4251764534946448,0.5818518627475341,0.8761185105607632,0.8180129359233742,532,189
476,ESM-2 650M,cellular,Pooled Split,RASH_HUMAN_Kuriyan,2,0.7674373134355065,0.3292776606590764,0.4823560793987667,0.6662112803916762,0.4236535248884829,0.5762105828612742,0.8824336036215911,0.8165163978455658,573,189
477,ESM-2 650M,cellular,Pooled Split,RASH_HUMAN_Kuriyan,3,0.7553217445051389,0.3411218308562189,0.4970615968029089,0.6445265772667805,0.4280356376799237,0.5843433400439814,0.8769484039877576,0.7905426227370922,498,189
478,ESM-2 650M,cellular,Pooled Split,RASH_HUMAN_Kuriyan,4,0.7588076564634529,0.3364779432723432,0.4926907909112349,0.6389018482119575,0.4414967472840541,0.5904066715271618,0.8775411740598652,0.7940214657434518,535,189
479,ESM-2 650M,cellular,Pooled Split,RASH_HUMAN_Kuriyan,5,0.7688233748845865,0.3333930180006252,0.4786063881020147,0.6369562850701275,0.4167094101528228,0.6132129056418629,0.882039461695424,0.8089022371921651,540,189
480,ESM-2 650M,cellular,Pooled Split,RL401_YEAST_Fraser2016,1,0.7031164255181604,0.4054573567929243,0.5546927995323633,0.5210215580252424,0.4807937509233776,0.6323096243721952,0.8087526063434982,0.6601463365472129,210,128
481,ESM-2 650M,cellular,Pooled Split,RL401_YEAST_Fraser2016,2,0.6928336092815431,0.4088268247470953,0.5529906118474347,0.5615126470922196,0.4807455725402117,0.6677848218998974,0.7988541054286346,0.7214354954119022,211,128
482,ESM-2 650M,cellular,Pooled Split,RL401_YEAST_Fraser2016,3,0.6336975271511973,0.440263043375358,0.5994716907771687,0.4645423384046845,0.5687493249664716,0.7584555411139037,0.7657954330440844,0.646267353277939,136,128
483,ESM-2 650M,cellular,Pooled Split,RL401_YEAST_Fraser2016,4,0.6866108892117813,0.401797806903011,0.550565776891053,0.5457769776761845,0.5271084486278291,0.7045633562112718,0.7841256124606111,0.7526206546595594,207,128
484,ESM-2 650M,cellular,Pooled Split,RL401_YEAST_Fraser2016,5,0.7116418961907344,0.3940277721762125,0.5343008231228513,0.4637074395937667,0.5420944704525766,0.744746518136307,0.8082613726142522,0.6475579137663077,207,128
485,ESM-2 650M,cellular,Pooled Split,BG_STRSQ_hmmerbit,1,0.6137495064529347,0.4590522011454996,0.6153991547613087,0.4382298869532464,0.5771009092630184,0.7776457558413543,0.7537857018426116,0.6628852864575767,373,501
486,ESM-2 650M,cellular,Pooled Split,BG_STRSQ_hmmerbit,2,0.5910287976978745,0.4769009872295631,0.6382991009814178,0.4220398602612076,0.5600835086418519,0.7659454201568152,0.7460016508351622,0.6624600733488234,323,501
487,ESM-2 650M,cellular,Pooled Split,BG_STRSQ_hmmerbit,3,0.6092543889353303,0.4684151325100674,0.6257387011990042,0.4504057272479477,0.5372342363700326,0.7382051834677265,0.7545027343655976,0.661501547862816,360,501
488,ESM-2 650M,cellular,Pooled Split,BG_STRSQ_hmmerbit,4,0.6296053845682889,0.4536552609233787,0.6067231569381386,0.4217917388297126,0.5561480419242958,0.7696906148726006,0.7611189654432301,0.6710506982718479,381,501
489,ESM-2 650M,cellular,Pooled Split,BG_STRSQ_hmmerbit,5,0.6056792528151966,0.4724036486838068,0.6313544035766825,0.4050847397682647,0.5588767089332374,0.7542432155920388,0.7488731437678551,0.6276022831707231,349,501
490,ESM-2 650M,cellular,Pooled Split,TPMT_HUMAN_Fowler2018,1,0.5612220214902519,0.49921911083132,0.6628308219843017,0.4955155628168876,0.5355325323012926,0.7078930060143718,0.69231078109453,0.6447003041783295,429,245
491,ESM-2 650M,cellular,Pooled Split,TPMT_HUMAN_Fowler2018,2,0.5658283238481272,0.502722747148656,0.6652369360693787,0.4309798854548485,0.5589674183080099,0.7246738908465112,0.6987015388286141,0.5858793559567893,403,245
492,ESM-2 650M,cellular,Pooled Split,TPMT_HUMAN_Fowler2018,3,0.544853606917323,0.5042962228889732,0.6696609060366464,0.4744433874470045,0.5668864302839777,0.7459630382547914,0.6904071426238177,0.6269235280315567,375,245
493,ESM-2 650M,cellular,Pooled Split,TPMT_HUMAN_Fowler2018,4,0.5770448998682587,0.4890830623095155,0.6449808769935074,0.4684184920386511,0.5602594294430159,0.7525790268899921,0.702816188005021,0.6305688105719025,465,245
494,ESM-2 650M,cellular,Pooled Split,TPMT_HUMAN_Fowler2018,5,0.5513563449034645,0.5069131279758994,0.6723766754596379,0.4207246694378908,0.5715702606582922,0.7488554652324481,0.6931756859690382,0.5885303768978496,365,245
495,ESM-2 650M,cellular,Pooled Split,YAP1_HUMAN_Fields2012_singles,1,0.8337751473946265,0.3006655162555892,0.3992632957151505,0.4417522496010361,0.5683447517381354,0.8039131324833374,0.9205643717933424,0.6765395532518821,118,504
496,ESM-2 650M,cellular,Pooled Split,YAP1_HUMAN_Fields2012_singles,2,0.7519305855071402,0.3700011665533867,0.4955537152202236,0.514370884489744,0.5447024969186697,0.7103638100778804,0.8801768881994989,0.6970874984573615,84,504
497,ESM-2 650M,cellular,Pooled Split,YAP1_HUMAN_Fields2012_singles,3,0.6465147738201465,0.4319595059422589,0.593442143836726,0.3619292059218663,0.6128563432622145,0.8014391277853524,0.8324404406793143,0.6380044427989634,47,504
498,ESM-2 650M,cellular,Pooled Split,YAP1_HUMAN_Fields2012_singles,4,0.8201652861294721,0.3246361326039111,0.4294793231667673,0.4955231369104125,0.5001276105811764,0.6716886514719109,0.909590370478484,0.7303467851413058,90,504
499,ESM-2 650M,cellular,Pooled Split,YAP1_HUMAN_Fields2012_singles,5,0.8741937818064296,0.2750585763316115,0.3489028554253769,0.4560431738245528,0.5185590702126871,0.7829190875968072,0.9370888517678876,0.7197334320621993,127,504
500,ESM-2 650M,cellular,Pooled Split,BLAT_ECOLX_Palzkill2012,1,0.6597452767164189,0.4687478504306055,0.582935052337679,0.5581719992010339,0.5376964267565305,0.6660102600368654,0.8241517667723647,0.765536343425216,477,286
501,ESM-2 650M,cellular,Pooled Split,BLAT_ECOLX_Palzkill2012,2,0.6569548171627762,0.4707743985237975,0.5852815309347106,0.5952018756972277,0.5206468112195308,0.6364255401913886,0.8226478888711778,0.7871882432415465,485,286
502,ESM-2 650M,cellular,Pooled Split,BLAT_ECOLX_Palzkill2012,3,0.6625464396772238,0.4661498464658917,0.5800580886561296,0.5615071012499425,0.5377039976132035,0.6660448409172571,0.8245225458681636,0.7613569181948832,469,286
503,ESM-2 650M,cellular,Pooled Split,BLAT_ECOLX_Palzkill2012,4,0.6664530178116541,0.4660798524361264,0.5791978945163391,0.5479867606776271,0.5307878400075898,0.6643369149500822,0.8275545128622447,0.747737031744086,498,286
504,ESM-2 650M,cellular,Pooled Split,BLAT_ECOLX_Palzkill2012,5,0.6675594378540902,0.4626829616330376,0.5737120684683629,0.5373156872174434,0.5538077382752048,0.6934866284542829,0.8288302236820063,0.7379895372133374,490,286
505,ESM-2 650M,cellular,Pooled Split,HSP82_YEAST_Bolon2016,1,0.8169180645916336,0.2960159211446643,0.433795942513957,0.6166568649144566,0.3843287672351027,0.5826954574688621,0.6871754899569227,0.6154832000375261,622,709
506,ESM-2 650M,cellular,Pooled Split,HSP82_YEAST_Bolon2016,2,0.8031462900125077,0.3015451713469935,0.4444777938639425,0.6967097230325408,0.3717214309309019,0.5467508086901051,0.6874198047300273,0.6180710412110995,603,709
507,ESM-2 650M,cellular,Pooled Split,HSP82_YEAST_Bolon2016,3,0.8075423969858713,0.3023057537877457,0.4403831452542126,0.6859227927621065,0.3689804860558929,0.5517329155934905,0.6860695646328391,0.5877633210486676,623,709
508,ESM-2 650M,cellular,Pooled Split,HSP82_YEAST_Bolon2016,4,0.8091677442176721,0.2972411302554972,0.4345097122497913,0.6943243527271526,0.3693042697979701,0.5644314069905468,0.6869599103339787,0.629001966144399,626,709
509,ESM-2 650M,cellular,Pooled Split,HSP82_YEAST_Bolon2016,5,0.8032107342545196,0.3020495135708744,0.4414399249458843,0.7191242299115413,0.3659811233232179,0.540095073833713,0.6808622067489575,0.6315501926825791,626,709
510,ESM-2 650M,cellular,Pooled Split,MK01_HUMAN_Johannessen,1,0.2509257390547491,0.6358599916620081,0.8646866536418336,0.1658551780677289,0.6661709132862528,0.9165349675224354,0.5475078403440923,0.4565749123580576,289,360
511,ESM-2 650M,cellular,Pooled Split,MK01_HUMAN_Johannessen,2,0.2748705514012145,0.625795026776648,0.8564391678500617,0.1875296346303072,0.6490870549527371,0.8798076506811182,0.5689920001263155,0.4896345812748527,364,360
512,ESM-2 650M,cellular,Pooled Split,MK01_HUMAN_Johannessen,3,0.2691358271820571,0.6254183686045286,0.854428256701287,0.1577464576320886,0.6711699252999959,0.9193276583737918,0.5647572421451739,0.4548861324528401,334,360
513,ESM-2 650M,cellular,Pooled Split,MK01_HUMAN_Johannessen,4,0.2746162652150997,0.6236183398028181,0.854947241022227,0.1869329926164242,0.6540874624125687,0.8877282708153741,0.5747995739303265,0.4791008916852824,350,360
514,ESM-2 650M,cellular,Pooled Split,MK01_HUMAN_Johannessen,5,0.2832392141976932,0.6204766147407693,0.8512096804858744,0.1960341862974846,0.6444156476000237,0.8769202102478099,0.5796348825991483,0.4898662981342565,389,360
515,ESM-2 650M,cellular,Pooled Split,B3VI55_LIPST_Whitehead2015,1,0.3610966651413617,0.6016037098150433,0.7962707960769473,0.2526885534096958,0.6795416206885304,0.8773039388990915,0.5647026895153271,0.4575603607372274,528,439
516,ESM-2 650M,cellular,Pooled Split,B3VI55_LIPST_Whitehead2015,2,0.3467677833088064,0.6111403971278523,0.8060640281554906,0.2919110370204469,0.645839139850364,0.8497870085698666,0.5572485330619805,0.4988572514149758,521,439
517,ESM-2 650M,cellular,Pooled Split,B3VI55_LIPST_Whitehead2015,3,0.3658681186396464,0.6073703528833215,0.7972664765917304,0.2651156874433313,0.6392049655537303,0.8528847756229717,0.5647339205557441,0.4797350700589309,557,439
518,ESM-2 650M,cellular,Pooled Split,B3VI55_LIPST_Whitehead2015,4,0.3663996260314663,0.6107701111423235,0.8002029333266145,0.2608926556724891,0.6308816031057392,0.8412122203806763,0.5624059562688035,0.4872791211596622,556,439
519,ESM-2 650M,cellular,Pooled Split,B3VI55_LIPST_Whitehead2015,5,0.3640097775955947,0.6081744995508389,0.8016041331617425,0.2128985818215563,0.6589061424089243,0.8685936551085279,0.5641809726197261,0.4489620074263284,503,439
520,ESM-2 650M,cellular,Pooled Split,TPK1_HUMAN_Roth2017,1,0.2528079123737526,0.7057533993616374,0.8669236150454132,0.1290741922391672,0.7549923789164923,0.9222243831743364,0.529034785680718,0.3900811691287416,190,243
521,ESM-2 650M,cellular,Pooled Split,TPK1_HUMAN_Roth2017,2,0.2739628244490031,0.693050623404613,0.8521187832221976,0.1192849877635249,0.770218498354352,0.937879134106954,0.5493504958240618,0.3801644852664583,216,243
522,ESM-2 650M,cellular,Pooled Split,TPK1_HUMAN_Roth2017,3,0.255438698639135,0.7071236283801342,0.866071096298952,0.119404113414663,0.752625621644785,0.924355197634988,0.5324000072146153,0.3740215449807503,187,243
523,ESM-2 650M,cellular,Pooled Split,TPK1_HUMAN_Roth2017,4,0.2183612256155561,0.7175028882994141,0.8730553029922907,0.1593287674297604,0.7883954167783764,0.9609631184995052,0.4912835797264469,0.4241892499216478,160,243
524,ESM-2 650M,cellular,Pooled Split,TPK1_HUMAN_Roth2017,5,0.2298164178854227,0.7250613308008851,0.8847424617693662,0.1197755404355307,0.7337266634486849,0.904993280419359,0.5062280525105919,0.3762904931588997,167,243
525,ESM-2 650M,cellular,Pooled Split,TIM_THEMA,1,0.6905464249466371,0.4015044497007889,0.5491533460930261,0.5729265435972091,0.5051361964903309,0.6859547820077958,0.814530432130327,0.7591898102666178,239,252
526,ESM-2 650M,cellular,Pooled Split,TIM_THEMA,2,0.6968506865012245,0.4027758780516405,0.5511540539670782,0.5652446572461871,0.4996867408484002,0.6561739348057214,0.8174353953120638,0.7709727573275015,253,252
527,ESM-2 650M,cellular,Pooled Split,TIM_THEMA,3,0.720916887812924,0.3841514819711029,0.5240195114187614,0.5966494633827413,0.4938065475138324,0.6536237083141738,0.8205765675935867,0.798492512161875,278,252
528,ESM-2 650M,cellular,Pooled Split,TIM_THEMA,4,0.7479537717158449,0.3661430244132493,0.4966136540369698,0.5808781089512254,0.484279429458625,0.6746366248410932,0.8345522315018157,0.7724242446569983,324,252
529,ESM-2 650M,cellular,Pooled Split,TIM_THEMA,5,0.7149438238393753,0.3944839285801161,0.5313920672131979,0.5841273380172727,0.472857269562352,0.6568608558060807,0.823489844288493,0.7544858526988412,271,252
530,ESM-2 650M,cellular,Pooled Split,BLAT_ECOLX_Ranganathan2015,1,0.7994473070936442,0.3522054365196602,0.447169639028263,0.7179451841467486,0.4201887895359415,0.5340929870821363,0.890402001314492,0.8510337950337951,549,286
531,ESM-2 650M,cellular,Pooled Split,BLAT_ECOLX_Ranganathan2015,2,0.7923080043385036,0.3599632969750297,0.4541579122784752,0.7197526007370155,0.4189448792950113,0.5364507306038199,0.8893222733427706,0.8504631130145025,522,286
532,ESM-2 650M,cellular,Pooled Split,BLAT_ECOLX_Ranganathan2015,3,0.7964605407658756,0.3573742640231653,0.4519789814070878,0.7173630566656437,0.4103255703286397,0.5268502091436106,0.8906791494661633,0.8430556110556111,521,286
533,ESM-2 650M,cellular,Pooled Split,BLAT_ECOLX_Ranganathan2015,4,0.7932370172353808,0.3569363328014359,0.451753593872369,0.7258039391297937,0.4201750094760573,0.5359118648829905,0.8876556889723141,0.8592805058583474,510,286
534,ESM-2 650M,cellular,Pooled Split,BLAT_ECOLX_Ranganathan2015,5,0.7907247929486838,0.362756604150245,0.4582721649473858,0.7192564277951816,0.4192598539665478,0.5260948967975084,0.8859769491087234,0.8500307860307861,512,286
535,ESM-2 650M,cellular,Pooled Split,IF1_ECOLI,1,0.8075169487836106,0.3176099471585112,0.4435429161644242,0.6095064214041068,0.4209134509238129,0.5960202381067539,0.7844882505336104,0.6499991397106206,285,72
536,ESM-2 650M,cellular,Pooled Split,IF1_ECOLI,2,0.8181422283867952,0.3095535259776455,0.4310814671867242,0.6028412818629969,0.4382799407221838,0.6009208258711274,0.794602094276627,0.6887456809733256,310,72
537,ESM-2 650M,cellular,Pooled Split,IF1_ECOLI,3,0.8145797520988214,0.3071400491066551,0.4291811702839315,0.6290224691256842,0.4310259321518472,0.6170032811565581,0.798024752180733,0.7143019717273795,306,72
538,ESM-2 650M,cellular,Pooled Split,IF1_ECOLI,4,0.804198359775739,0.3158917856577845,0.4421546137712734,0.6083618300633352,0.4299843822035328,0.6275326266272608,0.7899788262162477,0.64937993250477,321,72
539,ESM-2 650M,cellular,Pooled Split,IF1_ECOLI,5,0.8221923530703805,0.2978739288513696,0.420356012193088,0.6716612433972013,0.4471344189165891,0.580041636090391,0.801879277002648,0.6771285369842192,317,72
540,ESM-2 650M,cellular,Pooled Split,TIM_SULSO,1,0.7587440125633447,0.3741700734786939,0.4881664980209885,0.4970335403816075,0.4911210215619399,0.725904662723017,0.8443594215283761,0.7421104680236578,270,248
541,ESM-2 650M,cellular,Pooled Split,TIM_SULSO,2,0.738074589605439,0.3968000541493454,0.514542124610761,0.5564268768323721,0.503184831529028,0.6512835375156139,0.8318304838548891,0.7323507803757079,239,248
542,ESM-2 650M,cellular,Pooled Split,TIM_SULSO,3,0.7263268506156657,0.4026585335107003,0.5222289987458905,0.6132339168698451,0.4831921176395632,0.6261002936723198,0.8242271352981245,0.7731543208496715,231,248
543,ESM-2 650M,cellular,Pooled Split,TIM_SULSO,4,0.7626409060109752,0.3804169514613529,0.491057365486265,0.558013803351364,0.497738726323556,0.6431318455342396,0.8465201247273011,0.7375384141264718,268,248
544,ESM-2 650M,cellular,Pooled Split,TIM_SULSO,5,0.7514543528326313,0.3838062922274877,0.5031414860963821,0.6471196856761501,0.4502720290266184,0.5715940213649443,0.8373045356417446,0.7891101922961926,279,248
545,ESM-2 650M,cellular,Pooled Split,CALM1_HUMAN_Roth2017,1,0.1637479525863542,0.7175177728404725,0.916995737335655,0.0681581761103347,0.7556212834196449,0.9542456685697563,0.402223035751766,0.2548249238253198,84,149
546,ESM-2 650M,cellular,Pooled Split,CALM1_HUMAN_Roth2017,2,0.1535929779296612,0.7210647229054793,0.9231097931247194,0.037303935036549,0.7542526041113994,0.9623576390138464,0.3793687413524322,0.2155510570520287,70,149
547,ESM-2 650M,cellular,Pooled Split,CALM1_HUMAN_Roth2017,3,0.1641984950979172,0.7240454070385235,0.9203265727001716,0.0351974172863874,0.7509652365645978,0.9540148211374632,0.3915688921646781,0.2007041273302101,82,149
548,ESM-2 650M,cellular,Pooled Split,CALM1_HUMAN_Roth2017,4,0.1507754894672878,0.7032695795684081,0.901968233813146,0.0671383730408221,0.8161517549591427,1.0392388518215134,0.3808781203104966,0.2482973680108827,76,149
549,ESM-2 650M,cellular,Pooled Split,CALM1_HUMAN_Roth2017,5,0.2067328033397247,0.6845107554135347,0.8779131306275035,0.0206077714788476,0.8044062563253598,1.043598643724206,0.4343627216587081,0.1916519058941325,100,149
550,ESM-2 650M,cellular,Pooled Split,TIM_THETH,1,0.8360196023532884,0.3164772532237881,0.4084172286941701,0.6075029690845546,0.476755895077002,0.6041461313318599,0.8930340647158522,0.7679170332909045,354,254
551,ESM-2 650M,cellular,Pooled Split,TIM_THETH,2,0.8552633457930972,0.2940048357514052,0.3819600740300072,0.6274848075663647,0.4761994578526352,0.6004472342582464,0.901643521792678,0.8066077789832479,402,254
552,ESM-2 650M,cellular,Pooled Split,TIM_THETH,3,0.8206382584515867,0.325877097890238,0.4204706768628838,0.6882098758117584,0.449799546121421,0.5706213709922259,0.884558964261688,0.828358224096211,364,254
553,ESM-2 650M,cellular,Pooled Split,TIM_THETH,4,0.8134259120356511,0.3342683980567121,0.431096254009175,0.6732404696187748,0.4561090394838492,0.5722850829791337,0.881953858722219,0.8098997086939065,332,254
554,ESM-2 650M,cellular,Pooled Split,TIM_THETH,5,0.8254897306275775,0.3309876610771015,0.4240014458719853,0.6948514848921501,0.3939067863266365,0.5160134082600492,0.8885350758568205,0.8194436139040997,377,254
555,ESM-2 650M,cellular,Pooled Split,SUMO1_HUMAN_Roth2017,1,0.5802070382504443,0.4988679441006424,0.6460289706865007,0.4097247955740629,0.599760094823919,0.776751185782469,0.7676116823909743,0.6605607222911098,195,101
556,ESM-2 650M,cellular,Pooled Split,SUMO1_HUMAN_Roth2017,2,0.5741555964306468,0.5068666631563791,0.6532959035022504,0.4357184579992206,0.5864083259807666,0.7475198204916133,0.7695756433466246,0.6663494451259463,193,101
557,ESM-2 650M,cellular,Pooled Split,SUMO1_HUMAN_Roth2017,3,0.5856445673914839,0.5002986324731137,0.6463084054496424,0.376339714858671,0.5917730811011005,0.7762159299702065,0.7772662112292915,0.6139347775068109,183,101
558,ESM-2 650M,cellular,Pooled Split,SUMO1_HUMAN_Roth2017,4,0.5861597268307011,0.492899979892865,0.6396135483096812,0.4348634450444076,0.6011283736493057,0.7685918063843915,0.7783840902876309,0.6641840987032126,203,101
559,ESM-2 650M,cellular,Pooled Split,SUMO1_HUMAN_Roth2017,5,0.6001811204118765,0.4944312580388434,0.631988468310185,0.3919498987244754,0.5780406620481416,0.7813227925155845,0.7826771205037597,0.6457385623694997,212,101
560,ESM-2 650M,cellular,Pooled Split,BRCA1_HUMAN_BRCT,1,0.6996282746724178,0.4179908182020251,0.5604272005549458,0.4212355760268421,0.4918336847129035,0.6783195402395452,0.7009217820509985,0.4965410602368422,239,1863
561,ESM-2 650M,cellular,Pooled Split,BRCA1_HUMAN_BRCT,2,0.6712315781815297,0.4241378317371522,0.5723305124165852,0.450302074952524,0.5309378126359812,0.7451647958746358,0.6854489375474342,0.5525294334442276,205,1863
562,ESM-2 650M,cellular,Pooled Split,BRCA1_HUMAN_BRCT,3,0.7166325096780983,0.3938779291364408,0.52812484801225,0.4335731986624301,0.5588619363747244,0.7757595014355009,0.7076276893739338,0.5351758448917622,259,1863
563,ESM-2 650M,cellular,Pooled Split,BRCA1_HUMAN_BRCT,4,0.6331293085677967,0.4519681505010696,0.6147457783161984,0.466963999661104,0.5083426591935406,0.6838901877934789,0.6648673870354489,0.5011899864464104,160,1863
564,ESM-2 650M,cellular,Pooled Split,BRCA1_HUMAN_BRCT,5,0.6811454851623513,0.4136204931778679,0.5596165602764103,0.5408909394764028,0.5211519292798042,0.7012623345800005,0.6777315882780547,0.6285111087568734,219,1863
565,ESM-2 650M,cellular,Pooled Split,MTH3_HAEAESTABILIZED_Tawfik2015,1,0.4607358135053546,0.5992778572677425,0.7318212529041406,0.4328297078795734,0.6309628842994112,0.7627698812895134,0.6941873916890734,0.6695571585929794,114,331
566,ESM-2 650M,cellular,Pooled Split,MTH3_HAEAESTABILIZED_Tawfik2015,2,0.4751563693727135,0.5954862423825659,0.7262495080295184,0.4651399176446581,0.5923289909116876,0.7238187419915416,0.7073874374658902,0.6942944648131979,140,331
567,ESM-2 650M,cellular,Pooled Split,MTH3_HAEAESTABILIZED_Tawfik2015,3,0.5890862924455103,0.5168211097484245,0.6423127598310029,0.3407641955998464,0.6613799739329365,0.8020986374190112,0.780988351378145,0.6070539585580672,251,331
568,ESM-2 650M,cellular,Pooled Split,MTH3_HAEAESTABILIZED_Tawfik2015,4,0.6217460985901836,0.4928720969345223,0.615765783801885,0.3089333471846143,0.6689079776812602,0.8268827553484194,0.8043732224904657,0.5864554189755818,282,331
569,ESM-2 650M,cellular,Pooled Split,MTH3_HAEAESTABILIZED_Tawfik2015,5,0.5679068213494605,0.5331143600934722,0.6584162710882321,0.3343975909247387,0.6430512858758817,0.8103037178351764,0.7697539900982844,0.586361574604857,205,331
570,ESM-2 650M,cellular,Pooled Split,DLG4_RAT_Ranganathan2012,1,0.7739608714250088,0.3246828249064248,0.4703640286679226,0.5975482180948203,0.4504268694300741,0.6606684511228058,0.7520851789411906,0.6594378237251256,303,724
571,ESM-2 650M,cellular,Pooled Split,DLG4_RAT_Ranganathan2012,2,0.7732651338593015,0.3428034682481463,0.4905769152252757,0.5283016579912818,0.4010991624640383,0.5907084265905623,0.7521056697064481,0.5987315696659389,313,724
572,ESM-2 650M,cellular,Pooled Split,DLG4_RAT_Ranganathan2012,3,0.7682119726566714,0.331758585883181,0.480795176343881,0.5989428427702843,0.4352868571156223,0.6366790994378615,0.7486268126388351,0.6529287604569304,320,724
573,ESM-2 650M,cellular,Pooled Split,DLG4_RAT_Ranganathan2012,4,0.7636618568496752,0.3346118543446715,0.4845181969650495,0.6105913789650669,0.4238950864807969,0.6321744524289957,0.7559340890153303,0.6150040125180903,300,724
574,ESM-2 650M,cellular,Pooled Split,DLG4_RAT_Ranganathan2012,5,0.7657107774713785,0.3375512586312494,0.4822843668668755,0.5672871609896981,0.424443552194067,0.6671981595698753,0.7519473617383922,0.6818634400246225,311,724
575,ESM-2 650M,cellular,Site Split,TIM_SULSO,1,0.4546191885922717,0.6083137967081771,0.746457974053232,0.2142948506673438,0.6900993737324693,0.8468694957692239,0.6698607050673572,0.5106762947185097,40,248
576,ESM-2 650M,cellular,Site Split,TIM_SULSO,2,0.5485186442555913,0.5335224864120853,0.669489453804712,0.236082875693835,0.7174286257346082,0.8754826298808981,0.7440642465085322,0.4338871850946958,72,248
577,ESM-2 650M,cellular,Site Split,TIM_SULSO,3,0.47951265451414,0.5704348645980002,0.7163643430195226,0.0988981237170915,0.76445869809141,0.9131183446872296,0.6651210852979546,0.5712352478618032,60,248
578,ESM-2 650M,cellular,Site Split,TIM_SULSO,4,0.4581518318948412,0.5903612739914034,0.7392360714302135,0.2716694273207269,0.6890955223064482,0.8262616588076884,0.6648176213581356,0.5798034089437205,51,248
579,ESM-2 650M,cellular,Site Split,TIM_SULSO,5,0.3770290728140573,0.6408005531492442,0.7801134040703852,0.3870562729172381,0.6861189116148284,0.8171994559055119,0.6213326024194232,0.6167501003767332,35,248
580,ESM-2 650M,cellular,Site Split,IF1_ECOLI,1,0.3618162197288133,0.572089918989561,0.7998360102116531,0.3415885739022788,0.6229106723633691,0.8046581034379091,0.5211682575150889,0.4823089163912626,45,72
581,ESM-2 650M,cellular,Site Split,IF1_ECOLI,2,0.3635696557275749,0.5408458954509265,0.7545899352253619,0.2603433850574261,0.7519348456711676,1.0135022347141935,0.5472556538580552,0.4662667840171931,37,72
582,ESM-2 650M,cellular,Site Split,IF1_ECOLI,3,0.4882870124645133,0.4732100233911729,0.6712697968785061,0.1310355363495041,0.8088289561327101,1.1036513858505936,0.608798003399319,0.4014967229893685,51,72
583,ESM-2 650M,cellular,Site Split,IF1_ECOLI,4,0.3663412687353975,0.6183780458063454,0.8268542486499947,0.0180601030211052,0.6009596075697541,0.7509167763141625,0.552273080073917,0.2906852253637294,27,72
584,ESM-2 650M,cellular,Site Split,IF1_ECOLI,5,0.3647382345082328,0.5845720147249724,0.8092776235886113,0.0930722013485256,0.7058488456481393,0.8941767947716578,0.5612237233963869,0.1680077768786635,24,72
585,ESM-2 650M,cellular,Site Split,TIM_THEMA,1,0.4936676941180635,0.541038285201363,0.7297044264436241,0.0355962515987011,0.7250616676875924,0.8659321967800645,0.7309200156851973,0.455118786253086,71,252
586,ESM-2 650M,cellular,Site Split,TIM_THEMA,2,0.3450893830360604,0.6151204489730969,0.8179046102698477,-0.0410388942427306,0.7899261789072525,0.9663506708395344,0.6201562451857798,0.185673036673814,40,252
587,ESM-2 650M,cellular,Site Split,TIM_THEMA,3,0.3977557365494629,0.5948813660477165,0.7952711581890141,0.3481807023340244,0.5533769105072022,0.7218792137734731,0.6731184316328321,0.6078418370054705,53,252
588,ESM-2 650M,cellular,Site Split,TIM_THEMA,4,0.1966083732451832,0.6876105422461517,0.8986687178030329,0.1462124828115728,0.7047512827933761,0.9067730612926872,0.5311916147273847,0.3372521548962489,14,252
589,ESM-2 650M,cellular,Site Split,TIM_THEMA,5,0.4305727281010645,0.5494391026313241,0.7457539609367674,0.2449728937486863,0.708907060094344,0.9072608872362196,0.7044343841645443,0.477858601218189,69,252
590,ESM-2 650M,cellular,Site Split,PTEN_HUMAN_Fowler2018,1,0.450908172629151,0.5639544661874402,0.7267459087087773,0.3577013557762845,0.6786109832204164,0.8548310233996629,0.6842264752579149,0.620534418233717,126,403
591,ESM-2 650M,cellular,Site Split,PTEN_HUMAN_Fowler2018,2,0.5627086844572582,0.5110180737464813,0.6652667637042655,0.3094211727233434,0.6395597261305622,0.8107693582485576,0.7508772173925455,0.528692874035879,229,403
592,ESM-2 650M,cellular,Site Split,PTEN_HUMAN_Fowler2018,3,0.4632131959883799,0.5737987957507369,0.739747243948057,0.3169067654870665,0.6236918661385533,0.7928459956936964,0.6935978761160159,0.5588812005263877,118,403
593,ESM-2 650M,cellular,Site Split,PTEN_HUMAN_Fowler2018,4,0.5255669393197338,0.5356517719079192,0.6947584149093116,0.3119895107940841,0.6284017829947691,0.8003364743881094,0.7278367502645579,0.5553563115774448,192,403
594,ESM-2 650M,cellular,Site Split,PTEN_HUMAN_Fowler2018,5,0.3739463125366041,0.6220526246093028,0.7887799276512747,0.2723190223349959,0.6887087723409533,0.8628491461203565,0.6259072854141362,0.5337203484247075,73,403
595,ESM-2 650M,cellular,Site Split,BRCA1_HUMAN_RING,1,0.7803312428935429,0.3652357344156428,0.4709842693381775,0.0184073183660803,0.595303749250957,0.956736958740708,0.7495840933092521,0.3312952250832786,100,1863
596,ESM-2 650M,cellular,Site Split,BRCA1_HUMAN_RING,2,0.4580837953610338,0.5440109016027936,0.7341416394850482,0.5444100840017578,0.5419770923967536,0.6818181543202131,0.5823987642116827,0.5375385934511844,21,1863
597,ESM-2 650M,cellular,Site Split,BRCA1_HUMAN_RING,3,0.528000858148746,0.4957148080144233,0.678248460475318,0.4295625851484538,0.5968818364248989,0.7858356847733565,0.5879665505686826,0.6158128335569312,31,1863
598,ESM-2 650M,cellular,Site Split,BRCA1_HUMAN_RING,4,0.6884449961241712,0.4143911842147862,0.5668390179989106,0.4350048523600773,0.5461123517591201,0.7056742292336589,0.7008974972186816,0.4423589786047554,77,1863
599,ESM-2 650M,cellular,Site Split,BRCA1_HUMAN_RING,5,0.6431239479971438,0.4217663768032247,0.5546220558864078,0.1374873037432225,0.7482319670904638,1.1012603525398512,0.6332502588906458,0.5078630193327883,49,1863
600,ESM-2 650M,cellular,Site Split,TPMT_HUMAN_Fowler2018,1,0.4593662907807342,0.5486527545649934,0.7271264258853853,0.28030163056001,0.6789343312062079,0.8843745524541552,0.6448278533691844,0.5247361407962726,157,245
601,ESM-2 650M,cellular,Site Split,TPMT_HUMAN_Fowler2018,2,0.3812424628401897,0.599163732861796,0.7905488236952514,0.3179279210412189,0.6218958985458257,0.8094893191860356,0.5979133673790971,0.568781551027582,86,245
602,ESM-2 650M,cellular,Site Split,TPMT_HUMAN_Fowler2018,3,0.4124178966671135,0.5772392627064123,0.7649699649931089,0.3091667269692826,0.6529543116018764,0.8368993128167169,0.6108370201182862,0.5529593812453125,117,245
603,ESM-2 650M,cellular,Site Split,TPMT_HUMAN_Fowler2018,4,0.4546163591478488,0.5653394991762016,0.7398964687465213,0.2726547226767173,0.6333494158543105,0.8466501625407633,0.6287879394414587,0.4961390226971507,143,245
604,ESM-2 650M,cellular,Site Split,TPMT_HUMAN_Fowler2018,5,0.4154099648623379,0.5805218577588741,0.7675484483590899,0.1899875745874837,0.6721359321403486,0.8844867045154632,0.6175992949330823,0.4519233752902839,92,245
605,ESM-2 650M,cellular,Site Split,TIM_THETH,1,0.7898960047174536,0.344263994745885,0.4410890488778893,0.3941319450270423,0.7090598202061111,0.8774532692756892,0.8721705751784842,0.5947300667952119,224,254
606,ESM-2 650M,cellular,Site Split,TIM_THETH,2,0.3995830208204196,0.6555966450948247,0.7737770879392825,0.1906044657363922,0.7774564808646804,0.9021400499283534,0.6335068950529685,0.4425891110844218,36,254
607,ESM-2 650M,cellular,Site Split,TIM_THETH,3,0.4077044245103489,0.6632309549316083,0.7856336132288677,0.1135514260396168,0.7364810256017016,0.8573410736494843,0.6385248618672447,0.3088416952135248,29,254
608,ESM-2 650M,cellular,Site Split,TIM_THETH,4,0.6836191954494768,0.4491500272386933,0.5618639557353957,-0.0457226440907618,0.8315937758467888,1.020889901368336,0.8137410050430854,0.361731088781203,145,254
609,ESM-2 650M,cellular,Site Split,TIM_THETH,5,0.4437459282888928,0.6358608382060428,0.7539984969380332,0.0217299219304745,0.7957717599203942,0.9355176226600768,0.6828682579121819,0.2225877548928318,34,254
610,ESM-2 650M,cellular,Site Split,CALM1_HUMAN_Roth2017,1,0.1621458108709015,0.7150889086671851,0.9134603278676604,0.0540518323021433,0.7656680480765724,0.9795349022502644,0.3897412533767977,0.2566391734932703,87,149
611,ESM-2 650M,cellular,Site Split,CALM1_HUMAN_Roth2017,2,0.1524252141905128,0.7168435138348057,0.9152160560373722,-0.0022235292012491,0.7682442369524084,1.0209534181157276,0.4039551804792441,0.1772460952414165,72,149
612,ESM-2 650M,cellular,Site Split,CALM1_HUMAN_Roth2017,3,0.0809294674134928,0.7554662256154672,0.9501169765000708,0.0332937326699818,0.7978989773153514,1.0140751921231146,0.2908604943689342,0.2057866556690221,34,149
613,ESM-2 650M,cellular,Site Split,CALM1_HUMAN_Roth2017,4,0.0577184600420291,0.7873566692108926,0.9867484664250764,0.013589309499767,0.7524703189267381,0.9226922136672416,0.2530873445458725,0.1375448879065919,19,149
614,ESM-2 650M,cellular,Site Split,CALM1_HUMAN_Roth2017,5,0.1305619376351459,0.7245718091493166,0.9249270915172156,-0.0332713810811982,0.7894335227949336,1.0409998122171142,0.3504309273392439,0.0977586658623824,55,149
615,ESM-2 650M,cellular,Site Split,HSP82_YEAST_Bolon2016,1,0.5651205208484552,0.4520776414151255,0.6625406977238252,0.3321405458207316,0.5552699232770774,0.8021308623159404,0.5448902975801204,0.5207595395222643,86,709
616,ESM-2 650M,cellular,Site Split,HSP82_YEAST_Bolon2016,2,0.5476324519700926,0.4722722943954567,0.6886992993922396,0.3400040652617203,0.4972704512650887,0.7280621860700575,0.5718315293508418,0.3775596079925482,86,709
617,ESM-2 650M,cellular,Site Split,HSP82_YEAST_Bolon2016,3,0.5961418632878369,0.4258589125205945,0.622823165488627,0.2937627648341849,0.596789190688533,0.901335639525052,0.5593561002693135,0.4923609918712009,120,709
618,ESM-2 650M,cellular,Site Split,HSP82_YEAST_Bolon2016,4,0.6053757481250732,0.4546041086676674,0.658449341918768,0.1322253294820924,0.4855274660093202,0.6863423416425961,0.5894329773888508,0.3366527969297643,108,709
619,ESM-2 650M,cellular,Site Split,HSP82_YEAST_Bolon2016,5,0.5450697706639338,0.4860362372011533,0.7039971742752514,0.1926574657023035,0.4937161153395984,0.7022847772460715,0.5714239273243616,0.3846894151447279,89,709
620,ESM-2 650M,cellular,Site Split,B3VI55_LIPST_Whitehead2015,1,0.15309765497794,0.6823034437372253,0.9122065465968876,0.1392382520003808,0.7006078861560974,0.9568275597238268,0.4094297983469108,0.3924148639651326,40,439
621,ESM-2 650M,cellular,Site Split,B3VI55_LIPST_Whitehead2015,2,0.2140529200346748,0.6689755135084188,0.8943789930641082,0.0932778846558031,0.7018357493372888,0.917599069820238,0.4568674858456075,0.3526820974856574,87,439
622,ESM-2 650M,cellular,Site Split,B3VI55_LIPST_Whitehead2015,3,0.1564428811616469,0.6870960476634143,0.9261449243894808,0.1255426440473976,0.6875840157004923,0.9026477342744844,0.4078610822616689,0.3771964036957766,37,439
623,ESM-2 650M,cellular,Site Split,B3VI55_LIPST_Whitehead2015,4,0.1754898393168374,0.6783230953022326,0.9080390330762622,0.123840395740094,0.6973528680230674,0.9359380618450066,0.4271340916724907,0.3940865128264326,56,439
624,ESM-2 650M,cellular,Site Split,B3VI55_LIPST_Whitehead2015,5,0.1473641450473745,0.6929952333698269,0.9335846932287332,0.0991966615999344,0.6888763647816876,0.9060786070509262,0.4018081411759009,0.3443022170105839,30,439
625,ESM-2 650M,cellular,Site Split,GAL4_YEAST_Shendure2015,1,0.4712050036555565,0.5992047579116198,0.7292061602131432,0.267898434848298,0.7071282688401591,0.8453240363203296,0.7453596432677423,0.5557120259358368,51,881
626,ESM-2 650M,cellular,Site Split,GAL4_YEAST_Shendure2015,2,0.4950262522552857,0.5848009901845984,0.7176974450185419,0.0884672940842795,0.744787712917501,0.9089558197278808,0.7452566110055464,0.5063326074148228,50,881
627,ESM-2 650M,cellular,Site Split,GAL4_YEAST_Shendure2015,3,0.4634101991550235,0.5975694337081269,0.7316336279144983,0.1721687440179073,0.7637309646811171,0.912726772148718,0.7305199821641325,0.5122500895454185,47,881
628,ESM-2 650M,cellular,Site Split,GAL4_YEAST_Shendure2015,4,0.5975905243520563,0.5066803869736753,0.6359894896727961,-0.0808290857525375,0.8466419546220701,1.0231883607384242,0.7943193516146366,0.2870255091794517,121,881
629,ESM-2 650M,cellular,Site Split,GAL4_YEAST_Shendure2015,5,0.5260753373596789,0.5510006052568903,0.6849388649797309,0.1119850012575833,0.8131277683315484,0.9422666823809132,0.7677792691893349,0.3982464475662813,73,881
630,ESM-2 650M,cellular,Site Split,SUMO1_HUMAN_Roth2017,1,0.4861889596954541,0.5504224888518642,0.7088988345127393,0.2653943248051621,0.7026851785028957,0.878550947293656,0.7107519740379119,0.6049025300551792,102,101
631,ESM-2 650M,cellular,Site Split,SUMO1_HUMAN_Roth2017,2,0.5763579095344449,0.5020945494901845,0.6478984603188623,0.2864034088863479,0.6783851802686317,0.858479480274625,0.7750110512598479,0.5402160711477116,165,101
632,ESM-2 650M,cellular,Site Split,SUMO1_HUMAN_Roth2017,3,0.5202771547287952,0.5357437390495922,0.6838252191369741,0.3623567230866982,0.6630322573914335,0.8370568446032102,0.7326700607264991,0.6663889310537923,121,101
633,ESM-2 650M,cellular,Site Split,SUMO1_HUMAN_Roth2017,4,0.5226795762063339,0.5344043426514301,0.6847947960904447,0.2821622585271581,0.6978525479906605,0.8753439874198561,0.7329763505626674,0.5609170461218832,130,101
634,ESM-2 650M,cellular,Site Split,SUMO1_HUMAN_Roth2017,5,0.5501663566389499,0.534309094809936,0.6755939213040962,0.1940025145962729,0.6605523383894912,0.8694298249550593,0.7538008821361486,0.5181852709062944,124,101
635,ESM-2 650M,cellular,Site Split,RASH_HUMAN_Kuriyan,1,0.1725297042583062,0.7109752626359108,0.8905896098083715,0.0305376726535865,0.7717572050363369,1.0484741927842975,0.4805780618114512,0.3496652392407786,16,189
636,ESM-2 650M,cellular,Site Split,RASH_HUMAN_Kuriyan,2,0.4953931726840505,0.52102257141414,0.7064765195781381,0.1910240654853536,0.6828910779565369,0.918285599698098,0.7346700831991481,0.4636217496934871,83,189
637,ESM-2 650M,cellular,Site Split,RASH_HUMAN_Kuriyan,3,0.5358999073247899,0.5029965236388657,0.6717400692705398,0.1648472913071026,0.6811280517186405,0.9523728869929368,0.7564937228547027,0.4463633360653167,113,189
638,ESM-2 650M,cellular,Site Split,RASH_HUMAN_Kuriyan,4,0.1838863489845397,0.706479825083829,0.9126388119603948,0.1045930241846974,0.7117784723357667,0.9073138443495732,0.4938628708169496,0.3620758462503728,15,189
639,ESM-2 650M,cellular,Site Split,RASH_HUMAN_Kuriyan,5,0.4941460651314374,0.5491709897498798,0.7349858341318156,0.2047595554137434,0.5575942508070503,0.748831233049801,0.7413286496504476,0.5309609657019001,103,189
640,ESM-2 650M,cellular,Site Split,BLAT_ECOLX_Ostermeier2014,1,0.6072165206508789,0.5071831750084151,0.6319876894454056,0.3594973571428437,0.6089727517965398,0.7676085911408516,0.8001051558202273,0.6391209568764533,130,286
641,ESM-2 650M,cellular,Site Split,BLAT_ECOLX_Ostermeier2014,2,0.5018012669782772,0.5703616109643139,0.6978687524913969,0.431200253321676,0.6450624219585047,0.7795662581158753,0.7379274884300485,0.6768134965399351,76,286
642,ESM-2 650M,cellular,Site Split,BLAT_ECOLX_Ostermeier2014,3,0.4926737406193429,0.5879058166678918,0.7176551594513514,0.4326785184522946,0.5992313770347668,0.7206166360570186,0.7317053038599921,0.6828842015534866,67,286
643,ESM-2 650M,cellular,Site Split,BLAT_ECOLX_Ostermeier2014,4,0.5713031896431364,0.5303971984310047,0.654320476990971,0.3735753771360285,0.6237930240643734,0.7814325242651463,0.7813605092221406,0.6526027589140657,117,286
644,ESM-2 650M,cellular,Site Split,BLAT_ECOLX_Ostermeier2014,5,0.5729359820239285,0.5246135081215242,0.6482952003526994,0.4168100805027583,0.6335164525950755,0.787113766175982,0.7785574597731839,0.664701624146861,122,286
645,ESM-2 650M,cellular,Site Split,BLAT_ECOLX_Ranganathan2015,1,0.654550366758454,0.4781723922490339,0.5868912236190548,0.4366215827570943,0.6003972641275712,0.7529586854770488,0.8230816146525743,0.6772117801537115,147,286
646,ESM-2 650M,cellular,Site Split,BLAT_ECOLX_Ranganathan2015,2,0.6712838772735641,0.4625080933887072,0.570889783744692,0.3969699661240999,0.6216780195756005,0.7895430136333124,0.8323688928185142,0.6569974983282948,169,286
647,ESM-2 650M,cellular,Site Split,BLAT_ECOLX_Ranganathan2015,3,0.6663894621747216,0.4774121200097533,0.5832847039125566,0.476824608998615,0.5554858065367884,0.6826546558623011,0.8361970990508897,0.6988739643286543,169,286
648,ESM-2 650M,cellular,Site Split,BLAT_ECOLX_Ranganathan2015,4,0.5536824398274272,0.5559233500979738,0.6696352843243919,0.4205016728654598,0.6160044498502063,0.7536797178333527,0.7713218713275284,0.6542705236351273,78,286
649,ESM-2 650M,cellular,Site Split,BLAT_ECOLX_Ranganathan2015,5,0.5968979133410941,0.524624870394868,0.6354665891684914,0.4768171651634023,0.5976004292959349,0.7168319095728555,0.7955371378194963,0.7053031702949866,103,286
650,ESM-2 650M,cellular,Site Split,MTH3_HAEAESTABILIZED_Tawfik2015,1,0.382909585381884,0.6632253709652157,0.791294417946391,0.3445748570606538,0.651499040091149,0.7808031549253552,0.6350574809738372,0.6027790692931214,49,331
651,ESM-2 650M,cellular,Site Split,MTH3_HAEAESTABILIZED_Tawfik2015,2,0.4309298037155711,0.623651541975491,0.7534538319513722,0.2532764610167408,0.7347135162303323,0.8656464511980434,0.674578634222393,0.511469082642213,64,331
652,ESM-2 650M,cellular,Site Split,MTH3_HAEAESTABILIZED_Tawfik2015,3,0.3965073334876897,0.6524141428429143,0.7782439264148808,0.2979816389796687,0.690552823833251,0.8296815071834397,0.6451136353415426,0.5579665432314574,52,331
653,ESM-2 650M,cellular,Site Split,MTH3_HAEAESTABILIZED_Tawfik2015,4,0.3904749954129139,0.648488124302765,0.7746213587971589,0.3762967513394385,0.6793342821742574,0.8132695521758818,0.6431764357466525,0.6161997380137242,65,331
654,ESM-2 650M,cellular,Site Split,MTH3_HAEAESTABILIZED_Tawfik2015,5,0.3921624319146937,0.6525238796568674,0.7821451319217599,0.2933544007731666,0.6995889342265744,0.8264399546869654,0.6414868667776843,0.5398837515999445,52,331
655,ESM-2 650M,cellular,Site Split,UBC9_HUMAN_Roth2017,1,0.6042435386934609,0.4558200541845824,0.5877905941164863,0.0775033364877345,0.8101600733926387,1.133747516947123,0.8002519868828588,0.3651007270098986,294,159
656,ESM-2 650M,cellular,Site Split,UBC9_HUMAN_Roth2017,2,0.5912198039340651,0.4833277194736909,0.6581059996892794,-0.0694504139945086,0.7285110386645364,0.9054707773358333,0.8019422544981007,0.2889177758672069,291,159
657,ESM-2 650M,cellular,Site Split,UBC9_HUMAN_Roth2017,3,0.5284889772579646,0.5201748373023466,0.6906353341510888,0.0987235065638494,0.6797949437891617,0.9080184625117586,0.7642357476388142,0.4370023279945941,201,159
658,ESM-2 650M,cellular,Site Split,UBC9_HUMAN_Roth2017,4,0.5005336609412285,0.5214997283665882,0.7076249102105635,0.1946706699060091,0.7158488606056834,0.8882494920624465,0.7548841881809538,0.4497723456289234,205,159
659,ESM-2 650M,cellular,Site Split,UBC9_HUMAN_Roth2017,5,0.587325685300315,0.4843004992032417,0.6424316843555421,0.2482223736180377,0.6304859340795618,0.8616198728188329,0.7959503036804159,0.593281056999465,337,159
660,ESM-2 650M,cellular,Site Split,YAP1_HUMAN_Fields2012_singles,1,0.8105413191887969,0.336943437883624,0.4489641617724111,0.2912346123109218,0.5335800009246457,0.7110733714929983,0.9055631786183032,0.6688572133777615,91,504
661,ESM-2 650M,cellular,Site Split,YAP1_HUMAN_Fields2012_singles,2,0.6238106802472639,0.4355345147789653,0.597777266237505,0.085049418674211,0.8207245907034275,1.020194697486704,0.8199440133970362,0.3349228063318351,37,504
662,ESM-2 650M,cellular,Site Split,YAP1_HUMAN_Fields2012_singles,3,0.6330988650077805,0.4694060058396909,0.6378327499583819,0.0062872844310402,0.6185426760876513,0.7772155440875789,0.8273442734108974,0.5489926090918296,40,504
663,ESM-2 650M,cellular,Site Split,YAP1_HUMAN_Fields2012_singles,4,0.559716976197999,0.4790454313697556,0.6566334146743951,0.2292135811825405,0.7312897170757758,0.9050989724537288,0.7860138522175028,0.5950196449755663,37,504
664,ESM-2 650M,cellular,Site Split,YAP1_HUMAN_Fields2012_singles,5,0.2467403162141459,0.6107774693341864,0.8164758843478974,-0.059099591206001,0.8595604300523197,1.131737935539022,0.6400711688713546,0.4173208513496494,6,504
665,ESM-2 650M,cellular,Site Split,DLG4_RAT_Ranganathan2012,1,0.5965482703539803,0.4159504409366252,0.6214776149528839,0.0687847170534734,0.7391609506352983,1.0282113156845103,0.6515637822974673,0.1988902716076119,106,724
666,ESM-2 650M,cellular,Site Split,DLG4_RAT_Ranganathan2012,2,0.1132349062377197,0.6430154635390408,0.9486489860370853,0.1177049835330759,0.5959019837037807,0.9089060872184742,0.3345990310943407,0.4336123793942915,7,724
667,ESM-2 650M,cellular,Site Split,DLG4_RAT_Ranganathan2012,3,0.191022332379754,0.6728865049348819,0.9487729290553268,-0.1815363156864788,0.5562923047687078,0.7331227014860153,0.4629443194849175,0.2525977707864985,11,724
668,ESM-2 650M,cellular,Site Split,DLG4_RAT_Ranganathan2012,4,0.0521478857353262,0.7178237222287063,1.015347052521235,0.1015138298029391,0.5018405699594672,0.7596118883009733,0.2360699636549787,0.2675612069693046,1,724
669,ESM-2 650M,cellular,Site Split,DLG4_RAT_Ranganathan2012,5,0.0525799188895695,0.6198041312482043,0.9133377924322398,0.0597089776090843,0.7886217730832499,1.1622782841599533,0.2003569875655423,0.3727972435611631,1,724
670,ESM-2 650M,cellular,Site Split,BLAT_ECOLX_Tenaillon2013,1,0.6447586256270346,0.471944949320546,0.5992389236042794,0.3917191787228014,0.5838351056406343,0.7629492962072335,0.7362942835449826,0.6511541012650204,102,286
671,ESM-2 650M,cellular,Site Split,BLAT_ECOLX_Tenaillon2013,2,0.6181638717139626,0.479191882488959,0.6109225573871588,0.3973700973004552,0.6225151419553451,0.8078269495731479,0.7275794926312954,0.6123133255308325,92,286
672,ESM-2 650M,cellular,Site Split,BLAT_ECOLX_Tenaillon2013,3,0.6373060568596707,0.4573248920189734,0.5860495553191558,0.3942334054435333,0.6561503095038036,0.8483691180521443,0.7343174744391565,0.6415304260901766,103,286
673,ESM-2 650M,cellular,Site Split,BLAT_ECOLX_Tenaillon2013,4,0.6480933327128156,0.4546381325201422,0.5882450642601864,0.4530376653566753,0.6066571564206288,0.7637649985215763,0.7511707670005882,0.6391942708740052,118,286
674,ESM-2 650M,cellular,Site Split,BLAT_ECOLX_Tenaillon2013,5,0.5029120141092505,0.5559328464955747,0.6991898527602551,0.3968119794524724,0.6033547009936178,0.7993815033221402,0.6755869299919887,0.6163519518421967,50,286
675,ESM-2 650M,cellular,Site Split,TPK1_HUMAN_Roth2017,1,0.2810514094099999,0.6846214214990795,0.8472570566366653,0.0107171232816241,0.8117368649172837,0.9975542817384032,0.5576133784566627,0.2858595618824795,215,243
676,ESM-2 650M,cellular,Site Split,TPK1_HUMAN_Roth2017,2,0.2208181586166004,0.7318823414873031,0.8893202702276176,0.0633552328309907,0.7800123894582978,0.9361262897071196,0.4977145770076982,0.2804606027272785,145,243
677,ESM-2 650M,cellular,Site Split,TPK1_HUMAN_Roth2017,3,0.2006866588931894,0.7305458385496002,0.883530214640803,0.1235096946138376,0.7949492555604666,0.9768965268945052,0.4758386385332622,0.3932520367628621,126,243
678,ESM-2 650M,cellular,Site Split,TPK1_HUMAN_Roth2017,4,0.1806537191821732,0.7523238632808303,0.9064687260514784,0.1192688172498258,0.7702444895499327,0.9301302822495452,0.4492560758488531,0.389480717518196,110,243
679,ESM-2 650M,cellular,Site Split,TPK1_HUMAN_Roth2017,5,0.2385831750822081,0.7195953567523588,0.8789481532014173,0.0619890118356962,0.7720636831819615,0.9396360113022618,0.5177888528190994,0.2943682875562272,163,243
680,ESM-2 650M,cellular,Site Split,MK01_HUMAN_Johannessen,1,0.1544570828086781,0.6809834219496833,0.9188627274512812,0.0564759626673309,0.7213073229486922,0.9726799479421112,0.4448839548732774,0.2623063349449641,72,360
681,ESM-2 650M,cellular,Site Split,MK01_HUMAN_Johannessen,2,0.1575662912535338,0.6727231506707579,0.914478471473084,0.084370287198523,0.7185341939587503,0.9607777947095024,0.4520019055332256,0.3254307565285799,87,360
682,ESM-2 650M,cellular,Site Split,MK01_HUMAN_Johannessen,3,0.1323283924338647,0.6887505906228123,0.930104172986705,0.0888179512476422,0.7209102970643835,0.95990587336877,0.4229392365867765,0.3313828768612556,64,360
683,ESM-2 650M,cellular,Site Split,MK01_HUMAN_Johannessen,4,0.170997434426683,0.673272621215494,0.9126699512019724,0.0303980714508663,0.7266984746347054,0.9750491316161922,0.4644276880576566,0.2313246114486719,89,360
684,ESM-2 650M,cellular,Site Split,MK01_HUMAN_Johannessen,5,0.2096728254821455,0.6541569147396973,0.8908241962400298,0.0301259232842079,0.7294455686639347,0.971613377142041,0.5106670533919595,0.2801007264335316,145,360
685,ESM-2 650M,cellular,Site Split,BLAT_ECOLX_Palzkill2012,1,0.2713005310826026,0.7198426519832822,0.8572755177517738,0.1994134485482113,0.7255612308637148,0.8692258478215564,0.5451364327497509,0.4949532292304609,37,286
686,ESM-2 650M,cellular,Site Split,BLAT_ECOLX_Palzkill2012,2,0.2704120130590612,0.7207471689560998,0.8556542344112036,0.2092411425594982,0.7311479909951469,0.8787106503515907,0.5467676353999374,0.4796981944167663,35,286
687,ESM-2 650M,cellular,Site Split,BLAT_ECOLX_Palzkill2012,3,0.3531561451813892,0.664405962623612,0.7985145210160175,0.3243937447507441,0.7030536570445042,0.840909628061108,0.6178450148551141,0.6128474386376942,68,286
688,ESM-2 650M,cellular,Site Split,BLAT_ECOLX_Palzkill2012,4,0.3162867153165833,0.6853912574721315,0.8201887808248748,0.181711382737672,0.7796306083483556,0.9329822178509256,0.5948382221188079,0.4669600602941946,55,286
689,ESM-2 650M,cellular,Site Split,BLAT_ECOLX_Palzkill2012,5,0.3563979101586639,0.6677643958196959,0.8070744102983866,0.1441276484558258,0.756522711119678,0.8994801256984315,0.6251438976314055,0.4611945138166277,70,286
690,ESM-2 650M,cellular,Site Split,KKA2_KLEPN_Mikkelsen2014,1,0.4622952989569576,0.5708763679695388,0.7353546990758844,0.2889282461735279,0.6709123743042524,0.8325443882114237,0.7364600319756283,0.5895575641195614,136,264
691,ESM-2 650M,cellular,Site Split,KKA2_KLEPN_Mikkelsen2014,2,0.4760004907110201,0.567638257291261,0.7341814249611688,0.2623653204696328,0.6556796268004549,0.8053119727973076,0.7447656520208926,0.5781596260837544,149,264
692,ESM-2 650M,cellular,Site Split,KKA2_KLEPN_Mikkelsen2014,3,0.465036326586686,0.5719528694699206,0.7331742342624531,0.2792441553095016,0.6680486641403435,0.8390982840911643,0.7386494346154167,0.5871728694766033,150,264
693,ESM-2 650M,cellular,Site Split,KKA2_KLEPN_Mikkelsen2014,4,0.4664571351192909,0.572832031167461,0.7342417857081115,0.3119282699741936,0.6413449566816769,0.8056667246836721,0.736765188689065,0.6247652701927541,145,264
694,ESM-2 650M,cellular,Site Split,KKA2_KLEPN_Mikkelsen2014,5,0.5005891489853498,0.5501441408399064,0.7118579788239544,0.3464941424041602,0.6223079134315672,0.7825068164651502,0.7611259588317792,0.6591989756045523,212,264
695,ESM-2 650M,cellular,Site Split,RL401_YEAST_Fraser2016,1,0.4057666763683567,0.5971381962022653,0.7679769455920005,0.3757411451161601,0.6454505497909102,0.7991246788969851,0.6423658068854097,0.6142362004375346,30,128
696,ESM-2 650M,cellular,Site Split,RL401_YEAST_Fraser2016,2,0.5649558815342398,0.4621587279740159,0.6243820445528276,0.0059588609110298,0.8607931020990259,1.13674705140195,0.737068422668015,0.43221744731681,78,128
697,ESM-2 650M,cellular,Site Split,RL401_YEAST_Fraser2016,3,0.5162631391077511,0.526101053306292,0.6907746148289459,0.3624080516014349,0.6357896422600047,0.8189101500862438,0.7171934298399304,0.5694682097793254,58,128
698,ESM-2 650M,cellular,Site Split,RL401_YEAST_Fraser2016,4,0.4389918017227707,0.5818661839471063,0.7536408835651054,0.3225025586653651,0.645851307100907,0.8003921126030105,0.6706869946434155,0.5418542073327371,36,128
699,ESM-2 650M,cellular,Site Split,RL401_YEAST_Fraser2016,5,0.4556679718857276,0.5502809263114323,0.7122182718913251,0.3856148106860633,0.6896027744048067,0.8762243654330603,0.6727394996591296,0.641494542291831,44,128
700,ESM-2 650M,cellular,Site Split,RL401_YEAST_Bolon2013,1,0.6001240992704163,0.4430305270834065,0.618056060619817,0.186039253681595,0.665363371906962,0.9603906083261664,0.7638697152214224,0.5727947975836948,52,128
701,ESM-2 650M,cellular,Site Split,RL401_YEAST_Bolon2013,2,0.5932415150378475,0.4885826260968089,0.658265040846248,0.271095437439077,0.4907842353379405,0.683697763684382,0.7889400873204581,0.4837625853478002,63,128
702,ESM-2 650M,cellular,Site Split,RL401_YEAST_Bolon2013,3,0.6140671144928507,0.462521443670612,0.6327145598485638,0.2967431983953617,0.5201507743054381,0.7617814562245429,0.7979314911724991,0.5062452613328473,71,128
703,ESM-2 650M,cellular,Site Split,RL401_YEAST_Bolon2013,4,0.6545956208296386,0.4346676707697393,0.6014424925169842,-0.0443046183556308,0.714799301839075,0.916963424475432,0.7876036274949414,0.4026101370196775,69,128
704,ESM-2 650M,cellular,Site Split,RL401_YEAST_Bolon2013,5,0.6205577201950694,0.4323870198268564,0.5997056024737304,0.3517642572772208,0.6707659201143067,0.8743629470779464,0.7804756216317482,0.5788671366320957,78,128
705,ESM-2 650M,cellular,Site Split,RL401_YEAST_Bolon2014,1,0.7336817787344018,0.3795395347940589,0.5218426750705962,0.3918983167265579,0.5570551505107182,0.7401608085645507,0.7620350350009583,0.5524073884661735,144,128
706,ESM-2 650M,cellular,Site Split,RL401_YEAST_Bolon2014,2,0.693415982027369,0.4115406983451956,0.5601333991166944,0.3226459821047766,0.5556256927770292,0.7776326783647232,0.7351501709000792,0.5302393541612086,99,128
707,ESM-2 650M,cellular,Site Split,RL401_YEAST_Bolon2014,3,0.6409313916265705,0.4533729190930897,0.6073145618007391,0.4124096660881589,0.4999097560837887,0.7003446732574713,0.7519727371945367,0.5238127674809858,85,128
708,ESM-2 650M,cellular,Site Split,RL401_YEAST_Bolon2014,4,0.3726623701539123,0.5713245030550709,0.7416436606743052,0.0508192740795273,0.8005877479390142,1.1316657504136758,0.5255415552402876,0.4048116405047932,18,128
709,ESM-2 650M,cellular,Site Split,RL401_YEAST_Bolon2014,5,0.6157965102294992,0.4919895774113695,0.6502130505353093,0.0633816155282586,0.5434946659051518,0.706230066435745,0.7095184875815166,0.3899172558115821,64,128
710,ESM-2 650M,cellular,Site Split,B3VI55_LIPSTSTABLE,1,0.3796651233168678,0.6330987749533723,0.7876125243618172,0.2672005124394616,0.6829341707255904,0.85532312944748,0.6545413742964441,0.557217609964435,112,439
711,ESM-2 650M,cellular,Site Split,B3VI55_LIPSTSTABLE,2,0.364469896767611,0.6456163795647214,0.8004584574906003,0.2572617638009032,0.6881519742775948,0.8473926404556201,0.6438970403057983,0.5462920062681268,94,439
712,ESM-2 650M,cellular,Site Split,B3VI55_LIPSTSTABLE,3,0.3732114729232403,0.6309414827959825,0.7877066150857543,0.2164378198985319,0.717934439209667,0.8960657015144311,0.6511367945174283,0.537661798836401,99,439
713,ESM-2 650M,cellular,Site Split,B3VI55_LIPSTSTABLE,4,0.349951791601686,0.653639374083598,0.8083049813343254,0.2615800975249434,0.69112000146171,0.8496039870791166,0.6332866471993832,0.5814487876805676,75,439
714,ESM-2 650M,cellular,Site Split,B3VI55_LIPSTSTABLE,5,0.343092304413688,0.6538397622174323,0.8086239007304517,0.2153608350371387,0.7215823136826623,0.8929529695948861,0.6318156169018981,0.5027645610709168,68,439
715,ESM-2 650M,cellular,Site Split,PABP_YEAST_Fields2013_singles,1,0.8157075722131336,0.3233019962081984,0.4279173664755853,-0.1037939195766284,0.8198485747487048,1.051819144929914,0.87103666416593,0.3922258156450193,212,577
716,ESM-2 650M,cellular,Site Split,PABP_YEAST_Fields2013_singles,2,0.8511481883116377,0.2933897808742339,0.3748873907586701,0.4127349291728324,0.6362103546963112,0.8423195298746073,0.8925947706429721,0.6591948396888635,262,577
717,ESM-2 650M,cellular,Site Split,PABP_YEAST_Fields2013_singles,3,0.7772271463413838,0.3690181852057133,0.4813240421192572,0.3155806629583428,0.5914746674396283,0.7472772459373951,0.8704043992376351,0.4779624909135786,163,577
718,ESM-2 650M,cellular,Site Split,PABP_YEAST_Fields2013_singles,4,0.6169585531021462,0.4866822846058041,0.6172518068698803,0.4303964140358496,0.6343532516636499,0.7574349589736408,0.7807061763074511,0.6763416892424815,69,577
719,ESM-2 650M,cellular,Site Split,PABP_YEAST_Fields2013_singles,5,0.7907500630416793,0.3392373818107158,0.4533086927646495,0.1577826896336002,0.7553278923202636,0.9255858517207493,0.8543338350357025,0.4401272247179452,191,577
720,ESM-2 650M,cellular,Site Split,AMIE_PSEAE_Whitehead,1,0.3823303021930977,0.6021474407407201,0.7959290311624974,0.3269379001238288,0.6006110493428275,0.7767775031059583,0.6580238190046016,0.5682191359283363,90,346
721,ESM-2 650M,cellular,Site Split,AMIE_PSEAE_Whitehead,2,0.4022911997385591,0.5949022868068612,0.7835784273524664,0.1294929550037302,0.6658161713195078,0.8693487545308209,0.6736142765733487,0.3894634277710719,91,346
722,ESM-2 650M,cellular,Site Split,AMIE_PSEAE_Whitehead,3,0.3602961370215518,0.6058640924941051,0.797300858812654,0.3129444531374582,0.641742429345985,0.831746583788293,0.6295450363613186,0.6093436657718956,76,346
723,ESM-2 650M,cellular,Site Split,AMIE_PSEAE_Whitehead,4,0.3414710755635229,0.6213776120781979,0.8138428781531447,0.2337451005538019,0.6568669795310572,0.8604271135456252,0.6166780642148421,0.5148111305881029,64,346
724,ESM-2 650M,cellular,Site Split,AMIE_PSEAE_Whitehead,5,0.3870864237701598,0.5973967438724259,0.788238171644289,0.1558449911156495,0.6745906412870579,0.8890052138071088,0.6573511806525849,0.4397087127395538,77,346
725,ESM-2 650M,cellular,Site Split,UBE4B_MOUSE_Klevit2013_singles,1,0.2516066084029132,0.652906492061528,0.8740165237940795,0.1213902489826451,0.6588643696040221,0.8912627769140931,0.5301141318322591,0.3069744712138202,32,1173
726,ESM-2 650M,cellular,Site Split,UBE4B_MOUSE_Klevit2013_singles,2,0.2724442592366264,0.6319848931340254,0.8588232192349401,0.2161010186214353,0.6643152917274021,0.8624684920664143,0.5354978749133864,0.4368409472838971,31,1173
727,ESM-2 650M,cellular,Site Split,UBE4B_MOUSE_Klevit2013_singles,3,0.1222357505946294,0.6983148981891762,0.9332798317085628,0.1069091299507458,0.7224655972860772,0.9582522603868248,0.3849104224255005,0.4193188731220633,10,1173
728,ESM-2 650M,cellular,Site Split,UBE4B_MOUSE_Klevit2013_singles,4,0.2346357128211077,0.644599443168272,0.8743976556120772,0.1395743020400602,0.6932492006029808,0.9277129938779112,0.5049389674862591,0.4183655150285136,31,1173
729,ESM-2 650M,cellular,Site Split,UBE4B_MOUSE_Klevit2013_singles,5,0.2186611980350737,0.6574986181719185,0.8815945796946247,0.0952035787854864,0.7058604211123606,0.9608741887651994,0.4958438089269215,0.3406447503311034,23,1173
730,ESM-2 650M,cellular,Site Split,BRCA1_HUMAN_BRCT,1,0.5252733880359051,0.5017333260265715,0.6830110449125637,0.3915407647976598,0.6132696948428298,0.8059404882907908,0.6124728415590628,0.4803276578542795,86,1863
731,ESM-2 650M,cellular,Site Split,BRCA1_HUMAN_BRCT,2,0.5844185323672749,0.4887525372348494,0.658000442699758,0.2226157898338712,0.5913631770121892,0.8046977408596363,0.6304060604364458,0.498628547071582,112,1863
732,ESM-2 650M,cellular,Site Split,BRCA1_HUMAN_BRCT,3,0.3690118591156756,0.5935502774490109,0.7916343512854764,0.4302932371008289,0.5710081158064949,0.7647502177180486,0.5271874016654875,0.5234482554172639,25,1863
733,ESM-2 650M,cellular,Site Split,BRCA1_HUMAN_BRCT,4,0.4469166703793387,0.5338441949953102,0.7186345277026264,0.4232138064615475,0.625797412529873,0.8442486882612458,0.5383243208585585,0.6321282757809222,51,1863
734,ESM-2 650M,cellular,Site Split,BRCA1_HUMAN_BRCT,5,0.6088503225622973,0.4521641222079366,0.6187610849346968,0.3274574001286454,0.660430348150462,0.8503123282460747,0.6314993124297745,0.5068318332345456,137,1863
735,ESM-2 650M,cellular,Site Split,BG_STRSQ_hmmerbit,1,0.4436992348283229,0.5492541596098187,0.7428076874536885,0.2909509172647038,0.6368777327996747,0.8533993480281028,0.6634566760858049,0.5788427193084698,92,501
736,ESM-2 650M,cellular,Site Split,BG_STRSQ_hmmerbit,2,0.4489592947949059,0.5583741548973223,0.7463007374242302,0.3475042287076271,0.5854668840762777,0.7894917744898534,0.668046438226324,0.5853249128381888,110,501
737,ESM-2 650M,cellular,Site Split,BG_STRSQ_hmmerbit,3,0.4427504672983609,0.559386827954855,0.750294737296795,0.3479937934981459,0.6146317746170865,0.7908205737209292,0.6617138559683061,0.5908380163312301,94,501
738,ESM-2 650M,cellular,Site Split,BG_STRSQ_hmmerbit,4,0.534866216337424,0.5126206895350137,0.6861029472614516,0.3473739283590825,0.5855803686010345,0.7839949664190345,0.7168817898579227,0.5543539202079594,223,501
739,ESM-2 650M,cellular,Site Split,BG_STRSQ_hmmerbit,5,0.4295439586503663,0.5579076833876158,0.750674276650451,0.4288960232436891,0.5899752950950153,0.7720994495349787,0.6577311659758479,0.6672931164987512,107,501
740,ESM C 600M,viral,Pooled Split,EV_REP_Bakhache,1,0.1900828379305944,0.760630554228887,0.8988378680713731,0.1607364871560942,0.7788585982993785,0.9206287744276322,0.4300951449584781,0.3973980710870588,333,1331
741,ESM C 600M,viral,Pooled Split,EV_REP_Bakhache,2,0.1871751115052767,0.7628834956080923,0.9009175539090474,0.1613883818013638,0.7769864597057601,0.9183948284100744,0.4280903893971931,0.3945491451008743,343,1331
742,ESM C 600M,viral,Pooled Split,EV_REP_Bakhache,3,0.1895653382707639,0.7643819190727543,0.9023430520135955,0.1603001255077994,0.7677895659819021,0.9074026268037004,0.4319889352670616,0.3879952203516641,341,1331
743,ESM C 600M,viral,Pooled Split,EV_REP_Bakhache,4,0.1873101760188641,0.7656378409432294,0.9026332117031988,0.1606459462002283,0.7698637951209147,0.9113357405163977,0.4260787434702631,0.397388720688422,318,1331
744,ESM C 600M,viral,Pooled Split,EV_REP_Bakhache,5,0.1834729405145988,0.7642557445373648,0.9039109911951988,0.1752143543223767,0.7713742822159791,0.90698674058341,0.4240504960525952,0.4116736264459837,329,1331
745,ESM C 600M,viral,Pooled Split,SARS2_PLPRO_abundance_Wu,1,0.4244220733962723,0.5982779880184724,0.7472980138626563,0.321272417183702,0.6951504374881148,0.8714831769069143,0.67358912620528,0.5717283094089449,341,316
746,ESM C 600M,viral,Pooled Split,SARS2_PLPRO_abundance_Wu,2,0.433298926426417,0.6010640964591771,0.7494590593264737,0.3296763207078695,0.6630885628413186,0.832443047475714,0.672826469764466,0.5928569853842229,371,316
747,ESM C 600M,viral,Pooled Split,SARS2_PLPRO_abundance_Wu,3,0.424839363922445,0.6052174994662012,0.7570932547127599,0.3149189125909045,0.6742745351891943,0.83333281924122,0.6726946050454174,0.5608072613805013,344,316
748,ESM C 600M,viral,Pooled Split,SARS2_PLPRO_abundance_Wu,4,0.4377651742023737,0.6009352033311436,0.7522710840253899,0.3193466753455539,0.653205275519108,0.8138075252822236,0.6779625494816859,0.584914672170716,369,316
749,ESM C 600M,viral,Pooled Split,SARS2_PLPRO_abundance_Wu,5,0.4398063667271772,0.5960640906330242,0.7452957466981359,0.3426111419962565,0.6500478753939758,0.8243659787822981,0.6816679446459023,0.6135635610483435,394,316
750,ESM C 600M,viral,Pooled Split,CVB3_3D_Alvarez,1,0.3451452663839427,0.666705959033742,0.8113138941170944,0.2878646154536373,0.695180786688128,0.8350648953571747,0.6344040177290419,0.5770107407136882,321,462
751,ESM C 600M,viral,Pooled Split,CVB3_3D_Alvarez,2,0.3403710948849653,0.6665545584704317,0.8116023992776359,0.3182016884533483,0.6848433042311236,0.828008237387788,0.629143234713767,0.6033272312792259,303,462
752,ESM C 600M,viral,Pooled Split,CVB3_3D_Alvarez,3,0.3400050033628968,0.6713126417621108,0.8157637691017111,0.3250996216082172,0.6658857658486329,0.8075492191895547,0.6288070285128777,0.6105078915356928,325,462
753,ESM C 600M,viral,Pooled Split,CVB3_3D_Alvarez,4,0.3468650473535375,0.6594892978081887,0.8042096962673293,0.2925147049601593,0.7085385500000776,0.8571910191134755,0.6330043254313997,0.5863553225314653,317,462
754,ESM C 600M,viral,Pooled Split,CVB3_3D_Alvarez,5,0.3401732139012243,0.6696543153175296,0.8149956035493743,0.3188947121096245,0.6731773199386988,0.8139100357116758,0.6286331928623061,0.611545311907176,317,462
755,ESM C 600M,viral,Pooled Split,SARS2_RBD_binding_Starr,1,0.6699916383166027,0.4202881745330181,0.5738415715965698,0.5509250260008072,0.4787224940115771,0.6729997665316759,0.699150246846764,0.6530617384739806,429,1273
756,ESM C 600M,viral,Pooled Split,SARS2_RBD_binding_Starr,2,0.6681485701213343,0.4163791549902355,0.5693260149256194,0.5694307046920298,0.4917788418207463,0.6853841341868615,0.6948950358295506,0.6389724310661752,414,1273
757,ESM C 600M,viral,Pooled Split,SARS2_RBD_binding_Starr,3,0.6392729894205483,0.4397130260776676,0.6023375369039627,0.5051477188219804,0.5072072927424682,0.6952795545070034,0.6791562815172039,0.6290914320480208,325,1273
758,ESM C 600M,viral,Pooled Split,SARS2_RBD_binding_Starr,4,0.6697750108800908,0.4116803158684698,0.5676405152196282,0.5509811081797229,0.4997036371677915,0.7004902728352771,0.6950393245989342,0.678203861843197,397,1273
759,ESM C 600M,viral,Pooled Split,SARS2_RBD_binding_Starr,5,0.6478397217256319,0.4263638952920273,0.5881681067302128,0.5702793040744794,0.4895619002877734,0.6776244893776486,0.6882760964352719,0.6373513606587056,368,1273
760,ESM C 600M,viral,Pooled Split,IAV_H3_NP_Doud,1,0.4344077100131249,0.5833068522306717,0.7471360453585746,0.3341673395984665,0.6519580642877429,0.8364413379034699,0.6363349027557309,0.5539071564436308,756,498
761,ESM C 600M,viral,Pooled Split,IAV_H3_NP_Doud,2,0.424615452723964,0.5925057739219042,0.757096890342886,0.2919875354490341,0.6462187803391193,0.8473837823019691,0.6313232200537311,0.53950937676433,693,498
762,ESM C 600M,viral,Pooled Split,IAV_H3_NP_Doud,3,0.4359252918334497,0.5856196971317464,0.7516436945603331,0.3015473215999197,0.6462630603349367,0.8330394425890219,0.6392940616379628,0.5397610982887151,749,498
763,ESM C 600M,viral,Pooled Split,IAV_H3_NP_Doud,4,0.4451413899545181,0.5803141317597226,0.7438181487469993,0.3055776056863218,0.6500236613614444,0.8380897600017154,0.6514069251807177,0.5409865304647871,801,498
764,ESM C 600M,viral,Pooled Split,IAV_H3_NP_Doud,5,0.4268436770837329,0.5933800968027408,0.7575634373982997,0.3313866750697539,0.6315543613902598,0.8154902370863013,0.6359935058690569,0.5394667698666378,704,498
765,ESM C 600M,viral,Pooled Split,SARS2_MRPO_Flynn,1,0.2405636193524034,0.7499311820413331,0.8688573319950343,0.1840607530683051,0.7924734591101931,0.9136541562068724,0.4787642507894872,0.4319507306292555,76,306
766,ESM C 600M,viral,Pooled Split,SARS2_MRPO_Flynn,2,0.2354455284771547,0.7566661716854016,0.8745400282754341,0.1940780693799678,0.7762159350531292,0.8970424406703551,0.481675966170232,0.4130540682057884,76,306
767,ESM C 600M,viral,Pooled Split,SARS2_MRPO_Flynn,3,0.24107904764409,0.7510046357839988,0.86870893122347,0.2230241441081388,0.771934826203321,0.8911889046296241,0.4816828315173736,0.4612767453858928,74,306
768,ESM C 600M,viral,Pooled Split,SARS2_MRPO_Flynn,4,0.2346105964624031,0.7642954968311176,0.879010415753061,0.2207941982991241,0.7460387364625941,0.8647769422068975,0.4732012176439165,0.4562975772222034,71,306
769,ESM C 600M,viral,Pooled Split,SARS2_MRPO_Flynn,5,0.2426011135487951,0.7550209946873754,0.8725497355386728,0.1999170065168052,0.7597180234983237,0.8850967139880555,0.4792206624686608,0.4381462481521678,76,306
770,ESM C 600M,viral,Pooled Split,IAV_H3_HA_Lee,1,0.4748403432623436,0.5818836731048664,0.7229521961500635,0.372458715352663,0.6372359165372752,0.7996791660671267,0.7078585995343488,0.6200621469014347,706,566
771,ESM C 600M,viral,Pooled Split,IAV_H3_HA_Lee,2,0.4758313732783507,0.5806246297136572,0.7237212348466899,0.3620868067774319,0.6489253299856398,0.7998173181903184,0.7083867650300434,0.6200585937620163,727,566
772,ESM C 600M,viral,Pooled Split,IAV_H3_HA_Lee,3,0.4709385223332794,0.5828830900627762,0.725482326402044,0.3693804227549427,0.6447486328637724,0.8022776368745178,0.703140229234338,0.6287365244887426,706,566
773,ESM C 600M,viral,Pooled Split,IAV_H3_HA_Lee,4,0.478088603034163,0.5802142622808634,0.722149891163607,0.3957776946301533,0.6238580775221151,0.7782861099597147,0.708956687332497,0.640661519335306,758,566
774,ESM C 600M,viral,Pooled Split,IAV_H3_HA_Lee,5,0.4755576756839369,0.5794979816791302,0.7238236857413272,0.3788021824540262,0.6375985879075418,0.7897208370812271,0.7066769734752363,0.6452353199279585,736,566
775,ESM C 600M,viral,Pooled Split,IAV_H1_HA_Doud,1,0.4018244572315667,0.6296841713133187,0.7736876717717354,0.326481481291404,0.6603755669470917,0.8195141841263459,0.6538246868774924,0.6084541039864733,475,565
776,ESM C 600M,viral,Pooled Split,IAV_H1_HA_Doud,2,0.4060971019054191,0.6287943901042944,0.7742680913838419,0.3418859015267731,0.6460210286369688,0.7952938862769598,0.6570735586829946,0.6024650692977898,503,565
777,ESM C 600M,viral,Pooled Split,IAV_H1_HA_Doud,3,0.3891714547286834,0.6372044168218073,0.7820448653501563,0.3448853761898773,0.6558709710298839,0.8072538428885205,0.6465473452749565,0.6080836339181389,462,565
778,ESM C 600M,viral,Pooled Split,IAV_H1_HA_Doud,4,0.4048767690552092,0.6270387209560297,0.7725857788002559,0.3280500750764947,0.6633541800724775,0.8147963508040529,0.6562830873485499,0.5933227442451713,499,565
779,ESM C 600M,viral,Pooled Split,IAV_H1_HA_Doud,5,0.4013088502082542,0.6271087017068789,0.7724200042066749,0.3214653153908159,0.6753690093873127,0.8292630098954632,0.6554210671057312,0.5853410452403545,483,565
780,ESM C 600M,viral,Pooled Split,SARS2_PRD0038_RBD_Starr,1,0.5157425659860291,0.5150061315861887,0.7039533924452086,0.4242935569737668,0.5189752545340586,0.7215714491577799,0.5769361709241371,0.5219465446496152,165,200
781,ESM C 600M,viral,Pooled Split,SARS2_PRD0038_RBD_Starr,2,0.5023024394618281,0.5080780192652143,0.6969538267587422,0.4594950097833852,0.546076420263253,0.7687035178271008,0.5600575279678964,0.5746096905870242,155,200
782,ESM C 600M,viral,Pooled Split,SARS2_PRD0038_RBD_Starr,3,0.5148690105375368,0.5156125966627916,0.7027181668764148,0.4605865627606286,0.5107961473614955,0.7063064820287965,0.580662085824185,0.5486857893838654,173,200
783,ESM C 600M,viral,Pooled Split,SARS2_PRD0038_RBD_Starr,4,0.507029256696476,0.5089994937831153,0.6997925488584559,0.4367731563445464,0.5641633468057475,0.7603352187770636,0.5678525518599026,0.5354296814342984,158,200
784,ESM C 600M,viral,Pooled Split,SARS2_PRD0038_RBD_Starr,5,0.5105537946665366,0.5106629857310494,0.7001864494334592,0.407434131659276,0.5522285155300817,0.7672160251642731,0.5695120142584894,0.5319056977085878,161,200
785,ESM C 600M,viral,Pooled Split,IAV_H1_NP_Doud,1,0.3125717495622404,0.6551368076858582,0.8293427397081496,0.1738270315567519,0.7145004613954772,0.9079324842710276,0.5666333054903306,0.4580934556666347,596,498
786,ESM C 600M,viral,Pooled Split,IAV_H1_NP_Doud,2,0.3092548371829001,0.6572267855131395,0.8283270765161771,0.186636139070672,0.7117560416812013,0.9130483774063416,0.5651022410512541,0.445973418037346,556,498
787,ESM C 600M,viral,Pooled Split,IAV_H1_NP_Doud,3,0.3298741667110511,0.6497900676288281,0.8206740655994655,0.1255076119040375,0.7138456276431148,0.9252212484697554,0.5869176045300781,0.4258854501309331,662,498
788,ESM C 600M,viral,Pooled Split,IAV_H1_NP_Doud,4,0.3218403824514333,0.6538303798551992,0.8258084717751879,0.1609483192703924,0.706084957970455,0.9056338166027328,0.574479091435348,0.4580980322900675,651,498
789,ESM C 600M,viral,Pooled Split,IAV_H1_NP_Doud,5,0.3025204440455219,0.6608474807819124,0.8356769927468989,0.1878819640175918,0.7163780546180156,0.8989011555452813,0.5596100244923977,0.4488579253007702,535,498
790,ESM C 600M,viral,Pooled Split,HIV1_BF520_ENV_Haddox,1,0.3908023683817926,0.62120978007291,0.7787154313242989,0.3649066922607346,0.6419592506659677,0.8041520609530584,0.6484753361253351,0.625850038962002,106,852
791,ESM C 600M,viral,Pooled Split,HIV1_BF520_ENV_Haddox,2,0.3865682828105169,0.6257440466935849,0.7831311913418554,0.3830146636926791,0.6242248651753535,0.7858072395187128,0.6455490146197,0.6347754941053482,117,852
792,ESM C 600M,viral,Pooled Split,HIV1_BF520_ENV_Haddox,3,0.3933127452965403,0.6208905942875768,0.7780725578465086,0.3632818619101386,0.6420596434770826,0.8012564436657318,0.6499488052217066,0.6256055693787919,105,852
793,ESM C 600M,viral,Pooled Split,HIV1_BF520_ENV_Haddox,4,0.3886969306768647,0.6228725682306728,0.7811680260532846,0.3715322232136383,0.6362403645448779,0.795529573248793,0.6451579095716103,0.6366254896540643,106,852
794,ESM C 600M,viral,Pooled Split,HIV1_BF520_ENV_Haddox,5,0.3917850020912161,0.6251649013408258,0.7825485631045895,0.3523848527534265,0.6291930536156531,0.7933588511435581,0.6483026673158778,0.6168386688825606,99,852
795,ESM C 600M,viral,Pooled Split,SARS2_BA1_SPIKE_Dadonaite,1,0.3372583844481578,0.6547461492877445,0.8157904246159902,0.235090502160856,0.699060996857896,0.8670507828791417,0.5336116348329696,0.4492232390420625,537,1249
796,ESM C 600M,viral,Pooled Split,SARS2_BA1_SPIKE_Dadonaite,2,0.3303170283377376,0.654663178740952,0.8159834543984599,0.2154773680825921,0.7127476408056238,0.895580478609327,0.5223302215227483,0.4441296829084712,501,1249
797,ESM C 600M,viral,Pooled Split,SARS2_BA1_SPIKE_Dadonaite,3,0.3328387585619493,0.6542955559837293,0.8176018530966108,0.2369055282174746,0.6962510773882286,0.8700620081886544,0.5266923537773336,0.4534452279770328,533,1249
798,ESM C 600M,viral,Pooled Split,SARS2_BA1_SPIKE_Dadonaite,4,0.3287684759887964,0.6577615635580591,0.820934239203967,0.2340279781845644,0.693819646523369,0.8680650864161205,0.5238098545582226,0.4481094742559466,485,1249
799,ESM C 600M,viral,Pooled Split,SARS2_BA1_SPIKE_Dadonaite,5,0.3281187944509258,0.6564081136032314,0.8186421607241637,0.2183964549723565,0.7058082109508516,0.8884516252017535,0.5235074124427811,0.4425482903061633,504,1249
800,ESM C 600M,viral,Pooled Split,SARS2_PLPRO_activity_Wu,1,0.4866294871138416,0.6015253216560859,0.7184272080514822,0.4242420150971373,0.6143208044189347,0.7504269525212183,0.6815911638830309,0.6211743755802827,216,316
801,ESM C 600M,viral,Pooled Split,SARS2_PLPRO_activity_Wu,2,0.4815119602891679,0.6017011104273214,0.7196497349509611,0.4122618214651661,0.6375414972454579,0.7681210708919374,0.6759950484744262,0.6245202294771516,200,316
802,ESM C 600M,viral,Pooled Split,SARS2_PLPRO_activity_Wu,3,0.489458584704001,0.6004622431519352,0.7167675454136727,0.4243533767069228,0.6255137026665087,0.748867419058045,0.6874138314824937,0.6282811278889747,209,316
803,ESM C 600M,viral,Pooled Split,SARS2_PLPRO_activity_Wu,4,0.478270616340311,0.6046568986971946,0.7230519520881596,0.4321277693193217,0.6315872691606905,0.7501967833638411,0.6745900932308591,0.6368537962540268,213,316
804,ESM C 600M,viral,Pooled Split,SARS2_PLPRO_activity_Wu,5,0.4859663678573364,0.6016192823539491,0.7186190011982235,0.471180679406124,0.5959475480326579,0.7200935000231162,0.6835310230028263,0.6681351577067033,224,316
805,ESM C 600M,viral,Pooled Split,IAV_H1_HA_Wu,1,0.0480215885626448,0.4571176742732215,1.0025953614934056,-0.0038334318582726,0.4679144077878615,0.882301593788802,0.2990844328394967,0.19661922689118,50,565
806,ESM C 600M,viral,Pooled Split,IAV_H1_HA_Wu,2,0.0278584519732491,0.4314391893776914,0.8327289737172174,0.0009955808350843,0.520486818140126,1.4602960623680008,0.2136227255830001,0.2235416087851318,15,565
807,ESM C 600M,viral,Pooled Split,IAV_H1_HA_Wu,3,0.0858267105443801,0.4409448381082574,0.9458693110403328,0.0133689806630723,0.4822273326709668,1.0347477314086464,0.3433756523421403,0.2279319355933573,114,565
808,ESM C 600M,viral,Pooled Split,IAV_H1_HA_Wu,4,0.0217314250359551,0.4499323987505092,0.9996150959530936,0.0089879614627318,0.4862850345947039,0.9512819974775664,0.2369471304586566,0.1637142597881521,19,565
809,ESM C 600M,viral,Pooled Split,IAV_H1_HA_Wu,5,0.0151963446070624,0.4573436827820968,1.010315287334003,0.0119365351625908,0.4665992884142688,0.9181557374781004,0.199014095929365,0.2455435644442493,11,565
810,ESM C 600M,viral,Pooled Split,IAV_NA_Jiang,1,0.6724712733491331,0.4411909986629906,0.5774670437698048,0.4684811028031314,0.5822845472724553,0.7003706221280789,0.7906979538809858,0.6576826896360102,75,453
811,ESM C 600M,viral,Pooled Split,IAV_NA_Jiang,2,0.5731040029300076,0.4741955241995996,0.6189787058062479,0.3786883654696743,0.7282271251846182,0.9226190013928371,0.7168831411596471,0.6310086135037511,49,453
812,ESM C 600M,viral,Pooled Split,IAV_NA_Jiang,3,0.5978225695060336,0.4845770429424048,0.6300871277952049,0.4895304054082378,0.5516930147824759,0.7283194458121286,0.7260907434845133,0.6844123367602113,60,453
813,ESM C 600M,viral,Pooled Split,IAV_NA_Jiang,4,0.564839543125898,0.4899774766358926,0.6357845218550577,0.3129389346560416,0.7267455254500556,0.9380501173760736,0.705154663952335,0.5008613503751043,49,453
814,ESM C 600M,viral,Pooled Split,IAV_NA_Jiang,5,0.5687812409170245,0.5003878147119779,0.6489923846932822,0.3783565526713131,0.6811099909218494,0.8238610804652509,0.7150272004358124,0.5274242845234788,44,453
815,ESM C 600M,viral,Pooled Split,IAV_PA_Wu,1,0.0756262881745852,0.6510252402090028,1.0047241779756786,0.0159159798348937,0.6095086445372674,0.7839792716969349,0.327272874441397,0.1894188003777044,34,716
816,ESM C 600M,viral,Pooled Split,IAV_PA_Wu,2,0.066230830756507,0.6563302197864596,1.0020874071044967,0.0271849373166237,0.5994244807644691,0.8200952352546166,0.3120952364681259,0.2047445959699838,26,716
817,ESM C 600M,viral,Pooled Split,IAV_PA_Wu,3,0.0979148230338162,0.6066788873901521,0.8719835118154394,0.0180372996799216,0.6960336088944733,1.2577750507000118,0.3321357626541558,0.2513603613920556,43,716
818,ESM C 600M,viral,Pooled Split,IAV_PA_Wu,4,0.0831358813668797,0.6186228253948507,0.9127687962304012,0.0293903300602789,0.6703967491641416,1.1500178151156306,0.334294115955091,0.2835723606140042,37,716
819,ESM C 600M,viral,Pooled Split,IAV_PA_Wu,5,0.0730279106303386,0.6342727775965374,0.979511469984488,0.043444928253232,0.6500005153979438,0.9067389185563662,0.3069198136975445,0.2511441548668231,27,716
820,ESM C 600M,viral,Pooled Split,EV_CAPSD_Bakhache,1,0.1912467204849008,0.7358531205669919,0.9031915480409248,0.1500304933726792,0.7328686320775477,0.9057970136716867,0.4499910597968415,0.4014462717762823,570,862
821,ESM C 600M,viral,Pooled Split,EV_CAPSD_Bakhache,2,0.2054230701608925,0.7256936347990794,0.8915691890575719,0.108598056589799,0.7642191211181153,0.9432392812297894,0.4581118976198895,0.3450030276435714,600,862
822,ESM C 600M,viral,Pooled Split,EV_CAPSD_Bakhache,3,0.1990390079264186,0.728231210056307,0.8965877377789954,0.1070587804711996,0.7660062666282043,0.937877154097992,0.4568609446427175,0.3416598271042384,556,862
823,ESM C 600M,viral,Pooled Split,EV_CAPSD_Bakhache,4,0.2014971183314363,0.7289130922945605,0.8991644992338742,0.1195627124580188,0.7501380393302058,0.914264879032586,0.4595697427149471,0.3601808842851972,599,862
824,ESM C 600M,viral,Pooled Split,EV_CAPSD_Bakhache,5,0.1907530701214611,0.7289808453824473,0.8975240643526602,0.1460443151843438,0.7568691087116493,0.9323276802495862,0.4476477339282377,0.3800741928306878,567,862
825,ESM C 600M,viral,Pooled Split,CVB3_2B_Alvarez,1,0.5097456369007369,0.5865461404891072,0.7020418905195585,0.4415824644944802,0.6273430084309546,0.7390976761469061,0.7393270004342295,0.6999957023014768,124,99
826,ESM C 600M,viral,Pooled Split,CVB3_2B_Alvarez,2,0.5065987939383775,0.5860902512389751,0.7016219692321908,0.4150744288116028,0.6534610244066149,0.7682364371569486,0.736988933928449,0.6721409447660333,126,99
827,ESM C 600M,viral,Pooled Split,CVB3_2B_Alvarez,3,0.5014778115422465,0.5925300314058063,0.7037673432772831,0.4293475308210052,0.645133535368773,0.7651285398183965,0.7372286774223061,0.6867392594623442,119,99
828,ESM C 600M,viral,Pooled Split,CVB3_2B_Alvarez,4,0.5011569696687506,0.5934265371503266,0.7071191584336196,0.4063412646808411,0.642026620696931,0.7664948699772158,0.7325697706569269,0.6573481625934504,116,99
829,ESM C 600M,viral,Pooled Split,CVB3_2B_Alvarez,5,0.5058280319986895,0.5891510776497482,0.7020666992839264,0.3898797542553974,0.6503042712931861,0.7780236050568397,0.7383289179778629,0.6254413027819515,117,99
830,ESM C 600M,viral,Pooled Split,CVB3_3B_Alvarez,1,0.7716600280893129,0.3811550408054017,0.4778139006244647,0.3906563850128324,0.6016455617680442,0.775724374714109,0.8407570063151981,0.6794025552168202,107,22
831,ESM C 600M,viral,Pooled Split,CVB3_3B_Alvarez,2,0.7759857978883831,0.3825026031579775,0.4823814007405245,0.4230825127808947,0.5548526655297227,0.6614013518212599,0.8645754767490498,0.6924552829599873,118,22
832,ESM C 600M,viral,Pooled Split,CVB3_3B_Alvarez,3,0.7375656444098531,0.4147384657280778,0.5131070233366446,0.5081661753671864,0.5703244931139874,0.6912222428194805,0.8499456018790692,0.717278757708774,106,22
833,ESM C 600M,viral,Pooled Split,CVB3_3B_Alvarez,4,0.7978252879139378,0.3633410896921907,0.4534591776282225,0.3309693623638045,0.6352009492152089,0.789288317890665,0.8575009244192188,0.6505585520638439,128,22
834,ESM C 600M,viral,Pooled Split,CVB3_3B_Alvarez,5,0.7241863793285551,0.4078865688526126,0.5196792657647012,0.5771543233322882,0.554612617713125,0.6741322148047736,0.8339938489834977,0.8085942287490224,105,22
835,ESM C 600M,viral,Pooled Split,HIV1_BG505_ENV_Haddox,1,0.4006648842347671,0.6262347110153273,0.7750902072075543,0.4017422452105154,0.6261166943465531,0.7696738797897547,0.6415145616570346,0.6387886658838665,110,860
836,ESM C 600M,viral,Pooled Split,HIV1_BG505_ENV_Haddox,2,0.4103268814694338,0.6214695938551899,0.7693123294208057,0.3762353585973239,0.6354753679302857,0.7839453601683253,0.648618628127536,0.6170438429132146,111,860
837,ESM C 600M,viral,Pooled Split,HIV1_BG505_ENV_Haddox,3,0.4082010981501537,0.6206784713120486,0.7656885705636834,0.397709502177236,0.6351326505852818,0.790386211356189,0.6471876979541052,0.6369349866683358,109,860
838,ESM C 600M,viral,Pooled Split,HIV1_BG505_ENV_Haddox,4,0.406070261628769,0.6231903343285217,0.7720377490929637,0.3827288025304601,0.6334395590419751,0.7800541953265308,0.6461277029303844,0.619909260875863,106,860
839,ESM C 600M,viral,Pooled Split,HIV1_BG505_ENV_Haddox,5,0.4070981760612284,0.622655086753627,0.7700606280705202,0.378430295752447,0.6365468629929731,0.7881512235157677,0.6453711513744,0.626077695402423,105,860
840,ESM C 600M,viral,Pooled Split,LAMBDA_HCP_Tsuboyama,1,0.9022794033192744,0.2383715385080378,0.3128093173869042,0.868311249499106,0.2733897219580329,0.3617515518360341,0.9224833504632066,0.8925538610893302,114,55
841,ESM C 600M,viral,Pooled Split,LAMBDA_HCP_Tsuboyama,2,0.9083344950953176,0.2338294925616604,0.3059212121873229,0.8530090179618798,0.2786309765309418,0.3666745629209908,0.9232033552104542,0.8865836680481988,116,55
842,ESM C 600M,viral,Pooled Split,LAMBDA_HCP_Tsuboyama,3,0.9001958087849893,0.2440296914834858,0.3154918349700373,0.8727816854566562,0.2703864325297124,0.3582993309627125,0.9174098756414536,0.8898948115195254,112,55
843,ESM C 600M,viral,Pooled Split,LAMBDA_HCP_Tsuboyama,4,0.9106690585153931,0.2251862033989105,0.2929460988678714,0.4644066224799651,0.3448060720898708,0.7652464425974719,0.91704793553078,0.930795367866306,120,55
844,ESM C 600M,viral,Pooled Split,LAMBDA_HCP_Tsuboyama,5,0.9130704044789802,0.221154314605377,0.290533356332179,0.6292160077072768,0.3120410625823432,0.6432313483238369,0.926615293437564,0.9085761683015688,121,55
845,ESM C 600M,viral,Pooled Split,DENV_POLG_Suphatrakul,1,0.3493054069939207,0.6794904192275631,0.8037199978176883,0.2707690701030872,0.739517165335989,0.8662036860009609,0.6070736109289754,0.5424032534232481,545,900
846,ESM C 600M,viral,Pooled Split,DENV_POLG_Suphatrakul,2,0.354641023806127,0.6807745438879986,0.8040097200162909,0.3114098365155592,0.6962463706809283,0.826887928972057,0.6140975692926836,0.5728324186364097,573,900
847,ESM C 600M,viral,Pooled Split,DENV_POLG_Suphatrakul,3,0.3496057603001221,0.6827188809884711,0.8072235100897046,0.324845362232522,0.6943655156402746,0.8186014730325334,0.6084707975120534,0.5869445544558642,570,900
848,ESM C 600M,viral,Pooled Split,DENV_POLG_Suphatrakul,4,0.3567114548440192,0.6786373011334736,0.8015647534007059,0.2970215919758759,0.7074962781228542,0.8403286702438799,0.614066772219826,0.5625302799017431,575,900
849,ESM C 600M,viral,Pooled Split,DENV_POLG_Suphatrakul,5,0.3576763488509857,0.6793992199594069,0.8027808519409732,0.2887574847781476,0.7060958008719167,0.837732131044973,0.6153143401154676,0.5543661627852499,583,900
850,ESM C 600M,viral,Pooled Split,CVB3_2A_Alvarez,1,0.6306632008002073,0.4772983249021142,0.6138536075776397,0.5223501041872094,0.5134797353779565,0.6589503306860728,0.7304042454486966,0.6557885697289719,287,150
851,ESM C 600M,viral,Pooled Split,CVB3_2A_Alvarez,2,0.6377632871619885,0.4698880317906262,0.6037837219224659,0.4932774173214993,0.5335145329096199,0.7025250864659814,0.7342407788000339,0.6229034544535577,277,150
852,ESM C 600M,viral,Pooled Split,CVB3_2A_Alvarez,3,0.6345238195789604,0.4722779458271643,0.6083139311859533,0.5065538290222416,0.5319547400248268,0.6846688313992136,0.7312379635876595,0.6519021049888517,278,150
853,ESM C 600M,viral,Pooled Split,CVB3_2A_Alvarez,4,0.6391314747543848,0.4694880251402129,0.6044785579050346,0.5618186627774517,0.4989285329278355,0.6450294938166791,0.7383193807160647,0.6704634590713537,316,150
854,ESM C 600M,viral,Pooled Split,CVB3_2A_Alvarez,5,0.6314587965545819,0.4700818125442575,0.603703519336371,0.5411027033745033,0.5416634229341467,0.6922397451112575,0.7224545118553002,0.699161618469317,298,150
855,ESM C 600M,viral,Pooled Split,RsYN04_RBD_Starr,1,0.4550739695947344,0.3800487756381845,0.7445346528256392,0.4127270709601101,0.3986395631744978,0.7394256250288556,0.3262973714115696,0.2692469973824899,455,517
856,ESM C 600M,viral,Pooled Split,RsYN04_RBD_Starr,2,0.4980383714917784,0.3855035897657279,0.7309575127011768,0.1310396900204897,0.4394645228958965,0.8026766551390139,0.3506695807079026,0.1620659945869332,449,517
857,ESM C 600M,viral,Pooled Split,RsYN04_RBD_Starr,3,0.4679336991356255,0.3697425376320806,0.7196727295377311,0.4157318863802045,0.4379646664566078,0.8039415279757746,0.3552198725813431,0.2336188310307504,473,517
858,ESM C 600M,viral,Pooled Split,RsYN04_RBD_Starr,4,0.4847930048160336,0.3894849496316006,0.747947830128926,0.2607457351638856,0.4282862774467129,0.6958228263698736,0.3300762664065471,0.2276086982597044,453,517
859,ESM C 600M,viral,Pooled Split,RsYN04_RBD_Starr,5,0.4566723817309197,0.3774988497392106,0.7434072724598099,0.3709818710548717,0.4352452480015071,0.7653560496236098,0.3332824870214686,0.2607720264148675,441,517
860,ESM C 600M,viral,Pooled Split,CVB3_3A_Alvarez,1,0.5836831420827187,0.5349172665864279,0.6430555934800734,0.4376634463842499,0.6453027364962145,0.7598979069973982,0.7872325654189866,0.6995472848852868,199,89
861,ESM C 600M,viral,Pooled Split,CVB3_3A_Alvarez,2,0.5914453253308418,0.5373454766834493,0.6383982890825515,0.4466806997317659,0.6130193574125985,0.7471577698687772,0.792284146776344,0.6786123962526193,194,89
862,ESM C 600M,viral,Pooled Split,CVB3_3A_Alvarez,3,0.5957348979024466,0.5309912031747662,0.6361353029086488,0.4880254418928091,0.6026361671476854,0.7139704599382974,0.7926375443748556,0.736324554238238,196,89
863,ESM C 600M,viral,Pooled Split,CVB3_3A_Alvarez,4,0.5827826714203235,0.5398658783197738,0.6464011472311308,0.4529309292477038,0.6132302423836055,0.7374468051711816,0.7863394813907645,0.6866235518999078,192,89
864,ESM C 600M,viral,Pooled Split,CVB3_3A_Alvarez,5,0.5656548292761339,0.5561033005506839,0.6577761485199963,0.4454980915031071,0.6321754619097122,0.7503705450594366,0.7785061556469316,0.6959260277001603,173,89
865,ESM C 600M,viral,Pooled Split,IAV_PB2_Soh,1,0.2980781519457165,0.5629931156793623,0.8607085099055589,0.2115551110669343,0.5816942220190375,0.7826686696923782,0.5372530656835239,0.4648513369518839,547,759
866,ESM C 600M,viral,Pooled Split,IAV_PB2_Soh,2,0.2993333164646332,0.5616682116826335,0.8510325208696728,0.2444283791378966,0.567631848384605,0.8080036940079144,0.5492857612275821,0.4783710906858763,590,759
867,ESM C 600M,viral,Pooled Split,IAV_PB2_Soh,3,0.2974141934996734,0.5548279410782139,0.8414626843178631,0.2326759149196235,0.5873691202215001,0.8621996859184167,0.5465511118891756,0.4955011292569151,593,759
868,ESM C 600M,viral,Pooled Split,IAV_PB2_Soh,4,0.3050833077182693,0.5536665300564513,0.8418303051081357,0.2264726418511642,0.5830977491036976,0.8439608560813624,0.5510682053063137,0.4846047798209897,579,759
869,ESM C 600M,viral,Pooled Split,IAV_PB2_Soh,5,0.3219856900696545,0.5412620706990584,0.7906666880799733,0.1909271680996136,0.6012942385832293,1.0296508154428154,0.5607806095278505,0.4839709569979916,619,759
870,ESM C 600M,viral,Pooled Split,SARS2_RBD_expression_Starr,1,0.5887818543491811,0.5240450728840974,0.6472175755444922,0.4288007106845913,0.5848159386788586,0.7269356447449694,0.7558085786009736,0.6245242312584861,240,1273
871,ESM C 600M,viral,Pooled Split,SARS2_RBD_expression_Starr,2,0.5746922843031728,0.5306257979436675,0.6534477347533953,0.4675631739413668,0.5792997020957988,0.7235778681895868,0.7456712187639151,0.6618561181137291,237,1273
872,ESM C 600M,viral,Pooled Split,SARS2_RBD_expression_Starr,3,0.5649159602922487,0.5334425542027523,0.6565925785123211,0.4782213393187272,0.5992113983791307,0.7351999541330958,0.7425276347862049,0.6661993296438559,224,1273
873,ESM C 600M,viral,Pooled Split,SARS2_RBD_expression_Starr,4,0.570783061578507,0.5308236686600424,0.654453522416597,0.4618362539307725,0.5939569380331706,0.7365987701610776,0.739038110920071,0.6793390234899436,225,1273
874,ESM C 600M,viral,Pooled Split,SARS2_RBD_expression_Starr,5,0.5485970285983621,0.5462272275413004,0.6692631174055896,0.4747339506033396,0.5988732821178879,0.7358543544005085,0.7268244268356003,0.6669017317272307,213,1273
875,ESM C 600M,viral,Pooled Split,CVB3_3C_Alvarez,1,0.4645670508525764,0.5881022025349514,0.7337580979936014,0.3675887495711543,0.6322404229181903,0.7861364501225936,0.7032452807455556,0.6287990370727236,336,183
876,ESM C 600M,viral,Pooled Split,CVB3_3C_Alvarez,2,0.4658322556430767,0.587055793263779,0.7313392196583499,0.3920338801619805,0.6239705001146177,0.7776158067779777,0.7051880761314283,0.645322528778758,339,183
877,ESM C 600M,viral,Pooled Split,CVB3_3C_Alvarez,3,0.4665625029827055,0.5920458470084794,0.7361869202750286,0.3555093610048979,0.6376950354307235,0.7758382789673024,0.7079689962459266,0.6191912468612716,338,183
878,ESM C 600M,viral,Pooled Split,CVB3_3C_Alvarez,4,0.4559668846710816,0.5912770389908835,0.7370537945506281,0.3743640660114947,0.6465733690186792,0.7931886472842677,0.69963037085467,0.6365546604754092,328,183
879,ESM C 600M,viral,Pooled Split,CVB3_3C_Alvarez,5,0.4635358902176574,0.5814687097227886,0.7277327578761233,0.3698889472922289,0.6639199863258333,0.8128440349699063,0.7010488155014296,0.6379891767473945,324,183
880,ESM C 600M,viral,Pooled Split,CVB3_2C_Alvarez,1,0.370363069608977,0.6678666057561762,0.7930481503651425,0.3339417724655877,0.6893841291613967,0.8179200365393334,0.6668499197564611,0.6377132592822623,245,329
881,ESM C 600M,viral,Pooled Split,CVB3_2C_Alvarez,2,0.3691629365319565,0.6664417790150793,0.7938677653747775,0.3233121641837354,0.699527442942205,0.8241432891543214,0.6642552286795514,0.6235141100379171,250,329
882,ESM C 600M,viral,Pooled Split,CVB3_2C_Alvarez,3,0.3690400598809237,0.6652799040432903,0.7913059204862177,0.3187944005827708,0.7030803429239187,0.8375038520830492,0.6660576244102825,0.6111245634654661,244,329
883,ESM C 600M,viral,Pooled Split,CVB3_2C_Alvarez,4,0.3736718174058523,0.6660226879927044,0.7925361794610603,0.2955845229890101,0.7100989205710386,0.833619658098812,0.6707463564969918,0.6008919209382519,247,329
884,ESM C 600M,viral,Pooled Split,CVB3_2C_Alvarez,5,0.3777921764770839,0.6668732152397772,0.7920728305753718,0.2993368518405184,0.6937825442103698,0.8225290979421632,0.6730411978749619,0.594565345839764,251,329
885,ESM C 600M,viral,Pooled Split,IAV_RDRP_Li,1,0.2691292474807898,0.6938688009869012,0.8575041860017726,0.1883272144277442,0.7224448131097647,0.8898952516054048,0.5219620636096913,0.4324191345824877,635,757
886,ESM C 600M,viral,Pooled Split,IAV_RDRP_Li,2,0.2710426174659113,0.6932931229921505,0.8570440483518051,0.175644500406798,0.7250588767889528,0.8937149047788551,0.5252273417066802,0.4088804055586843,596,757
887,ESM C 600M,viral,Pooled Split,IAV_RDRP_Li,3,0.2628614359823269,0.6943623681228794,0.8596055929015641,0.1809611732893966,0.7317051140855967,0.9003143729278732,0.5149347504247596,0.421311558999396,580,757
888,ESM C 600M,viral,Pooled Split,IAV_RDRP_Li,4,0.2715213535419224,0.6900051666645314,0.856533042861853,0.1584775178161261,0.740045237260361,0.9039634080561212,0.5226217543327689,0.39636070889861,604,757
889,ESM C 600M,viral,Pooled Split,IAV_RDRP_Li,5,0.2664478331013561,0.692263842627413,0.8566006243539771,0.1824796955952129,0.7340599104936542,0.903341782256853,0.5205059445252459,0.419409791366169,600,757
890,ESM C 600M,viral,Pooled Split,SARS2_DELTA_SPIKE_Dadonaite,1,0.0665555623084881,0.4020042934008524,0.9706460730693064,-0.0005442175845049,0.4192507402395737,0.9814355631377744,0.2144118451824904,0.1701581572059715,126,1250
891,ESM C 600M,viral,Pooled Split,SARS2_DELTA_SPIKE_Dadonaite,2,0.0769805633996776,0.4050005111771849,0.9917267606046956,0.0044121625241473,0.4069918753845734,0.8569980549091722,0.2300595836706298,0.1846302501208919,157,1250
892,ESM C 600M,viral,Pooled Split,SARS2_DELTA_SPIKE_Dadonaite,3,0.0720268677120384,0.3937841382862552,0.8890892632021947,0.015085008924922,0.422844846662708,1.2523255064199108,0.2402203980602511,0.2044381398509895,158,1250
893,ESM C 600M,viral,Pooled Split,SARS2_DELTA_SPIKE_Dadonaite,4,0.0183696682895661,0.4162352182899597,1.0282785750329868,0.0123088173607457,0.4129056872267319,0.8264408935374193,0.1386488108533809,0.1139802405461909,23,1250
894,ESM C 600M,viral,Pooled Split,SARS2_DELTA_SPIKE_Dadonaite,5,0.0618857877881021,0.405368836642949,1.0106161286799165,0.0092683569732424,0.4015485941836474,0.7995267980308016,0.223043808557827,0.178142672957354,124,1250
895,ESM C 600M,viral,Pooled Split,CVB3_POLG_Mattenberger,1,0.240350818993811,0.6865834254224497,0.8672041716631993,0.2214157057320437,0.7095993901215044,0.8996989437427665,0.4658627306491051,0.4562990590008735,406,2185
896,ESM C 600M,viral,Pooled Split,CVB3_POLG_Mattenberger,2,0.2447428062752185,0.6878597440435618,0.870287336797959,0.1989604525257315,0.7072601184817708,0.8890583322381898,0.472867568460607,0.4221350618305249,398,2185
897,ESM C 600M,viral,Pooled Split,CVB3_POLG_Mattenberger,3,0.2396004069609973,0.6860376641565571,0.8677513981697379,0.2229807515108696,0.7082988417160134,0.8984293981724147,0.4698965322977542,0.4477708972638983,401,2185
898,ESM C 600M,viral,Pooled Split,CVB3_POLG_Mattenberger,4,0.2440402409600663,0.6858426547062986,0.8667201241923902,0.1985645496214751,0.71417709995272,0.9064200795567774,0.4713662485847107,0.4121043212734447,385,2185
899,ESM C 600M,viral,Pooled Split,CVB3_POLG_Mattenberger,5,0.248060713647219,0.6821438177077415,0.862361283513304,0.192350079427842,0.7241460997974009,0.9179430686781836,0.473092942393716,0.4237837570771346,388,2185
900,ESM C 600M,viral,Pooled Split,LASSA_GP_Carr,1,0.3882654538216696,0.652189174099237,0.7828976718216968,0.3152892524828745,0.6850463587228776,0.8236505556347827,0.6207056591953531,0.5545826513258222,344,491
901,ESM C 600M,viral,Pooled Split,LASSA_GP_Carr,2,0.3982578198415116,0.6438301678714548,0.7738589178223996,0.3271828372238405,0.6816594207985054,0.8279958762631571,0.6272011578140935,0.5639161815747301,394,491
902,ESM C 600M,viral,Pooled Split,LASSA_GP_Carr,3,0.4181272104323972,0.6321888343912879,0.7645247040895787,0.3401991952689087,0.6627435255556094,0.804857752152535,0.6424750442165879,0.569650624630753,434,491
903,ESM C 600M,viral,Pooled Split,LASSA_GP_Carr,4,0.3913937460430053,0.6480449793164841,0.7769205231140488,0.3026610556867434,0.7000300233855994,0.848517152574407,0.6218628153039962,0.5352690789148913,338,491
904,ESM C 600M,viral,Pooled Split,LASSA_GP_Carr,5,0.4007917930427247,0.642262820688391,0.7735539459942565,0.3335565104607336,0.6749224606872916,0.8180779671595805,0.6266516459119323,0.5896741217438407,376,491
905,ESM C 600M,viral,Pooled Split,BPP22_COAT_Tsuboyama,1,0.9331373778745417,0.1908051674472473,0.2583810072480013,0.87136591867938,0.2497267598381519,0.359738822017806,0.9505813708706142,0.8711462761769799,140,40
906,ESM C 600M,viral,Pooled Split,BPP22_COAT_Tsuboyama,2,0.928554923411575,0.1980637185377988,0.271808338472233,0.8663254911921168,0.2534931962947421,0.3392531540939505,0.9424763050460068,0.9273145961265942,130,40
907,ESM C 600M,viral,Pooled Split,BPP22_COAT_Tsuboyama,3,0.9379856047377826,0.1880941761689678,0.2525707535948269,0.8485858051392687,0.2506531830578476,0.3644790534833478,0.953842189538565,0.8967721618642733,134,40
908,ESM C 600M,viral,Pooled Split,BPP22_COAT_Tsuboyama,4,0.9404036556205794,0.1753701131674546,0.2327179189303861,0.8230424023026899,0.3229911074238836,0.4907424902179651,0.9512039292144076,0.9025232246890252,132,40
909,ESM C 600M,viral,Pooled Split,BPP22_COAT_Tsuboyama,5,0.9272146910345896,0.1951042058132879,0.268957814063173,0.8888687082981895,0.2430372926924882,0.3328753925496024,0.9443621882621276,0.9213706502912924,126,40
910,ESM C 600M,viral,Pooled Split,IAV_H5_HA_Dadonaite,1,0.4142325703513438,0.642569240361169,0.764337451300235,0.3543964375455668,0.6786614046804732,0.80774820176434,0.6350176469225235,0.5934713097607357,510,567
911,ESM C 600M,viral,Pooled Split,IAV_H5_HA_Dadonaite,2,0.4277504441649891,0.6363685603982349,0.7572091241590916,0.3296775388277223,0.6825649379385142,0.8152989019584168,0.6495455424957155,0.5706438849672267,520,567
912,ESM C 600M,viral,Pooled Split,IAV_H5_HA_Dadonaite,3,0.4267480999929569,0.6363267147422806,0.7581455238750728,0.3183266188411361,0.6909797484961744,0.8203255399365037,0.6495625952547398,0.552102284223655,515,567
913,ESM C 600M,viral,Pooled Split,IAV_H5_HA_Dadonaite,4,0.427884496405393,0.634735547537974,0.7552812236766568,0.3534447905257556,0.6803948216090621,0.8087539618564197,0.6500856666636502,0.5907338188543716,539,567
914,ESM C 600M,viral,Pooled Split,IAV_H5_HA_Dadonaite,5,0.4017929186490887,0.652751507155213,0.7727042982843517,0.3490959787068245,0.6843838339485128,0.8097324228970461,0.6291093258250424,0.5887535723564312,445,567
915,ESM C 600M,viral,Pooled Split,RmYN02_RBD_Starr,1,0.2962097699713414,0.4058578352839892,0.8582470878393341,0.1846534312294785,0.4348771231003808,0.8140642425507029,0.5927775578571726,0.5217738326746634,248,491
916,ESM C 600M,viral,Pooled Split,RmYN02_RBD_Starr,2,0.3020717677633101,0.4060396732561719,0.843438793238653,0.1258346252908679,0.4359733506759868,0.897336782150966,0.5939623512423963,0.4920513976564867,248,491
917,ESM C 600M,viral,Pooled Split,RmYN02_RBD_Starr,3,0.2873459822171708,0.4094363412292542,0.8613900282113729,0.2059665380900115,0.4373952316979235,0.8143038465466425,0.5943668350188562,0.5129137142739459,239,491
918,ESM C 600M,viral,Pooled Split,RmYN02_RBD_Starr,4,0.3101187616646281,0.4023209689810378,0.8472118998071682,0.1587810911355016,0.4428875775309506,0.8398141139656998,0.5962198428046407,0.4968164787683793,272,491
919,ESM C 600M,viral,Pooled Split,RmYN02_RBD_Starr,5,0.3328195414582462,0.388091751696232,0.8073445218564113,0.1337603225594882,0.4536094795374979,0.9724175201828884,0.6099628335913493,0.497686471960599,281,491
920,ESM C 600M,viral,Pooled Split,CVB3_VP3_Alvarez,1,0.3403414891425745,0.6275031682045993,0.8132917531341549,0.2322466318197402,0.6831043731726308,0.8714533368121395,0.5696733721387254,0.497734861181725,386,238
921,ESM C 600M,viral,Pooled Split,CVB3_VP3_Alvarez,2,0.3433743133354502,0.6203974520819376,0.8041671555334916,0.2058778991768045,0.7142687281025408,0.9169741531620575,0.5709736849088365,0.4691615822763244,393,238
922,ESM C 600M,viral,Pooled Split,CVB3_VP3_Alvarez,3,0.3529669696351348,0.628799637675641,0.8107879791340015,0.1830201995900623,0.6905126335004075,0.8739502181799841,0.5798310259568384,0.462691791158585,397,238
923,ESM C 600M,viral,Pooled Split,CVB3_VP3_Alvarez,4,0.3432759252782149,0.6283792565703099,0.8139126833396796,0.228194228490181,0.6841376129598192,0.8629817731128799,0.5721802203583345,0.4936393159955945,410,238
924,ESM C 600M,viral,Pooled Split,CVB3_VP3_Alvarez,5,0.3406368408763927,0.6260851465202151,0.8115914780374979,0.2424057031190593,0.6892991255317696,0.8721175853575064,0.5690802441354171,0.4989459592110956,410,238
925,ESM C 600M,viral,Pooled Split,HIV1_HV1B9_ENV_DuenasDecamp,1,0.7314664379979288,0.3787469247017524,0.5213263108872556,0.2966685162455365,0.5963888069739569,0.8179654249019863,0.7574180303593748,0.4143438290446777,109,853
926,ESM C 600M,viral,Pooled Split,HIV1_HV1B9_ENV_DuenasDecamp,2,0.7060161697787146,0.3559545182522272,0.5033067758328014,0.3914180646343439,0.711070146803871,0.9474996563073204,0.7021568201554516,0.6320948559797249,93,853
927,ESM C 600M,viral,Pooled Split,HIV1_HV1B9_ENV_DuenasDecamp,3,0.6644684949210978,0.4423873957640351,0.6031210500429798,-0.0498956545973028,0.6005404412653398,0.7924345629502138,0.7207959514964161,0.4830919226202925,77,853
928,ESM C 600M,viral,Pooled Split,HIV1_HV1B9_ENV_DuenasDecamp,4,0.6928681701022843,0.4089129792839781,0.5565708954105023,0.4344302555492818,0.5500464187055172,0.73743798054071,0.7046331739199397,0.5722405242244587,97,853
929,ESM C 600M,viral,Pooled Split,HIV1_HV1B9_ENV_DuenasDecamp,5,0.7916431035753135,0.341613028411837,0.4687734335077899,0.0908713193215045,0.6047777347428478,0.837923903272366,0.7782604260883427,0.5549732415035152,129,853
930,ESM C 600M,viral,Pooled Split,NIPAH_F_Larsen,1,0.4498952003662426,0.5984818721040702,0.7443790105652007,0.3939702874481382,0.6127336103529318,0.7669007900892073,0.6190399183295057,0.5409020103159354,326,602
931,ESM C 600M,viral,Pooled Split,NIPAH_F_Larsen,2,0.451977686888382,0.5921616920931921,0.7421412593739937,0.392403519504875,0.6156945000472518,0.7714551720967704,0.6122627727338618,0.565410573592337,354,602
932,ESM C 600M,viral,Pooled Split,NIPAH_F_Larsen,3,0.4499277665312996,0.5944555921153855,0.7413515351272878,0.4030779092603442,0.6199625884162259,0.7738452751405513,0.6167822017099965,0.5565381642290094,356,602
933,ESM C 600M,viral,Pooled Split,NIPAH_F_Larsen,4,0.4394001223228566,0.6007794989848969,0.7496639475254905,0.3980087645482675,0.6231976718810741,0.7719685393197059,0.6088711962217738,0.5581080007740118,331,602
934,ESM C 600M,viral,Pooled Split,NIPAH_F_Larsen,5,0.4407876089870256,0.5982411936057184,0.7457547527729429,0.4041344859562625,0.630823150433495,0.7803132647326684,0.60842298753084,0.5814977989294667,335,602
935,ESM C 600M,viral,Pooled Split,CVB3_VP1_Alvarez,1,0.3870295987778138,0.64369867530599,0.7838925120352036,0.2368419941894269,0.7083519243816955,0.8692538092660066,0.6283886580449738,0.5027616965314096,400,281
936,ESM C 600M,viral,Pooled Split,CVB3_VP1_Alvarez,2,0.3774754261695552,0.6434647091617364,0.7873533722184459,0.2683596949269399,0.7018934673135472,0.8620797655906601,0.6218718921832735,0.5368480325634121,399,281
937,ESM C 600M,viral,Pooled Split,CVB3_VP1_Alvarez,3,0.3696726937216136,0.652495784927552,0.7943758997096545,0.2905175005272987,0.6962899033424191,0.84016948252999,0.621098005912246,0.5557809618102523,391,281
938,ESM C 600M,viral,Pooled Split,CVB3_VP1_Alvarez,4,0.3743575835524787,0.6486753569248309,0.7891100190912695,0.2509797306385546,0.717684453592634,0.8733701734369964,0.6251779163519895,0.5171206878840063,382,281
939,ESM C 600M,viral,Pooled Split,CVB3_VP1_Alvarez,5,0.3511154975967343,0.6673818709080418,0.8057721465424981,0.2761595383267691,0.6966642093756202,0.8497786505087819,0.6080890779287502,0.5439905426861406,342,281
940,ESM C 600M,viral,Pooled Split,SARS2_XBB15_RBD_Taylor,1,0.4561390027473213,0.5701581447406777,0.7351879176955903,0.3413745193305711,0.6406706221733015,0.8202578042032994,0.5861790731907398,0.5277108066854403,283,201
941,ESM C 600M,viral,Pooled Split,SARS2_XBB15_RBD_Taylor,2,0.4642429288459804,0.5746709129319817,0.7371871327030963,0.3128146515180074,0.63274385555238,0.8039870692950185,0.5954395113703806,0.4908062177303431,266,201
942,ESM C 600M,viral,Pooled Split,SARS2_XBB15_RBD_Taylor,3,0.4628889148068895,0.5712421234593932,0.7330175856619816,0.3590194162104307,0.6202401295619714,0.8000025367893762,0.5912798649676833,0.5347290934618371,281,201
943,ESM C 600M,viral,Pooled Split,SARS2_XBB15_RBD_Taylor,4,0.4711927005044971,0.561168654176181,0.7239558307479127,0.2566232314060311,0.6706127839704947,0.8773538415458023,0.5995688133105881,0.4793454492954356,265,201
944,ESM C 600M,viral,Pooled Split,SARS2_XBB15_RBD_Taylor,5,0.4528246501912089,0.5842683574557722,0.7492370430000109,0.2161141420390778,0.6270037456885295,0.8372762495810538,0.5822129589723315,0.5051884613547464,241,201
945,ESM C 600M,viral,Site Split,CVB3_2C_Alvarez,1,0.2201294104488768,0.7515892797548746,0.8730423034819808,0.1649128272518708,0.8224237481005103,0.9508203519965795,0.5326533197540457,0.4520959297964262,56,329
946,ESM C 600M,viral,Site Split,CVB3_2C_Alvarez,2,0.1811507521435257,0.7980614334736478,0.9093687590844972,0.0869165184231034,0.8278756142995028,0.9335002404459992,0.477424070936333,0.3537626627106873,28,329
947,ESM C 600M,viral,Site Split,CVB3_2C_Alvarez,3,0.1845843374712595,0.7871727775760546,0.9016214004034236,0.1357732057106843,0.8216486690745883,0.9352765439826802,0.4885208362275495,0.4039426776646238,41,329
948,ESM C 600M,viral,Site Split,CVB3_2C_Alvarez,4,0.1807244663849202,0.7993556351826752,0.9108615055750002,0.0821209632037689,0.8321586338197118,0.9306769554884512,0.4843196220228442,0.3527135073601693,25,329
949,ESM C 600M,viral,Site Split,CVB3_2C_Alvarez,5,0.1711952520338576,0.8135427026002479,0.921623781542125,0.10337941218467,0.7825295401126631,0.8869554753175473,0.471335833914286,0.4026533120544742,28,329
950,ESM C 600M,viral,Site Split,IAV_H3_HA_Lee,1,0.1230387211338515,0.7800944267675067,0.9349719298439876,0.1375632704075762,0.7646046922807824,0.934037918400868,0.3676773874447732,0.3825705505599744,42,566
951,ESM C 600M,viral,Site Split,IAV_H3_HA_Lee,2,0.1025938347434918,0.7763174354048218,0.9335578850438644,0.1074857626070869,0.8283301123675849,0.9945537643201744,0.3414786994333176,0.3674335378700283,24,566
952,ESM C 600M,viral,Site Split,IAV_H3_HA_Lee,3,0.1798737084462284,0.7609319719829537,0.9163328042303058,0.0610066695448776,0.7529628802401529,0.9180569979564364,0.4478083703885585,0.2442560883808351,63,566
953,ESM C 600M,viral,Site Split,IAV_H3_HA_Lee,4,0.1311646252758138,0.7606312443434454,0.9191070354507588,0.0705566504616015,0.8436842099237382,1.0088617128698891,0.3823455074633204,0.2791272904972927,33,566
954,ESM C 600M,viral,Site Split,IAV_H3_HA_Lee,5,0.1408834328068445,0.771401906674434,0.9307263371161104,0.0739867791577881,0.7868971053073112,0.9460590835653224,0.3862646450776563,0.2768971490365459,42,566
955,ESM C 600M,viral,Site Split,CVB3_3C_Alvarez,1,0.0791959721519381,0.8449844029951477,0.9701300070803276,0.046385101620831,0.7951917004403277,0.9193897857311644,0.2931991848120533,0.3304629156314195,5,183
956,ESM C 600M,viral,Site Split,CVB3_3C_Alvarez,2,0.1064717629365685,0.7852967481164447,0.931648148010992,0.0193430565489757,0.870992580335103,1.03381820026467,0.3523325292554639,0.202811586716938,8,183
957,ESM C 600M,viral,Site Split,CVB3_3C_Alvarez,3,0.1330578481198644,0.7981285212342698,0.9369862949127856,0.0773232857688871,0.8019736294062572,0.9360888123762526,0.3985876072077165,0.3032343716149631,17,183
958,ESM C 600M,viral,Site Split,CVB3_3C_Alvarez,4,0.082485730108861,0.8334873534111868,0.9645533636262212,0.0667914412746859,0.8132614862020614,0.9360460034136444,0.3006293110730892,0.3148647480562356,7,183
959,ESM C 600M,viral,Site Split,CVB3_3C_Alvarez,5,0.1028999228997091,0.8092418395657558,0.946474904361124,0.065061735394317,0.8325298814182508,0.969375824698129,0.3451694547036006,0.2627908079902242,12,183
960,ESM C 600M,viral,Site Split,IAV_PA_Wu,1,0.0716059828398039,0.6550457259181015,0.997840445520856,0.0383313016078342,0.6014265963156084,0.8222056005007687,0.3010907306168209,0.306156363286388,35,716
961,ESM C 600M,viral,Site Split,IAV_PA_Wu,2,0.0794778231315216,0.6459072382909334,1.0004976891701942,0.0048182260069856,0.6047114879089631,0.8054370531767778,0.3213374542599706,0.1821133962897988,31,716
962,ESM C 600M,viral,Site Split,IAV_PA_Wu,3,0.0772497826240142,0.6305768263058691,0.9635502304811636,0.0416481349088827,0.6488729887547883,0.96684078824146,0.3221630782588393,0.2863375332185814,37,716
963,ESM C 600M,viral,Site Split,IAV_PA_Wu,4,0.0704568496084114,0.6529135121319206,1.014201206325542,0.0036131547611961,0.6078786700641828,0.7478776453288085,0.3139102228527892,0.2550216582397686,30,716
964,ESM C 600M,viral,Site Split,IAV_PA_Wu,5,0.0733033596664211,0.6458031420278714,0.9871331820141408,0.009783257074759,0.625542098863734,0.8862444235318038,0.3071224689719785,0.196663425630457,29,716
965,ESM C 600M,viral,Site Split,IAV_NA_Jiang,1,0.2424069512494372,0.6817972656462884,0.8505764183262409,-0.0264831029680083,0.9116916290582951,1.08483512085033,0.485149933620393,0.0810897435897435,12,453
966,ESM C 600M,viral,Site Split,IAV_NA_Jiang,2,1.1102230246251563e-16,0.7871648227317528,0.9715107695291684,-0.0896620433148591,0.9018569634463208,1.1094701057972132,,,0,453
967,ESM C 600M,viral,Site Split,IAV_NA_Jiang,3,0.6136642116037463,0.4889737733698071,0.6327406855763157,0.0720807861602638,0.7111359377613742,0.8919209055476018,0.7505127280460854,0.1540418586789554,45,453
968,ESM C 600M,viral,Site Split,IAV_NA_Jiang,4,0.5967536247454968,0.5368751882215883,0.6741713809509888,-0.1791513034060949,0.6285443117809566,0.7905107059151477,0.7353029906307988,0.203277972027972,43,453
969,ESM C 600M,viral,Site Split,IAV_NA_Jiang,5,0.4931467919514274,0.5576681707778408,0.7199389711623934,-0.1738879011356022,0.7962064603266789,0.967304740956136,0.6605046834401324,-0.133976574500768,26,453
970,ESM C 600M,viral,Site Split,LAMBDA_HCP_Tsuboyama,1,0.8943669049118497,0.2557860971140069,0.3281866049272348,0.7686978573673248,0.3437808156765475,0.4601924582907254,0.9075545238437782,0.8995110153004889,93,55
971,ESM C 600M,viral,Site Split,LAMBDA_HCP_Tsuboyama,2,0.8726750787408952,0.2778545743551338,0.3607288479830819,0.7745395433639957,0.3436189185017756,0.4432084217108595,0.8861830758189658,0.8762513801987487,67,55
972,ESM C 600M,viral,Site Split,LAMBDA_HCP_Tsuboyama,3,0.9066537718801544,0.23406498471963,0.3043810996585984,0.8468409236335672,0.3063104453205411,0.397155256581967,0.9257895674237482,0.841890565574776,108,55
973,ESM C 600M,viral,Site Split,LAMBDA_HCP_Tsuboyama,4,0.870883306627457,0.2629672931547713,0.3502388482528905,0.779276931298825,0.4112041115933939,0.4982822892368921,0.8942359156936865,0.8899174814506623,70,55
974,ESM C 600M,viral,Site Split,LAMBDA_HCP_Tsuboyama,5,0.9086437712907858,0.226597356296702,0.3001265537193104,0.7296240844320836,0.43203586710475,0.5141788961957615,0.9159925246668428,0.8523042746726958,108,55
975,ESM C 600M,viral,Site Split,CVB3_3A_Alvarez,1,0.118729553101828,0.8818950738746311,0.9431305588991586,0.1352954219962524,0.823682647901209,0.9122539127516714,0.3553559166701226,0.3834722979694184,8,89
976,ESM C 600M,viral,Site Split,CVB3_3A_Alvarez,2,0.1270619417571553,0.8692459479562379,0.9362502049021764,0.0695837235532309,0.8896217965476172,0.9511599481892836,0.3626386351589736,0.2654364063149274,4,89
977,ESM C 600M,viral,Site Split,CVB3_3A_Alvarez,3,0.138738283808565,0.859274233324057,0.9274491889876404,0.0701088871551993,0.8734739930259225,0.9526164888685136,0.3888948269955641,0.3465877350724264,5,89
978,ESM C 600M,viral,Site Split,CVB3_3A_Alvarez,4,0.2219568199039872,0.7961087659935666,0.881242280139789,-0.0153291320862827,0.84217651349148,0.9544998655633128,0.4960267818993897,0.2124179829522604,17,89
979,ESM C 600M,viral,Site Split,CVB3_3A_Alvarez,5,0.1409720046105426,0.8598191060152195,0.9291508929849316,0.0966772696777193,0.8659307091927549,0.9312208096573292,0.3858256275671088,0.3569199924718247,8,89
980,ESM C 600M,viral,Site Split,CVB3_2A_Alvarez,1,0.2423891229929106,0.7111052122438473,0.8606264308775015,0.20388982403828,0.7771441054472422,0.930813029690926,0.4734401994480278,0.3377818821879588,26,150
981,ESM C 600M,viral,Site Split,CVB3_2A_Alvarez,2,0.2387668185267153,0.7370049728270978,0.8849672587295528,0.2171921133798593,0.710537792012102,0.8284638906256608,0.4466258014100771,0.4120090465519656,29,150
982,ESM C 600M,viral,Site Split,CVB3_2A_Alvarez,3,0.4155505206580473,0.6117751926753144,0.7602027343192228,0.0277034963153646,0.8115607204143506,1.007422983505949,0.587417314425534,0.2176188801363867,74,150
983,ESM C 600M,viral,Site Split,CVB3_2A_Alvarez,4,0.2401594079684357,0.766307064483394,0.9013092898325042,-0.1557810930692662,0.7074975932682949,0.8084497772835261,0.4532546832644227,0.2604689890152392,28,150
984,ESM C 600M,viral,Site Split,CVB3_2A_Alvarez,5,0.2369844286886736,0.7077912405242829,0.8665153974481893,0.2237121678712116,0.7398003704566508,0.8961432489435244,0.4492776117134218,0.4249678418422165,29,150
985,ESM C 600M,viral,Site Split,HIV1_BG505_ENV_Haddox,1,0.3698761346339124,0.6398594755784542,0.7893852005732367,0.2870260032285257,0.6980409995726383,0.8561665071791986,0.613073247770687,0.5534234807781119,57,860
986,ESM C 600M,viral,Site Split,HIV1_BG505_ENV_Haddox,2,0.408524578291519,0.6285014315476164,0.7747005145842918,0.2798804944718204,0.6562874955647304,0.8110097323235438,0.6472489600245053,0.5685495101561636,97,860
987,ESM C 600M,viral,Site Split,HIV1_BG505_ENV_Haddox,3,0.3904394823633342,0.6360061349432407,0.783137734918236,0.2798942928509179,0.6820100040399093,0.8371383234761348,0.634429612715754,0.5473708664756225,69,860
988,ESM C 600M,viral,Site Split,HIV1_BG505_ENV_Haddox,4,0.3542616384046056,0.6552580107816129,0.8041917650318451,0.3918798349553897,0.6328773444449056,0.7768446314080644,0.6058553675690008,0.6394348276679848,64,860
989,ESM C 600M,viral,Site Split,HIV1_BG505_ENV_Haddox,5,0.389854326835812,0.6281788492918882,0.7754020589044751,0.2816167416968876,0.7021984607694478,0.8631577393329061,0.6321592730769917,0.53261709575783,69,860
990,ESM C 600M,viral,Site Split,DENV_POLG_Suphatrakul,1,0.1149185451662072,0.8224134012389123,0.93705741487374,0.0982469335766537,0.8597974801253958,0.9644188827179832,0.3455639872495668,0.3207667510542262,24,900
991,ESM C 600M,viral,Site Split,DENV_POLG_Suphatrakul,2,0.133161049035326,0.8112488129609489,0.9283785575536516,0.1140533310527175,0.8343728953245665,0.9517403110893986,0.3670259247914397,0.3310622243300297,47,900
992,ESM C 600M,viral,Site Split,DENV_POLG_Suphatrakul,3,0.1185808435307776,0.8266372192924994,0.940697607513049,0.0969786289037102,0.8224231211317867,0.9423510455815682,0.3463722579952288,0.3097154370845019,27,900
993,ESM C 600M,viral,Site Split,DENV_POLG_Suphatrakul,4,0.1211791922948887,0.8222467078635814,0.9370100967324968,0.0874230391066882,0.8402758480295848,0.9570139908622756,0.3468857802303757,0.2863456535980307,28,900
994,ESM C 600M,viral,Site Split,DENV_POLG_Suphatrakul,5,0.1123830400249146,0.8281477940740202,0.9417377042539506,0.1242493513273956,0.8318661352158143,0.936923987956578,0.3378432412720127,0.36435406028676,30,900
995,ESM C 600M,viral,Site Split,IAV_H5_HA_Dadonaite,1,0.0915169720049781,0.8698037868147354,0.9550768592173662,0.0670085153776457,0.8605543870900418,0.9573815562163628,0.2912744965158438,0.2381827931868511,11,567
996,ESM C 600M,viral,Site Split,IAV_H5_HA_Dadonaite,2,0.1150966269173102,0.8478260931513888,0.9367095849289055,0.068727919165948,0.8869473586218425,0.9809511687630414,0.3245777335098182,0.2412352809288354,18,567
997,ESM C 600M,viral,Site Split,IAV_H5_HA_Dadonaite,3,0.1034838102681747,0.8539527336618928,0.9416216160892714,0.1317303301638839,0.8682191453481505,0.948085058002636,0.3148154056645005,0.3857379671684817,20,567
998,ESM C 600M,viral,Site Split,IAV_H5_HA_Dadonaite,4,0.1069853341922186,0.8593994207551273,0.9458183519154392,0.1448056980341512,0.8324493998233847,0.921184364417868,0.3149864008013106,0.3865715828292005,19,567
999,ESM C 600M,viral,Site Split,IAV_H5_HA_Dadonaite,5,0.1735534648176859,0.8106793606204988,0.9087772154721064,0.1308869230859395,0.8290088958419514,0.9335402747214526,0.402986730746886,0.3308131718976813,53,567
1000,ESM C 600M,viral,Site Split,SARS2_MRPO_Flynn,1,0.1129160620484327,0.8358147411027451,0.9443314890013504,0.0747623708998981,0.8400409144019868,0.9511286083106985,0.2875764181352253,0.2890452419649092,13,306
1001,ESM C 600M,viral,Site Split,SARS2_MRPO_Flynn,2,0.1304235425424065,0.8166109992970983,0.9244620858947274,0.0653929187623322,0.8929112622393499,0.9991245420600304,0.3355337643539439,0.2050592947100949,17,306
1002,ESM C 600M,viral,Site Split,SARS2_MRPO_Flynn,3,0.1510283280104093,0.8196220774213148,0.9271533436642704,0.0513887866454425,0.8246816409636277,0.9486596342404324,0.381840989507533,0.1983110146281019,22,306
1003,ESM C 600M,viral,Site Split,SARS2_MRPO_Flynn,4,0.1168186382666991,0.8424593868610565,0.948313303855878,0.0773668017410773,0.8238641390854777,0.9238444937346728,0.3077128046624088,0.2820717649428978,12,306
1004,ESM C 600M,viral,Site Split,SARS2_MRPO_Flynn,5,0.1083732691464236,0.8426401345183596,0.9447717528691733,0.1008199135062344,0.8414937731950548,0.9461273417608042,0.3176389447598471,0.239304303174795,17,306
1005,ESM C 600M,viral,Site Split,EV_CAPSD_Bakhache,1,0.0434357372838076,0.8051460872037562,0.9794637071875822,0.0431271761353689,0.7985694596209906,0.9719203443871433,0.2220643480754296,0.2331498525205113,29,862
1006,ESM C 600M,viral,Site Split,EV_CAPSD_Bakhache,2,0.0749824450516356,0.7976386839795293,0.9724886616706492,0.0389582504652374,0.769566192843012,0.9342971360555732,0.2840202554828427,0.2309507408825206,76,862
1007,ESM C 600M,viral,Site Split,EV_CAPSD_Bakhache,3,0.0802633660835923,0.7991584950489662,0.9725862232846072,0.0174489303927056,0.7620480161946244,0.9285879531238987,0.2946034274535508,0.1929482591794183,75,862
1008,ESM C 600M,viral,Site Split,EV_CAPSD_Bakhache,4,0.0626637762983058,0.7916035135032806,0.9668551559374268,0.042980245000919,0.8062365068142264,0.983481746518461,0.2625792380421647,0.2271077742082124,42,862
1009,ESM C 600M,viral,Site Split,EV_CAPSD_Bakhache,5,0.0732601518840168,0.7819541634457444,0.9587252106302412,0.0216677418044453,0.8253222753712234,1.004926734265432,0.2870980986397596,0.1687781281897333,55,862
1010,ESM C 600M,viral,Site Split,SARS2_PLPRO_abundance_Wu,1,0.1419284359097166,0.7680658443318943,0.9255661869793648,0.0990543374328055,0.7897771057651128,0.9504224051261416,0.3827830340107018,0.3198189775255741,33,316
1011,ESM C 600M,viral,Site Split,SARS2_PLPRO_abundance_Wu,2,0.1964455574963388,0.7312738913284269,0.8915351128408379,0.0143355192178552,0.8412838499744593,1.0133274775478869,0.4530174869955408,0.1454216197274304,46,316
1012,ESM C 600M,viral,Site Split,SARS2_PLPRO_abundance_Wu,3,0.1654137079057301,0.7491147848283446,0.9102927200923004,0.060910089354825,0.8169593067955507,0.9825584833439872,0.4223904593352375,0.1899152406576982,35,316
1013,ESM C 600M,viral,Site Split,SARS2_PLPRO_abundance_Wu,4,0.1341537670348304,0.7633017067871568,0.9254019193443922,0.122511888467075,0.8049280817161709,0.9540718432688684,0.3614522128784224,0.3497932915822518,33,316
1014,ESM C 600M,viral,Site Split,SARS2_PLPRO_abundance_Wu,5,0.1305429427596125,0.7736104746715101,0.9303821676185984,0.074008497822386,0.8142922809458276,0.970515396830018,0.3686467890583664,0.2242270856592531,22,316
1015,ESM C 600M,viral,Site Split,NIPAH_F_Larsen,1,0.1304781911628495,0.8049514926780522,0.9393265660579162,0.0722738980074567,0.802095627533086,0.9294320230231472,0.3030069596273737,0.198289594635362,20,602
1016,ESM C 600M,viral,Site Split,NIPAH_F_Larsen,2,0.1188352568471918,0.8142177177612223,0.9483380974204784,0.070437683172111,0.791041435102422,0.9208880756793882,0.2743847568283855,0.2507657434052792,14,602
1017,ESM C 600M,viral,Site Split,NIPAH_F_Larsen,3,0.1152637413860137,0.8125640957616456,0.9451097353561336,0.1285599511306988,0.7764585217632478,0.9147577286819528,0.289841380245534,0.2676081779856111,18,602
1018,ESM C 600M,viral,Site Split,NIPAH_F_Larsen,4,0.117460399680575,0.8264395827035337,0.9560259887218964,0.0322885626108369,0.7745640976580008,0.8932606355284555,0.2885843775795685,0.2256104160733793,15,602
1019,ESM C 600M,viral,Site Split,NIPAH_F_Larsen,5,0.1087734230978734,0.8118658854073548,0.9459739572530718,0.1388379390750784,0.7922424290606543,0.9204477793501676,0.2670261869602771,0.3146124626849723,16,602
1020,ESM C 600M,viral,Site Split,HIV1_BF520_ENV_Haddox,1,0.3419856764807749,0.6447466752576068,0.8058933790299112,0.2638683668856239,0.6976135907319828,0.875277456125529,0.6131408743701088,0.5489459528658328,52,852
1021,ESM C 600M,viral,Site Split,HIV1_BF520_ENV_Haddox,2,0.3391105774888998,0.6475960276690031,0.8098159070113747,0.2963519443803639,0.6903507210286848,0.8514966806593766,0.6093748413818432,0.5624632483267128,53,852
1022,ESM C 600M,viral,Site Split,HIV1_BF520_ENV_Haddox,3,0.3476400413155052,0.6469510843117314,0.8082209863650058,0.3089316822176581,0.6563315015018607,0.8268364257102491,0.6159464868992925,0.5755937283866995,60,852
1023,ESM C 600M,viral,Site Split,HIV1_BF520_ENV_Haddox,4,0.3644478428640255,0.6390959033638809,0.8041818937537343,0.2770062088897556,0.6675792087051309,0.8176456643044757,0.6285165597285061,0.5452783976510185,61,852
1024,ESM C 600M,viral,Site Split,HIV1_BF520_ENV_Haddox,5,0.3491015827094443,0.6468094091520753,0.8083589582740478,0.276066142564484,0.6794579979345428,0.8441911132809117,0.6153593899192495,0.5444960147952251,60,852
1025,ESM C 600M,viral,Site Split,IAV_H1_HA_Wu,1,0.0115944954539871,0.4542803161884432,0.9864567291436238,0.008103882228205,0.4878363436817399,1.025669690156447,0.1880646044306908,0.1525834739512839,5,565
1026,ESM C 600M,viral,Site Split,IAV_H1_HA_Wu,2,0.0001781469684702,0.4854736793756536,0.968810005576228,-0.002798373587652,0.455843248042715,1.1156884709300174,-0.0211056140452264,0.0856827827467483,1,565
1027,ESM C 600M,viral,Site Split,IAV_H1_HA_Wu,3,0.0146427154549717,0.4692537550453445,1.0118778900532173,0.0014020397246714,0.4632392721781707,0.9179937495461512,0.1816423152719719,0.2081024254536777,7,565
1028,ESM C 600M,viral,Site Split,IAV_H1_HA_Wu,4,0.0152361955099208,0.4512881251125613,0.9554504955618724,0.0066401153614283,0.4964593233429991,1.1314241847201552,0.1884227279640966,0.1301845036452437,11,565
1029,ESM C 600M,viral,Site Split,IAV_H1_HA_Wu,5,0.0182657528624721,0.4630351569856427,1.013202616048188,0.0033993884261174,0.4627030099678016,0.9026767990046948,0.2160697645255836,0.1828766782862943,10,565
1030,ESM C 600M,viral,Site Split,SARS2_RBD_expression_Starr,1,0.0965722225415656,0.8142287900338847,0.9360898053979432,0.1201072540758596,0.8407869364873594,0.970927317585114,0.2929941784978419,0.4194363270198786,12,1273
1031,ESM C 600M,viral,Site Split,SARS2_RBD_expression_Starr,2,0.1256993416562188,0.8055225763182633,0.9276088918005982,0.0978546313990245,0.8581773382262599,0.9790777369123116,0.3295634544154868,0.2757834527059513,12,1273
1032,ESM C 600M,viral,Site Split,SARS2_RBD_expression_Starr,3,0.185040326696155,0.7772145626560768,0.8999430265318662,0.061568623205464,0.8495073490984967,0.978814881376574,0.4173863012180541,0.2232366000077129,19,1273
1033,ESM C 600M,viral,Site Split,SARS2_RBD_expression_Starr,4,0.1483025928123386,0.7995690634702998,0.916158490563944,0.1434999378044654,0.8263945815020761,0.9515978763801408,0.3707493257016108,0.3770222494283164,18,1273
1034,ESM C 600M,viral,Site Split,SARS2_RBD_expression_Starr,5,0.206699791349552,0.7721625001291478,0.8924634060404715,0.1042136975797967,0.7948546340330629,0.930366130331987,0.4119956317066442,0.3559740162586423,29,1273
1035,ESM C 600M,viral,Site Split,SARS2_XBB15_RBD_Taylor,1,0.1457181985742593,0.7415406202124044,0.91921496890944,0.1449728776300103,0.7691763769317409,0.9425194610853078,0.3320132813771452,0.2720268866923748,31,201
1036,ESM C 600M,viral,Site Split,SARS2_XBB15_RBD_Taylor,2,0.2310027380215541,0.6872490714358162,0.8634095184473742,0.0720649076207247,0.7991235988617857,1.013643200855549,0.4097872482354495,0.3018297829792759,61,201
1037,ESM C 600M,viral,Site Split,SARS2_XBB15_RBD_Taylor,3,0.0245771815943439,0.7933465809267558,0.9685680811072344,0.0021499926500492,0.8701485299763041,1.0679391235038378,0.1534282190854609,0.0892887136915408,2,201
1038,ESM C 600M,viral,Site Split,SARS2_XBB15_RBD_Taylor,4,0.2932716763186647,0.6790038523823385,0.8496705985837923,-0.0338243522298322,0.7627279112660674,0.9708232861460052,0.4545664395554614,0.1677174004847281,71,201
1039,ESM C 600M,viral,Site Split,SARS2_XBB15_RBD_Taylor,5,0.2129841255837906,0.6991968487452052,0.8808891939062924,-0.016620938186155,0.8285476441647258,1.030809477083343,0.3857124424595929,0.1166201077247123,36,201
1040,ESM C 600M,viral,Site Split,CVB3_VP3_Alvarez,1,0.1020748715082435,0.7363878191546507,0.9412429176653224,0.0738978293855258,0.7432383846400602,0.987161049196122,0.3546974683848426,0.3212903854903768,31,238
1041,ESM C 600M,viral,Site Split,CVB3_VP3_Alvarez,2,0.1317067802412541,0.6937492538184475,0.9113070328089432,0.0269424415719377,0.8012261096017878,1.0626284932753072,0.3935814142135583,0.2404095811833149,40,238
1042,ESM C 600M,viral,Site Split,CVB3_VP3_Alvarez,3,0.1129639423687622,0.7550777226693637,0.9605018994715194,0.0594070111460622,0.7059077938206392,0.8857575361070124,0.369292493261278,0.3104768064197283,40,238
1043,ESM C 600M,viral,Site Split,CVB3_VP3_Alvarez,4,0.1795033459631002,0.6785653564538696,0.8893489829705495,0.0236077254670483,0.8254717148904981,1.05152366824855,0.4560270047755693,0.2147314650736758,85,238
1044,ESM C 600M,viral,Site Split,CVB3_VP3_Alvarez,5,0.1629031255338576,0.6977547274272846,0.9087112709581237,0.1282151955628671,0.7609548677474975,0.9569867518154322,0.4392020175458116,0.3961726875431818,100,238
1045,ESM C 600M,viral,Site Split,RmYN02_RBD_Starr,1,1.073262034800848e-09,0.5539651441531881,0.9776771462416918,-0.0228189676641457,0.6253222703710457,1.0855203935564277,0.0888498181249801,0.0920762639409563,1,491
1046,ESM C 600M,viral,Site Split,RmYN02_RBD_Starr,2,1.2459360210215211e-09,0.599390861954315,1.018562251080272,-0.0064259061599836,0.5397210543350025,0.9242676306165644,0.0826483926629566,0.1012401212958156,1,491
1047,ESM C 600M,viral,Site Split,RmYN02_RBD_Starr,3,1.1990913817427895e-09,0.6079481890765692,1.0228355936809932,-0.0156682929821305,0.5219538605813229,0.9063946517770346,0.0648874352241715,0.1587764767492324,1,491
1048,ESM C 600M,viral,Site Split,RmYN02_RBD_Starr,4,2.858777548020441e-09,0.598578242512029,1.045862171507882,-0.0071602075449441,0.5401638053459911,0.7957462466553447,0.0921020454838972,0.0501346198710116,1,491
1049,ESM C 600M,viral,Site Split,RmYN02_RBD_Starr,5,0.0345355707347641,0.5738832413230156,1.0142948883731204,-0.0399752077711497,0.5630811014222227,0.8766188291860784,0.1839083238507742,-0.1007816955934054,6,491
1050,ESM C 600M,viral,Site Split,IAV_H1_NP_Doud,1,0.0461310706981188,0.782578177566849,0.9756189483405028,0.0168752861954021,0.8037299661347589,0.995349515077624,0.198512625690396,0.1248006591516624,22,498
1051,ESM C 600M,viral,Site Split,IAV_H1_NP_Doud,2,0.0471947765647463,0.7775631404739123,0.9728928136141146,-0.0032485755693352,0.802503780771917,1.0031182186916134,0.2033504129421971,0.1612932820884086,22,498
1052,ESM C 600M,viral,Site Split,IAV_H1_NP_Doud,3,0.0452220319558407,0.7747751460837379,0.9691846109873504,0.0196959125365752,0.819611032361639,1.0175439388986278,0.2161148031832796,0.1802632620882573,22,498
1053,ESM C 600M,viral,Site Split,IAV_H1_NP_Doud,4,0.0306963701935031,0.7906678618783605,0.986014045120748,0.0232616551509953,0.7901799906471102,0.982265618408582,0.1770830090405305,0.1064597125809641,14,498
1054,ESM C 600M,viral,Site Split,IAV_H1_NP_Doud,5,0.0225231880848143,0.793467334331296,0.9888911263008138,0.0177674193268494,0.7964764975940457,0.988766864399103,0.1492162238538332,0.1392147625758928,14,498
1055,ESM C 600M,viral,Site Split,HIV1_HV1B9_ENV_DuenasDecamp,1,0.2841788442205654,0.5914543857440051,0.8596632150971315,-0.088024002223477,0.7480005804181649,0.97299738340061,0.5521624259739683,0.1257188475140018,13,853
1056,ESM C 600M,viral,Site Split,HIV1_HV1B9_ENV_DuenasDecamp,2,0.1001232527736938,0.5754198479900122,0.8577987110068143,-0.0181981116614657,0.8796071819145704,1.183012745772658,0.2999108549929665,0.282866231896649,1,853
1057,ESM C 600M,viral,Site Split,HIV1_HV1B9_ENV_DuenasDecamp,3,0.091469176306551,0.6892744306546357,0.9764409866375984,0.172101304442801,0.6361892304014845,0.8345105287471207,0.2777519097654722,0.5900463963165833,1,853
1058,ESM C 600M,viral,Site Split,HIV1_HV1B9_ENV_DuenasDecamp,4,0.0899036088632532,0.738072427257563,1.0062370401810037,0.0960166384642627,0.4879878985090156,0.6593177178475231,0.3250413061859311,0.3846715927993411,1,853
1059,ESM C 600M,viral,Site Split,HIV1_HV1B9_ENV_DuenasDecamp,5,0.1030876435148993,0.6915037208899747,0.9630633657389568,0.1191760348092935,0.6632224002139574,0.8679471436215566,0.3391060357834433,0.3906562461833961,1,853
1060,ESM C 600M,viral,Site Split,IAV_H1_HA_Doud,1,0.0927910768928077,0.797920129554963,0.9426706720549292,0.0691433912224445,0.8371792465070411,1.0003359502465028,0.319883021828812,0.2903277462296674,20,565
1061,ESM C 600M,viral,Site Split,IAV_H1_HA_Doud,2,0.1758334282641317,0.7597862989054173,0.9101244279499372,0.0928173256049582,0.7876197617288301,0.9418751722988186,0.4320442197450966,0.3028091612932705,78,565
1062,ESM C 600M,viral,Site Split,IAV_H1_HA_Doud,3,0.1414219975632038,0.7753590473186811,0.9265165037216716,0.0425259864770168,0.8205991746653668,0.9719555379319228,0.3932935467950512,0.2306349028865699,44,565
1063,ESM C 600M,viral,Site Split,IAV_H1_HA_Doud,4,0.1602589611681566,0.7675319708166819,0.9187721847750896,0.0893251772009716,0.7828910717574217,0.9432655155031824,0.4102565936442534,0.3310288935531893,55,565
1064,ESM C 600M,viral,Site Split,IAV_H1_HA_Doud,5,0.0935436732139048,0.7969989380250236,0.9464681659992866,0.0720135805071787,0.8370670739787492,0.9855120930769036,0.3265328874788126,0.2617598221519931,24,565
1065,ESM C 600M,viral,Site Split,LASSA_GP_Carr,1,0.1030360697111568,0.8315276352714035,0.9480894369222316,-0.012111316942015,0.8733850856555169,1.0001800031780297,0.3160016855925864,0.0309362634565013,15,491
1066,ESM C 600M,viral,Site Split,LASSA_GP_Carr,2,0.3281017556439166,0.6897440536771688,0.8202921712958688,0.1184932610730032,0.7928449078429266,0.9342724765209648,0.5667460493161218,0.3565533400037985,189,491
1067,ESM C 600M,viral,Site Split,LASSA_GP_Carr,3,0.0229902322567162,0.8742596150234906,0.98854857007075,0.0357676073345203,0.8723676441870412,0.9804032441131316,0.135041012287802,0.196204375732839,3,491
1068,ESM C 600M,viral,Site Split,LASSA_GP_Carr,4,0.0248577563253079,0.8688847251780014,0.9844595507950128,0.0242813456705386,0.8811182669520233,0.999655169453514,0.1284827908821124,0.120012586666438,5,491
1069,ESM C 600M,viral,Site Split,LASSA_GP_Carr,5,0.0226352975704943,0.872623215627716,0.986387636847671,0.0343196575037172,0.8821526528477852,0.9894217645582444,0.1339521569247854,0.2126172398993838,5,491
1070,ESM C 600M,viral,Site Split,EV_REP_Bakhache,1,0.1146410954101134,0.8039360342432889,0.9404848025804812,0.0792404514738772,0.8257415405277464,0.9609748258517106,0.3431006872306359,0.289101637133995,70,1331
1071,ESM C 600M,viral,Site Split,EV_REP_Bakhache,2,0.1144359655104116,0.8006867114360814,0.9384616861826172,0.0732588117642158,0.839805307234634,0.973107334270891,0.3455149447650329,0.2617000771117745,67,1331
1072,ESM C 600M,viral,Site Split,EV_REP_Bakhache,3,0.1074739401318792,0.8077877348415551,0.9437008265380916,0.1075425429983621,0.8002239912680651,0.9485303544177056,0.3308370677563607,0.3374824060149447,69,1331
1073,ESM C 600M,viral,Site Split,EV_REP_Bakhache,4,0.117817108604828,0.8088664881505755,0.9454877757596288,0.0754520491766862,0.7997154004376542,0.93429727386597,0.3469900631934638,0.2876619119297132,64,1331
1074,ESM C 600M,viral,Site Split,EV_REP_Bakhache,5,0.111276844883592,0.8141228861939143,0.9503373016095406,0.0409522511103418,0.8128566453287984,0.9439492576568056,0.3420069975503912,0.2325689652292429,52,1331
1075,ESM C 600M,viral,Site Split,CVB3_3D_Alvarez,1,0.2037547312472006,0.7478756308988364,0.8884468057116862,0.1346097200987597,0.7972397076106916,0.9451501867345794,0.5053562247220772,0.4004600400121234,64,462
1076,ESM C 600M,viral,Site Split,CVB3_3D_Alvarez,2,0.2489227407011024,0.7272913227566193,0.8688502484431543,0.1498056030969016,0.7717261344834333,0.9125585417163428,0.5520244944225499,0.4199049033158865,117,462
1077,ESM C 600M,viral,Site Split,CVB3_3D_Alvarez,3,0.1761205051960138,0.7870174437335188,0.9157531668308724,0.1081382832630029,0.7712379339907698,0.90628553784097,0.4809334986640528,0.4121741584191121,35,462
1078,ESM C 600M,viral,Site Split,CVB3_3D_Alvarez,4,0.1734951877338093,0.7595051230132991,0.8993244173916816,0.1449896020765843,0.8175595116069543,0.9569587900514296,0.4708230344608556,0.4167846607459792,44,462
1079,ESM C 600M,viral,Site Split,CVB3_3D_Alvarez,5,0.1967706238059833,0.762901394506936,0.8974015646139052,0.1467842643294615,0.7833299138055314,0.9176612953945834,0.5047247529743646,0.4421250146816266,52,462
1080,ESM C 600M,viral,Site Split,BPP22_COAT_Tsuboyama,1,0.923791710564698,0.2001541068544159,0.2791926695970886,0.7938820458115868,0.3253377209065238,0.4304506129617881,0.936146568305597,0.923488427019367,108,40
1081,ESM C 600M,viral,Site Split,BPP22_COAT_Tsuboyama,2,0.8790953051571381,0.2265540453287747,0.3362244081904875,0.6692758256608972,0.4735970865190738,0.64063826913909,0.9219975302793154,0.792405502588376,54,40
1082,ESM C 600M,viral,Site Split,BPP22_COAT_Tsuboyama,3,0.936845651671622,0.1830017789057861,0.2541763805941621,0.7722420563685136,0.3525595217078005,0.4548169165426791,0.9447934091879538,0.8764327648867767,121,40
1083,ESM C 600M,viral,Site Split,BPP22_COAT_Tsuboyama,4,0.9276431072877924,0.1808229293279595,0.2591422665891945,0.6972968065710633,0.390681541176887,0.5187021401372726,0.9308154231030604,0.8370925838450637,113,40
1084,ESM C 600M,viral,Site Split,BPP22_COAT_Tsuboyama,5,0.8979216361589016,0.2108576649507565,0.2987499887159592,0.8036403301097337,0.3871654858457215,0.5428760621648013,0.9410010070741904,0.8279483545898283,77,40
1085,ESM C 600M,viral,Site Split,CVB3_VP1_Alvarez,1,0.1439089714956197,0.8015213090814983,0.9263054990454044,0.0823024764768197,0.8138859490580521,0.9535157302957856,0.3994128436623724,0.2846989113485365,32,281
1086,ESM C 600M,viral,Site Split,CVB3_VP1_Alvarez,2,0.134167156726479,0.8135709576866782,0.9335898901919294,0.1006729246960993,0.8089106657458006,0.9349050419634544,0.3874471558592224,0.3325617885254895,27,281
1087,ESM C 600M,viral,Site Split,CVB3_VP1_Alvarez,3,0.1705222636037284,0.7988065125054682,0.921795999204216,0.0998672444801841,0.7787379394788992,0.8971226632477406,0.4343163974057507,0.3338376903323873,51,281
1088,ESM C 600M,viral,Site Split,CVB3_VP1_Alvarez,4,0.0389436530449404,0.8585913729564186,0.9770510592279964,0.0330596482586822,0.8997755058136374,0.9949148501249536,0.223115614589612,0.1977579812555565,5,281
1089,ESM C 600M,viral,Site Split,CVB3_VP1_Alvarez,5,0.0293454446523896,0.8694230421182999,0.9831117333333576,0.0460685949343375,0.8679342614790077,0.9844761967467204,0.1991193014112668,0.2742050006518917,4,281
1090,ESM C 600M,viral,Site Split,IAV_H3_NP_Doud,1,0.1281948415344648,0.7432930803915867,0.948598576233398,0.0034511771935835,0.7357111135146767,0.9310588056354644,0.3448273140421677,0.1149892281971675,64,498
1091,ESM C 600M,viral,Site Split,IAV_H3_NP_Doud,2,0.0565017527270821,0.7659973413419803,0.9747472912569144,-0.016109229597593,0.7759973305973392,0.9935284139761398,0.2007467787884678,0.0280371200659277,16,498
1092,ESM C 600M,viral,Site Split,IAV_H3_NP_Doud,3,0.0254035679735693,0.7786254984606945,0.9969026459412108,0.019819545569633,0.7530185535698106,0.9500198921503716,0.1492269284752051,0.0817023883018248,10,498
1093,ESM C 600M,viral,Site Split,IAV_H3_NP_Doud,4,0.1342294272277049,0.7228746603266222,0.9229664091411034,0.0081830417829068,0.8177892832694892,1.0271821736641356,0.3453549473671084,0.1317688718387641,67,498
1094,ESM C 600M,viral,Site Split,IAV_H3_NP_Doud,5,0.0978318552895863,0.7487906462926327,0.954290300895536,0.0521683718283099,0.7499698369993538,0.9541043441574476,0.2944397276981649,0.1666853962971729,50,498
1095,ESM C 600M,viral,Site Split,SARS2_DELTA_SPIKE_Dadonaite,1,5.865070651367431e-10,0.4235086482104505,1.0149884056525995,-8.840875305771156e-05,0.4294070019338138,0.9383810273412024,0.0772172715483196,0.0436708900236617,1,1250
1096,ESM C 600M,viral,Site Split,SARS2_DELTA_SPIKE_Dadonaite,2,0.0110301558864273,0.414955824953745,0.996607185612124,0.0019466623351572,0.4294857313789033,0.9903812084168128,0.1232784027317726,0.0540263792405213,12,1250
1097,ESM C 600M,viral,Site Split,SARS2_DELTA_SPIKE_Dadonaite,3,-2.220446049250313e-16,0.4344748474457339,1.00263110373792,-0.0012914363498366,0.4127072412998558,0.9895853824523594,,,0,1250
1098,ESM C 600M,viral,Site Split,SARS2_DELTA_SPIKE_Dadonaite,4,0.0008798797882058,0.4262741720724958,0.9961202180079384,0.0005358823228487,0.4241801262530192,1.0133569245611995,0.0570830600019358,0.1291010432751409,2,1250
1099,ESM C 600M,viral,Site Split,SARS2_DELTA_SPIKE_Dadonaite,5,4.619411519968253e-10,0.4339724682691416,1.0280773885294658,-0.0009940832895041,0.4099415766673858,0.8794803904304401,0.0775692723498703,0.0833919035102523,1,1250
1100,ESM C 600M,viral,Site Split,SARS2_PLPRO_activity_Wu,1,0.2821018966501606,0.7520246030319482,0.8502160729384916,0.2034076458107052,0.773697273570805,0.8800690065077144,0.5189514932616333,0.3870732757844989,38,316
1101,ESM C 600M,viral,Site Split,SARS2_PLPRO_activity_Wu,2,0.2535889022772742,0.7641679822700158,0.8598606738473189,0.2759304292299119,0.7605318686953142,0.8660010413761919,0.4856896053046832,0.5108292716598246,34,316
1102,ESM C 600M,viral,Site Split,SARS2_PLPRO_activity_Wu,3,0.3221391406885107,0.7166780576223137,0.8222201416194452,0.3014598717690958,0.7428441795323979,0.8401013483847133,0.5558297283386457,0.5060716194895755,60,316
1103,ESM C 600M,viral,Site Split,SARS2_PLPRO_activity_Wu,4,0.2687275502142452,0.7513749296233054,0.8461909740699465,0.240457902322283,0.7932623677008882,0.9064948475394689,0.5021604232746779,0.4521352820029252,36,316
1104,ESM C 600M,viral,Site Split,SARS2_PLPRO_activity_Wu,5,0.3215560356340504,0.7213283398523156,0.8265953036719615,0.1820775549895807,0.7843723659680512,0.8881978643677674,0.5478740941344158,0.4053954291997172,53,316
1105,ESM C 600M,viral,Site Split,IAV_RDRP_Li,1,0.0667731187797755,0.8005231836158941,0.9726060541033352,0.0440730729833671,0.7870755421580403,0.9479984336684736,0.2604548597530632,0.2226123289827821,31,757
1106,ESM C 600M,viral,Site Split,IAV_RDRP_Li,2,0.0607868918773083,0.7913429362604679,0.9628433772242654,0.0066878460846427,0.8525225524139562,1.0203574751583089,0.2443637264727219,0.099023495303635,21,757
1107,ESM C 600M,viral,Site Split,IAV_RDRP_Li,3,0.0616781480841784,0.7867147598721832,0.9600053242188962,0.0262260732469288,0.832790269403835,1.0167805197168875,0.2487767714783722,0.1694249255285392,34,757
1108,ESM C 600M,viral,Site Split,IAV_RDRP_Li,4,0.042447529175048,0.8114666038899938,0.982091371327784,0.0459371674055211,0.7887510529012929,0.9625310654296604,0.2067821190471922,0.2246347372598353,14,757
1109,ESM C 600M,viral,Site Split,IAV_RDRP_Li,5,0.0415512430305569,0.8080020566046744,0.9798917726497204,0.0389233671101495,0.808380121271779,0.976787271581048,0.2028273851186692,0.1916575867441863,13,757
1110,ESM C 600M,viral,Site Split,CVB3_POLG_Mattenberger,1,0.1122562926402854,0.7484372334431192,0.9435020711398372,0.0807250058996188,0.7537162929807079,0.9523947560674652,0.3231234974765339,0.2661213556114379,46,2185
1111,ESM C 600M,viral,Site Split,CVB3_POLG_Mattenberger,2,0.1231752728019467,0.7591101491546971,0.9517005878349676,0.0278949110547183,0.7348594111237929,0.9119436488401098,0.3377581678190373,0.212529970221574,44,2185
1112,ESM C 600M,viral,Site Split,CVB3_POLG_Mattenberger,3,0.0901519545565869,0.7598763070678165,0.9557008281876976,0.0977335530069676,0.753260691888835,0.9421380075499144,0.3032614056116911,0.2916095580673636,27,2185
1113,ESM C 600M,viral,Site Split,CVB3_POLG_Mattenberger,4,0.1235860061620371,0.7484389321323026,0.9429382613425732,0.0376389336814092,0.7698202494535266,0.9519537485363174,0.3324320017553975,0.2013195871073887,39,2185
1114,ESM C 600M,viral,Site Split,CVB3_POLG_Mattenberger,5,0.1109121258775809,0.7502757264684351,0.9410771365260572,0.0931046059733812,0.7586094759453055,0.958859348354508,0.3283731543094166,0.2794893452302772,48,2185
1115,ESM C 600M,viral,Site Split,RsYN04_RBD_Starr,1,0.0201956126411472,0.4319768002784858,1.0812845813647458,-0.0104247180473733,0.3252890290182748,0.4730489935617007,0.119755293170158,0.1099760926143383,3,517
1116,ESM C 600M,viral,Site Split,RsYN04_RBD_Starr,2,0.0328175303674093,0.4261227144164111,1.066249726921805,-0.0281647991782432,0.3452027670809717,0.5593492161380633,0.1173915767577267,0.1386981799524481,4,517
1117,ESM C 600M,viral,Site Split,RsYN04_RBD_Starr,3,0.0173296451677422,0.4253550322689753,1.0638606838595273,0.0092309622220139,0.3403753438396804,0.6288308459803384,0.1226292921270603,0.2088733350572121,3,517
1118,ESM C 600M,viral,Site Split,RsYN04_RBD_Starr,4,0.0335305827172255,0.4073896732202872,1.005278681436494,0.0038301837442896,0.3940301694931843,0.9018578562323608,0.16230062450814,-0.024206062841189,4,517
1119,ESM C 600M,viral,Site Split,RsYN04_RBD_Starr,5,0.0362586241953151,0.4186011787309202,1.045275823531979,-0.0034225257748192,0.3377709031321069,0.688868639192883,0.150072397567323,0.0811766044240161,7,517
1120,ESM C 600M,viral,Site Split,CVB3_3B_Alvarez,1,0.4613283249336605,0.6262776159054129,0.7517735661691711,-0.8492986843583141,0.9647095198051688,1.1097220105874903,0.7156816955675492,0.2191609606513465,31,22
1121,ESM C 600M,viral,Site Split,CVB3_3B_Alvarez,2,0.3517392314126082,0.7059139796359188,0.8292848262822091,-0.1719429346258547,0.7922995689300614,0.9155057996856222,0.6443489791030008,0.220944670090722,21,22
1122,ESM C 600M,viral,Site Split,CVB3_3B_Alvarez,3,0.5867517335184312,0.466095745654675,0.6002572559310607,-0.3431676490382289,1.1666726640999412,1.2895264891111706,0.7674828559599627,0.0502843014669117,58,22
1123,ESM C 600M,viral,Site Split,CVB3_3B_Alvarez,4,3.3306690738754696e-16,0.940654549638965,1.0054496907178243,-0.0945414971261742,0.9298407918252528,0.991020143840927,,,0,22
1124,ESM C 600M,viral,Site Split,CVB3_3B_Alvarez,5,0.4266781305110074,0.6283718874941024,0.7633118555890767,-0.1005406471356404,0.8862183197104662,1.017821306452334,0.6727504337035249,0.1535119125526786,31,22
1125,ESM C 600M,viral,Site Split,CVB3_2B_Alvarez,1,0.1023795056556495,0.8506231578137753,0.9412263342907848,0.0748638634044615,0.9012134709532076,0.9743768588133788,0.3239375978181919,0.3499827387419267,3,99
1126,ESM C 600M,viral,Site Split,CVB3_2B_Alvarez,2,0.1643169071070659,0.8237789150879768,0.9191600645158507,0.1492097869279453,0.8044468303426479,0.9019583288981278,0.4251279150451109,0.3302985480164206,10,99
1127,ESM C 600M,viral,Site Split,CVB3_2B_Alvarez,3,0.1386887489135843,0.843193258730629,0.9343993575018366,0.1251185775031601,0.8085731228189313,0.9090078192238272,0.3569716126483019,0.3923307770392504,7,99
1128,ESM C 600M,viral,Site Split,CVB3_2B_Alvarez,4,0.1523526797164478,0.8329449764439856,0.9258019136886524,0.1221564631142252,0.8141509578540704,0.9137309418467155,0.3877251136463311,0.3280301939642371,10,99
1129,ESM C 600M,viral,Site Split,CVB3_2B_Alvarez,5,0.0899979857929897,0.8560826899095945,0.9431451766844098,0.0854779954112082,0.9302194533960836,0.993552423245424,0.296370673049801,0.318715016840333,2,99
1130,ESM C 600M,viral,Site Split,SARS2_RBD_binding_Starr,1,0.2260123093495334,0.6918795574953978,0.9051678924763782,-0.0743528099602652,0.6798747093574363,0.876866614251946,0.3891245669674339,0.1550953237352851,25,1273
1131,ESM C 600M,viral,Site Split,SARS2_RBD_binding_Starr,2,0.2088290872480944,0.6820912781670508,0.9053274463630616,0.0256904698627147,0.6908350225784279,0.9128619501067124,0.3557562392216419,0.1817800034577565,19,1273
1132,ESM C 600M,viral,Site Split,SARS2_RBD_binding_Starr,3,0.2055056231804027,0.6438526624435164,0.8804098569198504,0.0586481558661314,0.7679969062758307,1.0110775064513002,0.3635961029735857,0.1654395449605844,22,1273
1133,ESM C 600M,viral,Site Split,SARS2_RBD_binding_Starr,4,0.3874411789619448,0.5814216106751406,0.7878155267519686,-0.0743831395917462,0.7551662430994608,1.0091714816897308,0.5154233883415175,0.1748685660720754,55,1273
1134,ESM C 600M,viral,Site Split,SARS2_RBD_binding_Starr,5,0.2448569744211477,0.6221598692998714,0.8254907346481506,0.0851425518549403,0.7859697957797876,1.1189291843308309,0.3599681052340008,0.3366034005879883,34,1273
1135,ESM C 600M,viral,Site Split,SARS2_PRD0038_RBD_Starr,1,0.3234504323826007,0.6154667811703571,0.8273247890870478,0.2517216739454033,0.6366040593885762,0.8447879584130897,0.4550259290293407,0.3329627536175852,55,200
1136,ESM C 600M,viral,Site Split,SARS2_PRD0038_RBD_Starr,2,0.283411394273021,0.6090109290280125,0.8257507487337445,0.1119291929719196,0.7417909868198265,1.014350580412973,0.4020492185420968,0.362676537321516,38,200
1137,ESM C 600M,viral,Site Split,SARS2_PRD0038_RBD_Starr,3,0.2962343238609731,0.6451919844651276,0.8599932991607889,0.1463375816208324,0.623173138572677,0.8157852560946123,0.4397097585278249,0.2238305181227115,48,200
1138,ESM C 600M,viral,Site Split,SARS2_PRD0038_RBD_Starr,4,0.2579592547858513,0.6300637972260515,0.8433887158813155,0.1425845598256823,0.7297287966575873,0.9968819946866408,0.3992026908632147,0.2940282247301776,34,200
1139,ESM C 600M,viral,Site Split,SARS2_PRD0038_RBD_Starr,5,0.1920668663651838,0.6896896330959628,0.9075685955406464,0.0995435396318333,0.6806692885782024,0.9075683299387912,0.3535215665357014,0.2838071962159307,23,200
1140,ESM C 600M,viral,Site Split,IAV_PB2_Soh,1,0.0281621446251379,0.6922465168859476,1.0325422763445569,0.0023429982360089,0.6213343451854314,0.7764339974009707,0.1892166675529108,0.1744147985084053,10,759
1141,ESM C 600M,viral,Site Split,IAV_PB2_Soh,2,0.0330915731879628,0.6728731850720279,1.0131977690765703,-0.0003659145739944,0.6628365633516006,0.8682368833387729,0.2114755578975595,0.1287044064290678,10,759
1142,ESM C 600M,viral,Site Split,IAV_PB2_Soh,3,0.0321387911527644,0.6749603985410421,1.0007723659475103,0.017085886508428,0.6495385731517703,0.91993325960924,0.2199864708737189,0.1388384795888799,11,759
1143,ESM C 600M,viral,Site Split,IAV_PB2_Soh,4,0.0334233863782584,0.6772618393676533,1.014704685783055,0.0060623243717784,0.660943936747699,0.8564980940150592,0.2120253093356844,0.1671955254632079,12,759
1144,ESM C 600M,viral,Site Split,IAV_PB2_Soh,5,0.0321969251626975,0.6671666764791038,0.9741509548342794,0.0148594868354077,0.6719451253081098,1.0303683213746797,0.2094809926531333,0.1933083218935415,10,759
1145,ESM C 600M,viral,Site Split,SARS2_BA1_SPIKE_Dadonaite,1,0.0657137206750473,0.8127849729012171,0.9690327931806576,0.0237274439739,0.8244065531261962,0.9777334547195764,0.2175600183632431,0.1221467136264688,20,1249
1146,ESM C 600M,viral,Site Split,SARS2_BA1_SPIKE_Dadonaite,2,0.0464907145057288,0.8209951101884304,0.9747717294625112,0.0280875644125622,0.824507489306026,0.9926568889276308,0.1795178789527158,0.1479079579816181,14,1249
1147,ESM C 600M,viral,Site Split,SARS2_BA1_SPIKE_Dadonaite,3,0.0437291935370459,0.8221511666171876,0.9778197495051032,0.0496961544016943,0.8145150390634783,0.9750170975018122,0.1748219174344098,0.1639306006333891,15,1249
1148,ESM C 600M,viral,Site Split,SARS2_BA1_SPIKE_Dadonaite,4,0.0384126708023431,0.8261194581849789,0.9796137308468252,0.0559573919169984,0.8222797114918828,0.9754584014640192,0.1572751723279699,0.2218407983416907,15,1249
1149,ESM C 600M,viral,Site Split,SARS2_BA1_SPIKE_Dadonaite,5,0.0499680162756159,0.8251124525171881,0.9783475456171818,0.0192461904850059,0.8243478450998801,0.9743562437023976,0.18088439516946,0.126320029924328,12,1249
1150,ESM C 600M,cellular,Pooled Split,UBC9_HUMAN_Roth2017,1,0.5003681250054159,0.5161500254304884,0.7024691731757807,0.3616874116610062,0.5820508594439505,0.81754120351625,0.7629000009769118,0.6648836048102136,163,159
1151,ESM C 600M,cellular,Pooled Split,UBC9_HUMAN_Roth2017,2,0.4958222874889804,0.5139232126315352,0.722674808999352,0.3587408016115354,0.5720103245851766,0.7410459009854082,0.7720562865248162,0.6300581055630434,140,159
1152,ESM C 600M,cellular,Pooled Split,UBC9_HUMAN_Roth2017,3,0.4952755144078971,0.5064279039581051,0.6975059567096009,0.3769616191064212,0.5839929381454045,0.8442058388739947,0.7609416539399151,0.7009120908551488,149,159
1153,ESM C 600M,cellular,Pooled Split,UBC9_HUMAN_Roth2017,4,0.4929341931651139,0.5160079653030762,0.7056811424258115,0.4008684204214646,0.5606839068600263,0.8010324810458886,0.7597799236711386,0.7045996012639107,147,159
1154,ESM C 600M,cellular,Pooled Split,UBC9_HUMAN_Roth2017,5,0.5027190133329188,0.5132098621302983,0.6836207924778106,0.327503159923733,0.5774812527617108,0.9132860752305794,0.7540452808427077,0.7141960791407898,139,159
1155,ESM C 600M,cellular,Pooled Split,B3VI55_LIPSTSTABLE,1,0.4677864431255628,0.5874835514235017,0.7293429367731511,0.4491247765505273,0.598357703353877,0.7428003488347196,0.698401750505813,0.6924001155988709,337,439
1156,ESM C 600M,cellular,Pooled Split,B3VI55_LIPSTSTABLE,2,0.4741225332521676,0.5817443596526948,0.7225843297129488,0.4199790074182604,0.6202176479848095,0.7723124791623406,0.7029081375400491,0.6703984261215578,328,439
1157,ESM C 600M,cellular,Pooled Split,B3VI55_LIPSTSTABLE,3,0.4749811631440747,0.5818085159244019,0.7217229035630737,0.412854060804091,0.6255757090259323,0.778221720763378,0.7040942672098259,0.6598708439124402,343,439
1158,ESM C 600M,cellular,Pooled Split,B3VI55_LIPSTSTABLE,4,0.4720256629373459,0.5842222325326044,0.7275717824020669,0.4086129466568129,0.6146652567507385,0.764963514171127,0.7025746311440524,0.655225836294447,332,439
1159,ESM C 600M,cellular,Pooled Split,B3VI55_LIPSTSTABLE,5,0.4803289755280937,0.580539751824644,0.7201822262246481,0.4122229913264269,0.6102839834876571,0.7695373300417314,0.7091541782577291,0.6592733852110105,338,439
1160,ESM C 600M,cellular,Pooled Split,UBE4B_MOUSE_Klevit2013_singles,1,0.4748991076459649,0.5338440695206906,0.7347581257959236,0.3056022479637842,0.539422454256128,0.7850536857522181,0.689506809549179,0.4925969861181307,94,1173
1161,ESM C 600M,cellular,Pooled Split,UBE4B_MOUSE_Klevit2013_singles,2,0.3974316527713474,0.5595561928733546,0.7538528043223843,0.2767025569822147,0.6221654014052114,0.941352596907849,0.6100573864732534,0.4651301565100762,63,1173
1162,ESM C 600M,cellular,Pooled Split,UBE4B_MOUSE_Klevit2013_singles,3,0.448978851574661,0.5412992698492846,0.749688683492584,0.3724077742758002,0.5650414089731199,0.7599272204064025,0.6648910394035189,0.5382972802108535,89,1173
1163,ESM C 600M,cellular,Pooled Split,UBE4B_MOUSE_Klevit2013_singles,4,0.4316476834979992,0.5470370915630506,0.7479608141721812,0.2909778341827816,0.5885488705882566,0.86495323366357,0.6436948786011943,0.5689612688464742,69,1173
1164,ESM C 600M,cellular,Pooled Split,UBE4B_MOUSE_Klevit2013_singles,5,0.5497736397466988,0.4902146822761504,0.6663143377652831,0.1193221972665725,0.6346396911347526,0.9584748097301322,0.7314765411129917,0.4098992970970684,117,1173
1165,ESM C 600M,cellular,Pooled Split,SUMO1_HUMAN_Roth2017,1,0.4925097214130092,0.539813402471055,0.7103105763712004,0.4326168596997567,0.5929598731231843,0.7615402603173949,0.7108535690214741,0.6702452098679623,74,101
1166,ESM C 600M,cellular,Pooled Split,SUMO1_HUMAN_Roth2017,2,0.486385569366124,0.5488129192749679,0.7174688851194009,0.4537089735873304,0.5660705758724017,0.7355070223742052,0.7087928034504744,0.6784082860647723,78,101
1167,ESM C 600M,cellular,Pooled Split,SUMO1_HUMAN_Roth2017,3,0.4914469822798412,0.5492365224725766,0.7160138175326964,0.3708385649016965,0.5824453887854621,0.7796318162373477,0.7108928096301337,0.6153906002877463,75,101
1168,ESM C 600M,cellular,Pooled Split,SUMO1_HUMAN_Roth2017,4,0.4769057171311491,0.5503386153561933,0.7191032724193935,0.4198619901156361,0.596527256136639,0.7787260640232021,0.7024109970107777,0.6523571626090676,74,101
1169,ESM C 600M,cellular,Pooled Split,SUMO1_HUMAN_Roth2017,5,0.5009360922488598,0.5453571153035818,0.7060827254361747,0.3541103794189293,0.590909007097642,0.8052671145878944,0.7180809728627664,0.6032299104708713,79,101
1170,ESM C 600M,cellular,Pooled Split,BLAT_ECOLX_Ostermeier2014,1,0.7012600755652075,0.4277089317049323,0.5457610527540487,0.6542190751820949,0.4695444204182373,0.5914401472507111,0.8652679444090818,0.8406678279843302,227,286
1171,ESM C 600M,cellular,Pooled Split,BLAT_ECOLX_Ostermeier2014,2,0.6977734861714201,0.4296802511455328,0.5481653569779636,0.6679222468805133,0.4639929999799722,0.5828211948425858,0.8630568145066415,0.8448514153416977,237,286
1172,ESM C 600M,cellular,Pooled Split,BLAT_ECOLX_Ostermeier2014,3,0.6969862868228273,0.4336260743073918,0.5505722544091124,0.647628167783064,0.4596766428569188,0.5924733472592654,0.8650931945386865,0.8229118142626679,222,286
1173,ESM C 600M,cellular,Pooled Split,BLAT_ECOLX_Ostermeier2014,4,0.6992266034238049,0.4318195913004942,0.548576387942094,0.6555042636322066,0.4585950366014527,0.5862879432820892,0.863364271570388,0.8399314005682628,231,286
1174,ESM C 600M,cellular,Pooled Split,BLAT_ECOLX_Ostermeier2014,5,0.7043011258329763,0.432243859153061,0.5444735411737435,0.6418598229998056,0.4551529710344617,0.5928640285598438,0.8650614776133851,0.8408106079476696,231,286
1175,ESM C 600M,cellular,Pooled Split,BRCA1_HUMAN_BRCT,1,0.6511210979248991,0.443984301753076,0.6039862261426117,0.432198839796672,0.5001703769456523,0.6718642794529606,0.6833802592848389,0.4890167754654975,140,1863
1176,ESM C 600M,cellular,Pooled Split,BRCA1_HUMAN_BRCT,2,0.6423541425022199,0.4454623545905075,0.5969369344916373,0.5196990789597324,0.4671390095753148,0.6965414891543298,0.6599256944874993,0.6171906374224612,158,1863
1177,ESM C 600M,cellular,Pooled Split,BRCA1_HUMAN_BRCT,3,0.6498998960307185,0.4332281771671535,0.5870265031478792,0.4339856499583013,0.5527197914757913,0.7754770101423146,0.6786788199161885,0.5245805930307736,146,1863
1178,ESM C 600M,cellular,Pooled Split,BRCA1_HUMAN_BRCT,4,0.6430846305548252,0.444332664009495,0.6063476110025945,0.5179777625850901,0.4713629392954112,0.6503417555954102,0.6809764355976221,0.5206722576749838,152,1863
1179,ESM C 600M,cellular,Pooled Split,BRCA1_HUMAN_BRCT,5,0.6431782461100666,0.4324042399216064,0.5919975837313222,0.5253312398195795,0.5345676672967896,0.713046588477338,0.6605522335293273,0.5989400497983043,166,1863
1180,ESM C 600M,cellular,Pooled Split,CALM1_HUMAN_Roth2017,1,0.1779925854660918,0.6947638056546803,0.9091521859382198,0.1271418913661967,0.7035649345140544,0.9235510856939386,0.4082210099359736,0.3242432669019184,58,149
1181,ESM C 600M,cellular,Pooled Split,CALM1_HUMAN_Roth2017,2,0.1945069020946879,0.6792691903820324,0.9005226509933402,0.0982092172726842,0.7119038391270532,0.9314183627318768,0.4077882973062741,0.3535119763961385,63,149
1182,ESM C 600M,cellular,Pooled Split,CALM1_HUMAN_Roth2017,3,0.1761971013684244,0.7031405937077878,0.9136966763295448,0.1022103812563934,0.6991631413862652,0.9202867785626204,0.4036176226743588,0.3139328372085662,52,149
1183,ESM C 600M,cellular,Pooled Split,CALM1_HUMAN_Roth2017,4,0.1868257137863197,0.6675492459305701,0.8826160098343633,0.1233144736874811,0.759476709146195,1.0074620095825335,0.4129590228761843,0.3471123904717736,63,149
1184,ESM C 600M,cellular,Pooled Split,CALM1_HUMAN_Roth2017,5,0.2054438689146773,0.664474130929369,0.8786260765158939,0.1059507424543914,0.7648719596994824,0.9970935402646346,0.4356991087197101,0.2845040062012364,75,149
1185,ESM C 600M,cellular,Pooled Split,TPMT_HUMAN_Fowler2018,1,0.6046456447696316,0.4709721435071775,0.6291780271853494,0.576053108905329,0.4786275988588145,0.6489324061011214,0.703558070293238,0.6657344607955221,256,245
1186,ESM C 600M,cellular,Pooled Split,TPMT_HUMAN_Fowler2018,2,0.5896937342923374,0.4821632042966358,0.6466952708586186,0.5289150893252685,0.4995968804634928,0.6593688129650958,0.6942307088247963,0.6389460688835502,166,245
1187,ESM C 600M,cellular,Pooled Split,TPMT_HUMAN_Fowler2018,3,0.5902728399014288,0.4734807860273217,0.6353700952350111,0.6042592464577456,0.4916185464674994,0.647310937018246,0.6983164337337411,0.685297360824191,238,245
1188,ESM C 600M,cellular,Pooled Split,TPMT_HUMAN_Fowler2018,4,0.6049715167260092,0.4670963000072767,0.623324089029258,0.5626016289272837,0.5054570940341598,0.682662048099219,0.6998725525811349,0.6663915798879486,242,245
1189,ESM C 600M,cellular,Pooled Split,TPMT_HUMAN_Fowler2018,5,0.6065275939721899,0.4715939571742052,0.629678717573604,0.5480737828838413,0.4858212904782766,0.6614381724184659,0.7032747742812787,0.6558959466098423,251,245
1190,ESM C 600M,cellular,Pooled Split,PTEN_HUMAN_Fowler2018,1,0.6272042083781542,0.4799368927222373,0.6117479932144494,0.5601789950517386,0.5214681657379311,0.6580124542832159,0.7649190351068637,0.7202609638647758,194,403
1191,ESM C 600M,cellular,Pooled Split,PTEN_HUMAN_Fowler2018,2,0.6185445646483686,0.4806180907407847,0.6167937228439018,0.5940953554601686,0.508944384761613,0.640298302571744,0.7638810673474621,0.7209655692550977,183,403
1192,ESM C 600M,cellular,Pooled Split,PTEN_HUMAN_Fowler2018,3,0.6255473635410982,0.4776483119344983,0.6088033380356547,0.5695712921294148,0.5239786247223248,0.6692087982502107,0.76663333431521,0.7109174981579953,185,403
1193,ESM C 600M,cellular,Pooled Split,PTEN_HUMAN_Fowler2018,4,0.6268803790947642,0.4821365499475378,0.6103754956774706,0.5476067754764931,0.5180967639398483,0.674516332745937,0.7634931226257567,0.7206316400856552,194,403
1194,ESM C 600M,cellular,Pooled Split,PTEN_HUMAN_Fowler2018,5,0.6174219817753954,0.4863701379934065,0.6169637476539922,0.5817599603514202,0.5081742415522003,0.6528055088571025,0.7574270651634368,0.7434198167891637,188,403
1195,ESM C 600M,cellular,Pooled Split,GAL4_YEAST_Shendure2015,1,0.5923283758360325,0.5090617317787531,0.6385275201183991,0.345293556535892,0.6416364002904459,0.8065446080627572,0.7921066727475762,0.6603543092127043,119,881
1196,ESM C 600M,cellular,Pooled Split,GAL4_YEAST_Shendure2015,2,0.6032016111186811,0.4931950402327131,0.6243357825209666,0.4817696477185843,0.5933847991094964,0.7446145308682843,0.8022200130426467,0.7424409037734573,151,881
1197,ESM C 600M,cellular,Pooled Split,GAL4_YEAST_Shendure2015,3,0.6365813561523901,0.4797689699232909,0.6082189200410806,0.2902520012606726,0.6268753248529301,0.8115609121340067,0.8166367822321394,0.6530254897535872,154,881
1198,ESM C 600M,cellular,Pooled Split,GAL4_YEAST_Shendure2015,4,0.5865802557777948,0.5132858106634273,0.6449295279213818,0.4256499423741857,0.5894455008846394,0.748480819317293,0.7899347817167727,0.690235020622867,124,881
1199,ESM C 600M,cellular,Pooled Split,GAL4_YEAST_Shendure2015,5,0.5894103323203703,0.5070419420389303,0.6397372703839458,0.4256599909639295,0.6010309677139116,0.7626959545959716,0.7956679956789354,0.6860567122928611,124,881
1200,ESM C 600M,cellular,Pooled Split,DLG4_RAT_Ranganathan2012,1,0.7200346075510959,0.3589393884792871,0.5234732144787639,0.6482657779987824,0.4134128127897428,0.6176379227610506,0.6898990309278319,0.7125878909309776,105,724
1201,ESM C 600M,cellular,Pooled Split,DLG4_RAT_Ranganathan2012,2,0.7206513879987315,0.3741583698825111,0.5445292489553012,0.600321109634906,0.3671287827675338,0.5437466531608504,0.7026294483848081,0.6315094928923529,95,724
1202,ESM C 600M,cellular,Pooled Split,DLG4_RAT_Ranganathan2012,3,0.7178405831532804,0.3626060950370187,0.5304712809716879,0.6481449073069651,0.4123735348814226,0.5963474662967808,0.6985263460547452,0.6345320615560398,103,724
1203,ESM C 600M,cellular,Pooled Split,DLG4_RAT_Ranganathan2012,4,0.7159580653729398,0.362549617322032,0.5311710706541319,0.6770571693665053,0.393004968988375,0.5757010000039475,0.6981296536487862,0.6758748393940175,108,724
1204,ESM C 600M,cellular,Pooled Split,DLG4_RAT_Ranganathan2012,5,0.7142479803815335,0.3629024300055827,0.5326251668737025,0.675539264694823,0.3688541686265856,0.5777447703680899,0.7041596578761502,0.6948327164763838,114,724
1205,ESM C 600M,cellular,Pooled Split,PABP_YEAST_Fields2013_singles,1,0.791381706267988,0.3508492297177455,0.4648265503262755,0.723079685774557,0.3773513668902871,0.4845532740574361,0.8671003826788505,0.797591193672533,94,577
1206,ESM C 600M,cellular,Pooled Split,PABP_YEAST_Fields2013_singles,2,0.7880913905446644,0.3490176992706083,0.4639325832659297,0.7545289319679502,0.3671981740681291,0.4796478572323054,0.8593562874464312,0.8377943412945922,100,577
1207,ESM C 600M,cellular,Pooled Split,PABP_YEAST_Fields2013_singles,3,0.7869898935227497,0.3495439208096512,0.4651864193391578,0.7802972387670147,0.3549801855929784,0.4532700059832443,0.8602381673227777,0.8536806598069556,108,577
1208,ESM C 600M,cellular,Pooled Split,PABP_YEAST_Fields2013_singles,4,0.7898743985045484,0.3496261605548025,0.4645835026066449,0.7115735477230369,0.3911912726735754,0.5033168806275418,0.8615632200459717,0.8084589060453377,93,577
1209,ESM C 600M,cellular,Pooled Split,PABP_YEAST_Fields2013_singles,5,0.788655998508928,0.3454332939856158,0.461935841914216,0.7480799890537604,0.3819291158909938,0.4914343165330628,0.8637507335380257,0.80491348067218,97,577
1210,ESM C 600M,cellular,Pooled Split,HSP82_YEAST_Bolon2016,1,0.692797695557873,0.3688427569371523,0.561920624727859,0.617183201407536,0.3741751120639816,0.5822952947923713,0.6131872616199291,0.5835835574391456,79,709
1211,ESM C 600M,cellular,Pooled Split,HSP82_YEAST_Bolon2016,2,0.6838392988336122,0.3659174398007143,0.5632902180471507,0.6602676780081735,0.3878346194819664,0.5786668769399516,0.6161148525464374,0.5939657049116598,82,709
1212,ESM C 600M,cellular,Pooled Split,HSP82_YEAST_Bolon2016,3,0.6825497605853121,0.3697418045807761,0.5655890361142994,0.6732413117103696,0.3606947401043785,0.5627613410000303,0.6223113120866592,0.5821314116538939,85,709
1213,ESM C 600M,cellular,Pooled Split,HSP82_YEAST_Bolon2016,4,0.6767824325367006,0.3711482895622897,0.5654849813570673,0.6962380890133739,0.3602423265522205,0.5626617716915344,0.612466555331026,0.6055140277203483,81,709
1214,ESM C 600M,cellular,Pooled Split,HSP82_YEAST_Bolon2016,5,0.6851205600855776,0.3647942227469234,0.5583969773834738,0.6566334319053185,0.3919635441627927,0.5971618873147092,0.6136188962208677,0.602142758418584,82,709
1215,ESM C 600M,cellular,Pooled Split,MTH3_HAEAESTABILIZED_Tawfik2015,1,0.5551103463297435,0.535431985194845,0.6647071972556728,0.503169647201198,0.5950399403811494,0.7139057154873863,0.7650406362041832,0.7359151218463907,163,331
1216,ESM C 600M,cellular,Pooled Split,MTH3_HAEAESTABILIZED_Tawfik2015,2,0.5525874581215724,0.542585601816796,0.6705404208804278,0.4550030823894737,0.6001314838511365,0.7306455671649364,0.7670388069726447,0.7048754018021305,141,331
1217,ESM C 600M,cellular,Pooled Split,MTH3_HAEAESTABILIZED_Tawfik2015,3,0.590637002474984,0.516699409635282,0.6410996312411918,0.3835422520557459,0.6376513190719395,0.7756379375829354,0.7909152681688212,0.6413010415037236,190,331
1218,ESM C 600M,cellular,Pooled Split,MTH3_HAEAESTABILIZED_Tawfik2015,4,0.5474267987245707,0.5486133587240772,0.6735475515891802,0.3746016320373297,0.6396305895982679,0.7866152073644689,0.7635480131610278,0.6284822931452808,132,331
1219,ESM C 600M,cellular,Pooled Split,MTH3_HAEAESTABILIZED_Tawfik2015,5,0.5568324379358023,0.5461270257580644,0.6668003696306991,0.4013760435134235,0.6071377080466652,0.7684532212799746,0.7685205602210503,0.6526936173076094,147,331
1220,ESM C 600M,cellular,Pooled Split,BLAT_ECOLX_Tenaillon2013,1,0.7171651571305906,0.4011413783131943,0.5332016822457438,0.641531980825448,0.4650322522439368,0.5914611456747232,0.7926623877652691,0.744299488397259,108,286
1221,ESM C 600M,cellular,Pooled Split,BLAT_ECOLX_Tenaillon2013,2,0.6989339561845815,0.4056801619573829,0.5367920578537144,0.6825441317947377,0.4568674763433559,0.6052130821364148,0.7827631402035118,0.7851597581776557,112,286
1222,ESM C 600M,cellular,Pooled Split,BLAT_ECOLX_Tenaillon2013,3,0.7416311557470393,0.377620205708183,0.5075087763925045,0.6038416767499785,0.4852415816325736,0.6333096974309619,0.8066615388550024,0.7054225791759534,131,286
1223,ESM C 600M,cellular,Pooled Split,BLAT_ECOLX_Tenaillon2013,4,0.7449306825738438,0.3777223033856129,0.5041709350728214,0.6604108849413688,0.4454040217569952,0.5865502059886788,0.8085292373768829,0.7530896644986088,131,286
1224,ESM C 600M,cellular,Pooled Split,BLAT_ECOLX_Tenaillon2013,5,0.7960297379566412,0.3383360042891616,0.4525347162251434,0.522211352599786,0.5010341515797274,0.6847458132156312,0.8314837013973744,0.6396640384535394,162,286
1225,ESM C 600M,cellular,Pooled Split,KKA2_KLEPN_Mikkelsen2014,1,0.5213846126857491,0.5308262281916243,0.6876740556147345,0.450075369381905,0.5743959209207148,0.7583604892423349,0.774128734844646,0.7197841512946519,202,264
1226,ESM C 600M,cellular,Pooled Split,KKA2_KLEPN_Mikkelsen2014,2,0.5168942351169693,0.5331878214228903,0.6926694877400064,0.4601143555658965,0.5738474869635026,0.7447810256289673,0.7675209169571588,0.7449043515841866,191,264
1227,ESM C 600M,cellular,Pooled Split,KKA2_KLEPN_Mikkelsen2014,3,0.5134889468883628,0.5368975863760694,0.6999811918831055,0.494431574380381,0.5484579928835135,0.7007725194427222,0.7681282173446518,0.7575743460219954,201,264
1228,ESM C 600M,cellular,Pooled Split,KKA2_KLEPN_Mikkelsen2014,4,0.5138684386670659,0.5383549350152924,0.6991194934829712,0.4761048700742155,0.5513075221061898,0.7156603332868597,0.7672368526858128,0.7456948605799499,185,264
1229,ESM C 600M,cellular,Pooled Split,KKA2_KLEPN_Mikkelsen2014,5,0.5131876650553608,0.5393976791429698,0.7041891004656746,0.4985787978476775,0.5362596786379571,0.6804393243151171,0.76912219835271,0.754528098873338,215,264
1230,ESM C 600M,cellular,Pooled Split,BLAT_ECOLX_Ranganathan2015,1,0.7461211901993036,0.3962529417797691,0.503119658567116,0.711253577494648,0.423323610330656,0.5403913913116118,0.8728975050094487,0.8502648342648342,225,286
1231,ESM C 600M,cellular,Pooled Split,BLAT_ECOLX_Ranganathan2015,2,0.7431671565112627,0.3970294762936799,0.5050359401255474,0.7187035906223689,0.4278491340898091,0.5374538025662879,0.870366614896226,0.856914556914557,217,286
1232,ESM C 600M,cellular,Pooled Split,BLAT_ECOLX_Ranganathan2015,3,0.7504095032572853,0.394792874542394,0.5005044620361094,0.6945345575048361,0.4290173168574043,0.5477138658891488,0.8743928520343434,0.8477059277059278,229,286
1233,ESM C 600M,cellular,Pooled Split,BLAT_ECOLX_Ranganathan2015,4,0.745655228860868,0.3941972276889933,0.5010448802073217,0.7274494877944329,0.4154782987046085,0.534301345499691,0.8726722484011037,0.8641431961431962,228,286
1234,ESM C 600M,cellular,Pooled Split,BLAT_ECOLX_Ranganathan2015,5,0.7473786187477086,0.3957273030263361,0.5035001936613576,0.7033603729397397,0.4246082695090725,0.5407839100037092,0.8701452498356346,0.8559631239631241,227,286
1235,ESM C 600M,cellular,Pooled Split,MK01_HUMAN_Johannessen,1,0.2542438376120769,0.6331648970322359,0.8627694205969497,0.18657413914953,0.6572836125737177,0.9050806862285312,0.5437761135788417,0.4812062942792259,215,360
1236,ESM C 600M,cellular,Pooled Split,MK01_HUMAN_Johannessen,2,0.258128937037916,0.6335469750658377,0.866269383003661,0.2091541278801938,0.6402835035778219,0.8680203274945941,0.5502876685961301,0.5033852552610548,231,360
1237,ESM C 600M,cellular,Pooled Split,MK01_HUMAN_Johannessen,3,0.2579760262111703,0.6301527134052805,0.8609268139665766,0.1914120512343532,0.6607760756035125,0.9007671411711908,0.5525232651814241,0.4802039492486157,241,360
1238,ESM C 600M,cellular,Pooled Split,MK01_HUMAN_Johannessen,4,0.2627423302009313,0.6290894169898117,0.8619162291488146,0.2021869410972397,0.6430111949447983,0.8793615086641431,0.5569123773171842,0.4875892079787712,241,360
1239,ESM C 600M,cellular,Pooled Split,MK01_HUMAN_Johannessen,5,0.250627203480346,0.6356370577646849,0.870358945436534,0.2220027053129505,0.6311593474455296,0.8626414688849574,0.5451891405021092,0.5065609234687201,224,360
1240,ESM C 600M,cellular,Pooled Split,B3VI55_LIPST_Whitehead2015,1,0.3031527955912924,0.6294400403975852,0.8315952335681759,0.240367029620121,0.6814897998004261,0.8845067777201253,0.5273810900673657,0.4765442692054537,414,439
1241,ESM C 600M,cellular,Pooled Split,B3VI55_LIPST_Whitehead2015,2,0.2992566773986074,0.6330802022938365,0.8348630243340177,0.2411330116718805,0.6674157933389095,0.8797291958419564,0.5241641602115918,0.4728476328993359,418,439
1242,ESM C 600M,cellular,Pooled Split,B3VI55_LIPST_Whitehead2015,3,0.3070129545611979,0.6330182736988641,0.8334436983642299,0.2329016879702865,0.6573226430393588,0.8713775914815807,0.5355560840465314,0.4551575452941719,425,439
1243,ESM C 600M,cellular,Pooled Split,B3VI55_LIPST_Whitehead2015,4,0.298521061587084,0.6387530147239461,0.8419760625119533,0.2367152399139612,0.6486394649479739,0.8548602233714386,0.5235944421955933,0.4654417131687628,398,439
1244,ESM C 600M,cellular,Pooled Split,B3VI55_LIPST_Whitehead2015,5,0.3096255710634517,0.6336654836117007,0.8351742136214925,0.2052073259316671,0.6663997296083985,0.8728271218207886,0.5290367088055097,0.4519271396472549,400,439
1245,ESM C 600M,cellular,Pooled Split,TPK1_HUMAN_Roth2017,1,0.2755641101797867,0.6888649018219586,0.8536201930489672,0.2136327693847439,0.7074416357782524,0.8763119301671913,0.55655308468589,0.4815682327386174,181,243
1246,ESM C 600M,cellular,Pooled Split,TPK1_HUMAN_Roth2017,2,0.2905986958040317,0.6771067622264113,0.8422998057302253,0.1336669901356039,0.7500293668347652,0.9301898697882812,0.5684906264931662,0.3902732302894461,182,243
1247,ESM C 600M,cellular,Pooled Split,TPK1_HUMAN_Roth2017,3,0.2678633739520701,0.6930949181283472,0.8588145265152154,0.175343502263771,0.7187277590963613,0.8945139215647548,0.5437730273111196,0.4508136050051445,167,243
1248,ESM C 600M,cellular,Pooled Split,TPK1_HUMAN_Roth2017,4,0.2750823613657215,0.6777167582524288,0.8407812936712487,0.1689471981499477,0.7606750523434547,0.955449936188634,0.5502277727151429,0.4351725417966275,172,243
1249,ESM C 600M,cellular,Pooled Split,TPK1_HUMAN_Roth2017,5,0.2563682342081702,0.7000285206970557,0.8693581089718418,0.1822451804795453,0.705647612844868,0.8722885956095855,0.5359275347627654,0.4384110625391557,161,243
1250,ESM C 600M,cellular,Pooled Split,TIM_THETH,1,0.7815420220263348,0.3724153329794192,0.4714026735244851,0.6397021421004672,0.4653709174998275,0.5788348234430488,0.8668068762508531,0.7898260706139639,150,254
1251,ESM C 600M,cellular,Pooled Split,TIM_THETH,2,0.7710637969770007,0.3809418537116835,0.4803811330015468,0.7118185418341265,0.4348995421295363,0.5281239602549589,0.8616612436851638,0.8462219906201145,151,254
1252,ESM C 600M,cellular,Pooled Split,TIM_THETH,3,0.7647680414604927,0.3827864874388275,0.4815251444426054,0.7032440523659116,0.448343064887666,0.556694039487682,0.8605973355008477,0.8373346813716508,151,254
1253,ESM C 600M,cellular,Pooled Split,TIM_THETH,4,0.7637201081404946,0.3814571818670018,0.4851342842549898,0.6987176972291818,0.4480410982109771,0.5495220269524971,0.8569169736147252,0.8494622369916026,148,254
1254,ESM C 600M,cellular,Pooled Split,TIM_THETH,5,0.773396068581362,0.3843283595305658,0.4831595446186745,0.6882923865528715,0.4147811530014951,0.5215297186725472,0.8676149073704402,0.8059128302821654,155,254
1255,ESM C 600M,cellular,Pooled Split,AMIE_PSEAE_Whitehead,1,0.5476618629232977,0.4974702147658785,0.668252688119009,0.4563803385017196,0.558197886146434,0.7558683760131935,0.76625036439037,0.7033976608316137,293,346
1256,ESM C 600M,cellular,Pooled Split,AMIE_PSEAE_Whitehead,2,0.536855098775826,0.5086935946265729,0.681081335867004,0.4858661735139542,0.5184095273329684,0.7147751699501256,0.7544148319249512,0.7501116605261902,299,346
1257,ESM C 600M,cellular,Pooled Split,AMIE_PSEAE_Whitehead,3,0.5412098163249313,0.5016211413190652,0.6707427877586275,0.5042187164913063,0.5288437919911013,0.7294955294616923,0.7635645011145825,0.7498405584128749,306,346
1258,ESM C 600M,cellular,Pooled Split,AMIE_PSEAE_Whitehead,4,0.5482559568361588,0.5039646963219738,0.675940144734359,0.4652947347820003,0.5282862179605988,0.7141029031527559,0.7656578135700363,0.7255420810335633,300,346
1259,ESM C 600M,cellular,Pooled Split,AMIE_PSEAE_Whitehead,5,0.5507159486954191,0.5010914771125418,0.6750971870389391,0.4722087253399323,0.5306904867399745,0.7051812004680125,0.7669290702571447,0.7236598744999638,310,346
1260,ESM C 600M,cellular,Pooled Split,YAP1_HUMAN_Fields2012_singles,1,0.7588358324936272,0.360917659525483,0.4809144197519498,0.4759177706713753,0.5640086135629471,0.7789244733120257,0.8949782245555423,0.6815377020856473,65,504
1261,ESM C 600M,cellular,Pooled Split,YAP1_HUMAN_Fields2012_singles,2,0.6849651451396309,0.4096527125084823,0.5584488855892841,0.5957427517605485,0.507173624933318,0.6481229160824165,0.8614122220896473,0.7732629890164139,57,504
1262,ESM C 600M,cellular,Pooled Split,YAP1_HUMAN_Fields2012_singles,3,0.6807399405727732,0.4217439017099788,0.5639817442045192,0.5973813912495177,0.4554852806610867,0.636624034262809,0.8548661655331504,0.8164568678267309,48,504
1263,ESM C 600M,cellular,Pooled Split,YAP1_HUMAN_Fields2012_singles,4,0.7290911476934894,0.3965765999373455,0.5271292239528163,0.505605923365532,0.492364804299885,0.6649423802350324,0.8765849341765103,0.6945884240404789,59,504
1264,ESM C 600M,cellular,Pooled Split,YAP1_HUMAN_Fields2012_singles,5,0.7808726253207547,0.3413378688445664,0.4604704739449233,0.4710048881934744,0.5296237704061848,0.7720767868473167,0.8963439128186772,0.7292977909416266,72,504
1265,ESM C 600M,cellular,Pooled Split,IF1_ECOLI,1,0.7642400735469532,0.3387390454405295,0.4908789330509163,0.6557134223279877,0.3879518869598388,0.5596469022104967,0.759699845453236,0.6962895367741915,119,72
1266,ESM C 600M,cellular,Pooled Split,IF1_ECOLI,2,0.7636240588410851,0.3389496270871595,0.4914677844572954,0.6998033173422403,0.3743873744843274,0.5224420797771486,0.7610057227893718,0.7495802727413505,134,72
1267,ESM C 600M,cellular,Pooled Split,IF1_ECOLI,3,0.7516126247954062,0.3419980868658113,0.4967373773869215,0.7636609885464077,0.3548364591513248,0.4924718122682057,0.7785334016900396,0.7142773545619292,125,72
1268,ESM C 600M,cellular,Pooled Split,IF1_ECOLI,4,0.7610939388708889,0.3397852868299107,0.4884044163940414,0.6738422490950895,0.381457683187464,0.57267425052976,0.7631789620009592,0.706672181375344,124,72
1269,ESM C 600M,cellular,Pooled Split,IF1_ECOLI,5,0.7642914274657295,0.3311980435392134,0.4839825850814112,0.6805533751366761,0.3999924613973832,0.5721333268528814,0.7795343639217333,0.6611813953124368,120,72
1270,ESM C 600M,cellular,Pooled Split,TIM_SULSO,1,0.7260208118938413,0.4012780819798063,0.5202207947916438,0.586289849517557,0.4582957615427922,0.658352003853985,0.843317898686353,0.777144087291892,150,248
1271,ESM C 600M,cellular,Pooled Split,TIM_SULSO,2,0.7080279633477913,0.4105177027517611,0.5432537696217751,0.6678697056783729,0.4336320962530694,0.5635620419098701,0.8343620986945843,0.820448662640207,152,248
1272,ESM C 600M,cellular,Pooled Split,TIM_SULSO,3,0.7098119938314775,0.4062119537566477,0.5377551995535292,0.649276663519128,0.4674225781124222,0.5962138333995249,0.8347697503392365,0.8114604723482448,144,248
1273,ESM C 600M,cellular,Pooled Split,TIM_SULSO,4,0.7236092326234409,0.400543141118387,0.5298965080183383,0.6010702815446841,0.4662824311475471,0.6110037234244754,0.8415118847350793,0.7728377114145166,148,248
1274,ESM C 600M,cellular,Pooled Split,TIM_SULSO,5,0.7122989318681878,0.4064188505016678,0.541324625971449,0.6652321017493972,0.4374537727270105,0.5567315899464699,0.835573306521204,0.8090830265080002,142,248
1275,ESM C 600M,cellular,Pooled Split,TIM_THEMA,1,0.6673086853965657,0.4212300876788227,0.5693988865494414,0.5009771156778295,0.5440200547673311,0.7414885159797941,0.8084042131658309,0.7260368702961754,209,252
1276,ESM C 600M,cellular,Pooled Split,TIM_THEMA,2,0.6684032782382967,0.4238990423806441,0.5764343142825183,0.5259836424801991,0.5141360818787795,0.6851618532239551,0.8118743132921554,0.7686141176671591,223,252
1277,ESM C 600M,cellular,Pooled Split,TIM_THEMA,3,0.6639292753581224,0.4272012851810859,0.575037305467908,0.6174532901884867,0.4643731425741208,0.6365444158271061,0.8075483596691162,0.8126219270434107,235,252
1278,ESM C 600M,cellular,Pooled Split,TIM_THEMA,4,0.6564536711059643,0.4267137086082487,0.5797906542385111,0.5592801412123554,0.5058343005481074,0.6918007877549808,0.8069325022952292,0.7662312131309056,212,252
1279,ESM C 600M,cellular,Pooled Split,TIM_THEMA,5,0.6739827260339557,0.417790600267465,0.5682901716352436,0.4921321674200239,0.5374985750917872,0.7258862146940156,0.8055290849962438,0.7431990217752437,223,252
1280,ESM C 600M,cellular,Pooled Split,BG_STRSQ_hmmerbit,1,0.5858847168886306,0.4590900597900697,0.6372106137459125,0.5440805224623448,0.5075177482127695,0.7005619798072842,0.7536476818939121,0.7318278816844542,122,501
1281,ESM C 600M,cellular,Pooled Split,BG_STRSQ_hmmerbit,2,0.5864176293939343,0.4619860055279334,0.6418874398897709,0.534797207426804,0.4976334271402655,0.6871792491477576,0.7566311055264636,0.7284452923617656,110,501
1282,ESM C 600M,cellular,Pooled Split,BG_STRSQ_hmmerbit,3,0.5870623442550548,0.465394466385869,0.6432624582461757,0.5574049330319808,0.4702715906269835,0.6624594134575735,0.7590331398792407,0.7397130321300092,122,501
1283,ESM C 600M,cellular,Pooled Split,BG_STRSQ_hmmerbit,4,0.586906184573135,0.4618729201001055,0.6407411042022683,0.52624927991448,0.4819507374534237,0.6967050948291996,0.7569272311133368,0.7485984262010222,117,501
1284,ESM C 600M,cellular,Pooled Split,BG_STRSQ_hmmerbit,5,0.588519925896218,0.4645905901349031,0.6449451847257878,0.5334402686472102,0.4853550941423508,0.6679400487095541,0.7637568453856665,0.7102158287661914,122,501
1285,ESM C 600M,cellular,Pooled Split,RL401_YEAST_Bolon2014,1,0.6961798959994198,0.3930447981756387,0.552043929275421,0.635971257569864,0.4548549424199922,0.5995256085477426,0.7461443778103353,0.6724786022294976,106,128
1286,ESM C 600M,cellular,Pooled Split,RL401_YEAST_Bolon2014,2,0.6962262251720785,0.4003893163043077,0.5583300011250206,0.6464456291965225,0.416127526545819,0.560187825293462,0.7407643756543717,0.7009786785245309,116,128
1287,ESM C 600M,cellular,Pooled Split,RL401_YEAST_Bolon2014,3,0.6999976006082449,0.3938938174093918,0.5495365306519838,0.5891999527003806,0.4470257725629373,0.6321817556999849,0.7327751662121563,0.6863144393682618,110,128
1288,ESM C 600M,cellular,Pooled Split,RL401_YEAST_Bolon2014,4,0.693611285331051,0.4018950966756561,0.5623501074243956,0.5873191686228305,0.4374500468152884,0.5974448419752428,0.7413496042641188,0.6586306416772147,114,128
1289,ESM C 600M,cellular,Pooled Split,RL401_YEAST_Bolon2014,5,0.6883876807878667,0.403816755930437,0.5633099912569917,0.6061640785514936,0.4293225873939763,0.603502438744207,0.7254670873867775,0.6794074048357597,110,128
1290,ESM C 600M,cellular,Pooled Split,RL401_YEAST_Bolon2013,1,0.711701077592666,0.3886297087971782,0.5399401964514292,0.6116229081970352,0.4649442538311106,0.6085677323483983,0.8204890430935485,0.7836197497976183,110,128
1291,ESM C 600M,cellular,Pooled Split,RL401_YEAST_Bolon2013,2,0.703936862449004,0.3996346050284916,0.546575435507088,0.6489897501660047,0.404404855221213,0.5797739451259176,0.8202912174472073,0.7666137935871005,103,128
1292,ESM C 600M,cellular,Pooled Split,RL401_YEAST_Bolon2013,3,0.7204766562901628,0.3839244745355281,0.5352837112067449,0.6007346614334763,0.4354818123572131,0.597857965878926,0.8207924676419035,0.7889571630837023,110,128
1293,ESM C 600M,cellular,Pooled Split,RL401_YEAST_Bolon2013,4,0.7072644816964917,0.3803305752774804,0.5329717907656929,0.6094879490522513,0.4743641682939697,0.6577463139906157,0.8162611204569643,0.7988095267523516,100,128
1294,ESM C 600M,cellular,Pooled Split,RL401_YEAST_Bolon2013,5,0.7074542286729175,0.3925593600520194,0.541007984813139,0.6556355796446434,0.4170503197179472,0.5862409815092895,0.8163299645616234,0.800214867032126,108,128
1295,ESM C 600M,cellular,Pooled Split,BLAT_ECOLX_Palzkill2012,1,0.6209942554459915,0.4953994373949144,0.6152349313567207,0.5770625505947007,0.5308864653230458,0.6516169498986407,0.8003969764657854,0.7737246363459251,349,286
1296,ESM C 600M,cellular,Pooled Split,BLAT_ECOLX_Palzkill2012,2,0.6232692576485874,0.4923104053047741,0.6133448003568491,0.5548736801824187,0.5420807433545428,0.6673750882877592,0.8015012347573849,0.7642034732487112,352,286
1297,ESM C 600M,cellular,Pooled Split,BLAT_ECOLX_Palzkill2012,3,0.6231486205474532,0.4953278759636895,0.6129845586792945,0.5588855433115412,0.5386799674836973,0.6680328698701794,0.8013718571636855,0.7604788635717901,362,286
1298,ESM C 600M,cellular,Pooled Split,BLAT_ECOLX_Palzkill2012,4,0.6245075080584479,0.4967095530527639,0.6145384991441009,0.5457682935194298,0.5313377580297239,0.6659651921449702,0.8028303425483938,0.7457391667469048,343,286
1299,ESM C 600M,cellular,Pooled Split,BLAT_ECOLX_Palzkill2012,5,0.6243333144196629,0.4919883096596806,0.6098714782773134,0.5565957128493146,0.5483355359100406,0.6788841167368181,0.8030908350701285,0.7577441138882007,367,286
1300,ESM C 600M,cellular,Pooled Split,RL401_YEAST_Fraser2016,1,0.6181637979863108,0.4659521899868684,0.6290685798850344,0.5380789669167733,0.4772483067206814,0.620948636352082,0.774657962271246,0.6844889746764593,113,128
1301,ESM C 600M,cellular,Pooled Split,RL401_YEAST_Fraser2016,2,0.6110945509692856,0.4612197128983441,0.6222328351926859,0.5734052767646023,0.495120711208435,0.6586667605694446,0.76119474428793,0.738966807227396,111,128
1302,ESM C 600M,cellular,Pooled Split,RL401_YEAST_Fraser2016,3,0.6204001251296302,0.4488166404811842,0.6102556148857106,0.5095260965595227,0.5407523611669752,0.7258978539764565,0.7743296275680053,0.7105994081636933,109,128
1303,ESM C 600M,cellular,Pooled Split,RL401_YEAST_Fraser2016,4,0.6003405223994502,0.4594535890289197,0.6217450256362667,0.5412922444216139,0.5191296789801031,0.7080330367131118,0.7559463328069048,0.750467454569296,111,128
1304,ESM C 600M,cellular,Pooled Split,RL401_YEAST_Fraser2016,5,0.6305023261379734,0.4552988134930534,0.6048192663873205,0.5070752764934151,0.5173896532396598,0.713999480912712,0.7805747791864143,0.6612508761159099,117,128
1305,ESM C 600M,cellular,Pooled Split,RASH_HUMAN_Kuriyan,1,0.6364494929053219,0.4258285696779398,0.6060435014784107,0.6321373707440963,0.4607035726742304,0.5934593919719182,0.7840786342725593,0.7741902536291186,110,189
1306,ESM C 600M,cellular,Pooled Split,RASH_HUMAN_Kuriyan,2,0.6320158973301362,0.4281441747252031,0.6067534678677151,0.6592500211093949,0.4324954798600413,0.5821880963049604,0.7828475783226128,0.7932308641406738,128,189
1307,ESM C 600M,cellular,Pooled Split,RASH_HUMAN_Kuriyan,3,0.6421059933538386,0.4246210101879204,0.6011595293807253,0.6168259922017845,0.4549058001469394,0.606684013841407,0.7899831651452741,0.7465523817187947,124,189
1308,ESM C 600M,cellular,Pooled Split,RASH_HUMAN_Kuriyan,4,0.6421491063768723,0.4235416321189303,0.6001277915364233,0.6221642782904866,0.4495644361397722,0.6039349053284531,0.790982560465922,0.7563367359367912,120,189
1309,ESM C 600M,cellular,Pooled Split,RASH_HUMAN_Kuriyan,5,0.6400229380202842,0.427875110771048,0.5972332045994085,0.6127839215708049,0.4568478980085591,0.6332985829497304,0.7870924757568937,0.7453140163316788,111,189
1310,ESM C 600M,cellular,Pooled Split,BRCA1_HUMAN_RING,1,0.7334707907714495,0.3777867598969378,0.5166938629092036,0.5205289934102889,0.5072252302467635,0.6893981885835468,0.6960458969235117,0.6632725544943868,106,1863
1311,ESM C 600M,cellular,Pooled Split,BRCA1_HUMAN_RING,2,0.6926759282020438,0.4172614199085985,0.5648938620732872,0.6702157668372936,0.3937286384551011,0.5262946793963831,0.7092944777654372,0.5813896980089605,84,1863
1312,ESM C 600M,cellular,Pooled Split,BRCA1_HUMAN_RING,3,0.7221242710763421,0.3835846048984617,0.5273687214107693,0.6279295796191802,0.4707942865986687,0.6064084111929736,0.7209180138976994,0.6120699706680681,93,1863
1313,ESM C 600M,cellular,Pooled Split,BRCA1_HUMAN_RING,4,0.7181214590198048,0.3794556407140377,0.5205947721389123,0.5018789683462935,0.5284251239892331,0.751424219013815,0.7079962330513543,0.656603227158208,97,1863
1314,ESM C 600M,cellular,Pooled Split,BRCA1_HUMAN_RING,5,0.7376701507871788,0.3847842162846948,0.5039035244839917,0.4213366495065698,0.5415235437607306,0.8076660011389823,0.7244241547427961,0.5436179739047597,87,1863
1315,ESM C 600M,cellular,Site Split,B3VI55_LIPST_Whitehead2015,1,0.1145117491199996,0.6989878162224183,0.9327557148103446,0.1095468965969563,0.7203963552163752,0.9731901898522548,0.3677910708342139,0.3678160152650658,29,439
1316,ESM C 600M,cellular,Site Split,B3VI55_LIPST_Whitehead2015,2,0.1571391144580938,0.6914658359960851,0.9261959716037128,0.0858266257386555,0.7073393744715288,0.9213616773139156,0.4124616894981921,0.3101241527858632,56,439
1317,ESM C 600M,cellular,Site Split,B3VI55_LIPST_Whitehead2015,3,0.128234639625043,0.701805783480449,0.9415025654259196,0.1203777048637676,0.6924994648194153,0.9053095317477584,0.3826287305407651,0.3691564049177389,42,439
1318,ESM C 600M,cellular,Site Split,B3VI55_LIPST_Whitehead2015,4,0.1558539301790032,0.6887149890541401,0.9187879970687214,0.0860959406441477,0.7192362650138348,0.9558853361428354,0.4103785659588887,0.300028780828564,58,439
1319,ESM C 600M,cellular,Site Split,B3VI55_LIPST_Whitehead2015,5,0.1475737540409052,0.6957928272902966,0.9334699315898332,0.1011791826684327,0.6908252172111127,0.9050809923150608,0.3995723599527145,0.3344009561381474,52,439
1320,ESM C 600M,cellular,Site Split,TPK1_HUMAN_Roth2017,1,0.2882198922619874,0.6798162443077522,0.8430225653091917,0.0729194024130036,0.7841665077978373,0.9656840027395924,0.565878636486107,0.3379532940515969,181,243
1321,ESM C 600M,cellular,Site Split,TPK1_HUMAN_Roth2017,2,0.2050806097483516,0.7318274526938928,0.8982564103654782,0.1208865955724373,0.7354929315470913,0.9069209565001752,0.4796790527221676,0.378264804844375,90,243
1322,ESM C 600M,cellular,Site Split,TPK1_HUMAN_Roth2017,3,0.2157019772052951,0.7144587680290061,0.87519219341298,0.1367963911252909,0.7697613191800915,0.9694638754157268,0.4966916031388126,0.3888399844946885,89,243
1323,ESM C 600M,cellular,Site Split,TPK1_HUMAN_Roth2017,4,0.2493760076989024,0.7031467578701517,0.8676214944129407,0.1744517170693318,0.7167162483510147,0.900519945991081,0.5250635593774647,0.4613573464559473,154,243
1324,ESM C 600M,cellular,Site Split,TPK1_HUMAN_Roth2017,5,0.2399088554257964,0.7129517915978565,0.8781826645299879,0.1324634024930596,0.7271342502429617,0.903648625010822,0.5175543745609806,0.3844536595165898,112,243
1325,ESM C 600M,cellular,Site Split,DLG4_RAT_Ranganathan2012,1,0.6190471446136633,0.4091768718079774,0.6039003983717528,0.5040845953058959,0.5081628526761489,0.7503452387783549,0.6130727158028922,0.665574938562517,42,724
1326,ESM C 600M,cellular,Site Split,DLG4_RAT_Ranganathan2012,2,0.5394061988301682,0.4539329763916374,0.6836916825892485,0.6004385878413682,0.430143124983533,0.6116512514326586,0.5836543352344307,0.6940277525818681,27,724
1327,ESM C 600M,cellular,Site Split,DLG4_RAT_Ranganathan2012,3,0.5989548708488579,0.4631740764733373,0.6680218091522048,0.1628347410872777,0.4160584227480529,0.6171045226064257,0.6574798934014984,0.4455976782313266,31,724
1328,ESM C 600M,cellular,Site Split,DLG4_RAT_Ranganathan2012,4,0.6757861336255943,0.4018798500150221,0.5938271003742228,0.1944669253569865,0.5302809426442302,0.7192464767713012,0.6924192188963493,0.3956123685683947,55,724
1329,ESM C 600M,cellular,Site Split,DLG4_RAT_Ranganathan2012,5,0.5731174162228012,0.4098922061303335,0.6130760546212993,0.4959526008980824,0.6049741537825052,0.8509708191314751,0.6140417505525534,0.5859978679644255,27,724
1330,ESM C 600M,cellular,Site Split,BLAT_ECOLX_Ostermeier2014,1,0.5408073646133544,0.5504198544912874,0.6833283974902117,0.3931205657053104,0.5908085239930088,0.7471891794834117,0.7726444018764945,0.7178159296957832,29,286
1331,ESM C 600M,cellular,Site Split,BLAT_ECOLX_Ostermeier2014,2,0.5196348808258641,0.5538875880340941,0.6852644083598133,0.4730481357506501,0.6205506269038014,0.7503412264804354,0.7711228612163341,0.7196022777072909,31,286
1332,ESM C 600M,cellular,Site Split,BLAT_ECOLX_Ostermeier2014,3,0.544891534902066,0.5456845623287876,0.6797192932647047,0.4345889798585338,0.5932108229318293,0.7194022705745581,0.7771070479357551,0.7252172543391052,32,286
1333,ESM C 600M,cellular,Site Split,BLAT_ECOLX_Ostermeier2014,4,0.554900267544495,0.5394978107585515,0.666720873772022,0.4607492494559164,0.5620366552773252,0.7250241155679303,0.7840292266073453,0.7431847371989534,52,286
1334,ESM C 600M,cellular,Site Split,BLAT_ECOLX_Ostermeier2014,5,0.5345680062639068,0.5450391519121072,0.6767907776348225,0.4686179143016415,0.6107637141660637,0.7513390446593592,0.7729095472036828,0.7240052706030125,41,286
1335,ESM C 600M,cellular,Site Split,AMIE_PSEAE_Whitehead,1,0.3739852721424711,0.6043158720453504,0.8012876942306024,0.3268811278674092,0.5938539785364817,0.776810262699536,0.6302881363510403,0.5473525204855432,64,346
1336,ESM C 600M,cellular,Site Split,AMIE_PSEAE_Whitehead,2,0.4067847962175634,0.5902782310542181,0.7806273848324903,0.2412395255639526,0.624551264985663,0.8116340171694539,0.6591865384829139,0.4787582546789631,82,346
1337,ESM C 600M,cellular,Site Split,AMIE_PSEAE_Whitehead,3,0.3631209004104804,0.6048031859887196,0.7955385761565872,0.241442674628915,0.6615536101109712,0.8739554682031452,0.6092423622613599,0.5164140041670952,43,346
1338,ESM C 600M,cellular,Site Split,AMIE_PSEAE_Whitehead,4,0.3783734535181802,0.6019578208761586,0.7907112468820727,0.2229217771979027,0.6438567180246082,0.866482556571513,0.6140792165460595,0.518256457999609,53,346
1339,ESM C 600M,cellular,Site Split,AMIE_PSEAE_Whitehead,5,0.3913404338646078,0.5913473673052999,0.7854979715269822,0.2386601606218011,0.6357458603560618,0.8442721923223427,0.6400277028739879,0.4782461115329314,50,346
1340,ESM C 600M,cellular,Site Split,PABP_YEAST_Fields2013_singles,1,0.8078445737774993,0.3267314639661404,0.4369507538287491,0.5124772705039451,0.5616669992047294,0.6990278952817182,0.8628719726933018,0.7357735565385838,95,577
1341,ESM C 600M,cellular,Site Split,PABP_YEAST_Fields2013_singles,2,0.668565137544197,0.4391988236913374,0.5594005191070479,0.5725105155848138,0.5540559980635843,0.7186583947621072,0.7867114397456817,0.7975996964522861,19,577
1342,ESM C 600M,cellular,Site Split,PABP_YEAST_Fields2013_singles,3,0.6983609143625678,0.4304905558206844,0.5600802119482505,0.6377792904761372,0.4377744170930561,0.5436348145886452,0.822663567815832,0.6979459713019376,28,577
1343,ESM C 600M,cellular,Site Split,PABP_YEAST_Fields2013_singles,4,0.7227108332504146,0.4023964035466396,0.5251772885736938,0.6038800963529236,0.5008666424981313,0.631643921064464,0.8143970376672781,0.8040739343643909,36,577
1344,ESM C 600M,cellular,Site Split,PABP_YEAST_Fields2013_singles,5,0.7663461248752269,0.3591403370161315,0.4790136325434215,0.6224904415921053,0.4888357192458946,0.61968160135996,0.8361865671146741,0.8106743595898632,72,577
1345,ESM C 600M,cellular,Site Split,BRCA1_HUMAN_BRCT,1,0.5319904478169144,0.488610886896297,0.6781617586090521,0.3498097497034024,0.5975700127189972,0.8331198016813548,0.6153924061665755,0.4670643771765856,62,1863
1346,ESM C 600M,cellular,Site Split,BRCA1_HUMAN_BRCT,2,0.5513092059551149,0.4977642788308231,0.6837096018923254,0.4506341879765712,0.4979974377481637,0.6764656349983176,0.616803077574761,0.5535669078416704,84,1863
1347,ESM C 600M,cellular,Site Split,BRCA1_HUMAN_BRCT,3,0.5199272795881293,0.5043774870329697,0.6905061435646429,0.4265913671944022,0.5395009487026464,0.7672308112603129,0.5951521586952131,0.5734317653463257,67,1863
1348,ESM C 600M,cellular,Site Split,BRCA1_HUMAN_BRCT,4,0.5196423246241324,0.4943335517789431,0.6697229205924267,0.4552462153957468,0.5574032871933432,0.8204707340422471,0.5724325325333146,0.6690235459014104,62,1863
1349,ESM C 600M,cellular,Site Split,BRCA1_HUMAN_BRCT,5,0.4960745174237236,0.5040038400781435,0.7023193987898545,0.2763273922890729,0.6581782251663074,0.8820427682370989,0.5889614185566266,0.4421953899995501,34,1863
1350,ESM C 600M,cellular,Site Split,TPMT_HUMAN_Fowler2018,1,0.5741038964528986,0.4862872408183984,0.6453721219829373,0.5002145100650078,0.548941974420291,0.7369750745297342,0.6741421195851335,0.632720416401491,132,245
1351,ESM C 600M,cellular,Site Split,TPMT_HUMAN_Fowler2018,2,0.5404181203342541,0.5131380091524407,0.6813180491846909,0.5438616700143217,0.5036152137600629,0.6619790891998089,0.652462638993791,0.6630737636140691,81,245
1352,ESM C 600M,cellular,Site Split,TPMT_HUMAN_Fowler2018,3,0.5477922206524249,0.5031370573943051,0.6710874523294506,0.534342363520161,0.5189027247999589,0.6871000065914656,0.6597658443956003,0.6540117157162326,100,245
1353,ESM C 600M,cellular,Site Split,TPMT_HUMAN_Fowler2018,4,0.5782551933279774,0.488213345051037,0.6506460130165206,0.4420423907141272,0.5590316893395875,0.7415394949340824,0.6772427127732484,0.6050074849206661,119,245
1354,ESM C 600M,cellular,Site Split,TPMT_HUMAN_Fowler2018,5,0.5634599320018772,0.4967087729398231,0.6632727421217982,0.4585668753042288,0.553183033586255,0.7231324984655081,0.6673933416314118,0.6072806378369988,98,245
1355,ESM C 600M,cellular,Site Split,MTH3_HAEAESTABILIZED_Tawfik2015,1,0.4824724128223779,0.5944030773026951,0.7246536005391275,0.4040385991502322,0.6109880605839494,0.7445417863177735,0.7198655751999942,0.6627908183619566,63,331
1356,ESM C 600M,cellular,Site Split,MTH3_HAEAESTABILIZED_Tawfik2015,2,0.4378403797500646,0.620997329336939,0.7488650271772057,0.3589448173859086,0.6847543150415089,0.8020627367841677,0.6883490203266817,0.6440638764916102,32,331
1357,ESM C 600M,cellular,Site Split,MTH3_HAEAESTABILIZED_Tawfik2015,3,0.4211172338038276,0.6317762825109808,0.7622107186071385,0.3741845142718992,0.6633526827976777,0.78335808009509,0.6734834656682297,0.6684378692506667,27,331
1358,ESM C 600M,cellular,Site Split,MTH3_HAEAESTABILIZED_Tawfik2015,4,0.4347793238828665,0.6203723717296801,0.7459379876684085,0.4280172500629613,0.6350391002179133,0.7788197850591413,0.689483049467043,0.6659802883141805,42,331
1359,ESM C 600M,cellular,Site Split,MTH3_HAEAESTABILIZED_Tawfik2015,5,0.4902513801546234,0.589760770914671,0.7162614978379654,0.417557389161833,0.6286999914596061,0.7503036270372861,0.7291586445270292,0.6729501395633448,68,331
1360,ESM C 600M,cellular,Site Split,PTEN_HUMAN_Fowler2018,1,0.4868145915363273,0.562156227087731,0.7025823823248303,0.4822771552035906,0.6216942140246764,0.7674682836997272,0.6542236740864329,0.6752175900104675,34,403
1361,ESM C 600M,cellular,Site Split,PTEN_HUMAN_Fowler2018,2,0.5736272475391473,0.5171244429955999,0.656908864264874,0.5265750633237889,0.537880270152316,0.6712994049587366,0.7300618196522799,0.6882297149897306,107,403
1362,ESM C 600M,cellular,Site Split,PTEN_HUMAN_Fowler2018,3,0.5182411186005963,0.5573715624920161,0.7008051831912971,0.4967378072486565,0.5501919037846493,0.6805279986159979,0.6933456395275867,0.6264727574945762,47,403
1363,ESM C 600M,cellular,Site Split,PTEN_HUMAN_Fowler2018,4,0.5097438535391517,0.5641273794908304,0.7062490339000932,0.4611788986193131,0.5724523095668019,0.7082676040241812,0.6729920129344664,0.6487978920015306,43,403
1364,ESM C 600M,cellular,Site Split,PTEN_HUMAN_Fowler2018,5,0.4810415848966485,0.5782537542618923,0.7181519445965453,0.4712881398694019,0.5871059523650313,0.7354851169607486,0.6548996822816201,0.619502847840602,29,403
1365,ESM C 600M,cellular,Site Split,BLAT_ECOLX_Palzkill2012,1,0.3638184845713913,0.6635108387301569,0.8010077497176163,0.2878084332510011,0.6884857357267089,0.8198358408097719,0.620069761572368,0.5919584100006936,46,286
1366,ESM C 600M,cellular,Site Split,BLAT_ECOLX_Palzkill2012,2,0.3775783492089914,0.6535936333535348,0.7903178886464317,0.2903395792436056,0.7076975894665283,0.8324327341626748,0.6315859082176881,0.564588154152637,45,286
1367,ESM C 600M,cellular,Site Split,BLAT_ECOLX_Palzkill2012,3,0.3012754409994759,0.6934330176942763,0.8299197389316959,0.3638736803666573,0.6832216080653337,0.8159699712368181,0.5729277448751091,0.65944720301986,26,286
1368,ESM C 600M,cellular,Site Split,BLAT_ECOLX_Palzkill2012,4,0.351172741724246,0.6659772811079483,0.7989900273488122,0.1979792123750996,0.773448980962105,0.9236616746194564,0.6155720008130613,0.4827905295170401,24,286
1369,ESM C 600M,cellular,Site Split,BLAT_ECOLX_Palzkill2012,5,0.3747438293452801,0.658883261143105,0.795488394219516,0.1993836285275145,0.7244425803618463,0.8699600442928803,0.6275629484104693,0.5077553526182463,41,286
1370,ESM C 600M,cellular,Site Split,BLAT_ECOLX_Ranganathan2015,1,0.6572279686175757,0.470237095610013,0.584612283562011,0.4494214048166098,0.5789023813617129,0.7443560220663722,0.8251566677224639,0.6705136921840174,66,286
1371,ESM C 600M,cellular,Site Split,BLAT_ECOLX_Ranganathan2015,2,0.5744090329577458,0.527631841133133,0.6495879637484849,0.4609214848863626,0.586383316867842,0.7465043372555541,0.7787510383514512,0.7142531778581153,32,286
1372,ESM C 600M,cellular,Site Split,BLAT_ECOLX_Ranganathan2015,3,0.583870353929222,0.5297618174511732,0.6514409213044899,0.5235047730559886,0.5420220083727062,0.6514883891643908,0.783919088988595,0.7498663149490067,41,286
1373,ESM C 600M,cellular,Site Split,BLAT_ECOLX_Ranganathan2015,4,0.7389283943718291,0.4027668748766368,0.5121488033247491,0.493022579619936,0.5543877723661579,0.7049446899528098,0.8698932121582302,0.7606929473426618,183,286
1374,ESM C 600M,cellular,Site Split,BLAT_ECOLX_Ranganathan2015,5,0.7279552326141522,0.4118333485364139,0.5220419304595645,0.6037316435820717,0.4977138975294529,0.6238573311928861,0.8631846421105677,0.7975348598812385,175,286
1375,ESM C 600M,cellular,Site Split,HSP82_YEAST_Bolon2016,1,0.6963120270646002,0.3675660861683048,0.5536584080439463,0.551807337951519,0.4314609084330339,0.6571054332422663,0.5879555446322455,0.6391167057456998,78,709
1376,ESM C 600M,cellular,Site Split,HSP82_YEAST_Bolon2016,2,0.713761120990381,0.3581041081160621,0.5478330529480285,0.4350131119066667,0.4421583335231371,0.6736231899351014,0.6196232962770649,0.5016854908118956,79,709
1377,ESM C 600M,cellular,Site Split,HSP82_YEAST_Bolon2016,3,0.6935426317026169,0.3520349227543747,0.5425445094135266,0.6294034373138158,0.422691744205985,0.6529229460849205,0.6142537649027667,0.6452661862291857,84,709
1378,ESM C 600M,cellular,Site Split,HSP82_YEAST_Bolon2016,4,0.6981338835171311,0.3821441130293478,0.5758875185080179,0.4237110939405116,0.3563384004363631,0.5593162497515485,0.6191925935426993,0.480413575112571,69,709
1379,ESM C 600M,cellular,Site Split,HSP82_YEAST_Bolon2016,5,0.6884737595383168,0.3850824564719701,0.5825669396318512,0.5733461585115057,0.3530179270706832,0.5105310587883243,0.6289434178947103,0.4783957523903469,76,709
1380,ESM C 600M,cellular,Site Split,RASH_HUMAN_Kuriyan,1,0.6431342947007916,0.4297209585141716,0.5848625655154832,0.2346763809850932,0.6553134189127516,0.931568585481308,0.7829508004909292,0.5017977757393552,81,189
1381,ESM C 600M,cellular,Site Split,RASH_HUMAN_Kuriyan,2,0.6559673863511626,0.4122723588381878,0.5833389539733781,0.4603619154230156,0.5594122886910282,0.7500000092542181,0.8033887946930139,0.5917297934495495,118,189
1382,ESM C 600M,cellular,Site Split,RASH_HUMAN_Kuriyan,3,0.6873184104203063,0.4055960502085691,0.551374380340681,0.3676633726689016,0.5856232747032781,0.8287017296084361,0.8108990063434324,0.6166137106299626,117,189
1383,ESM C 600M,cellular,Site Split,RASH_HUMAN_Kuriyan,4,0.6521022675045568,0.4251145127307822,0.5958671068215122,0.4859337062555811,0.507266463656144,0.6874749299167763,0.7848715300300191,0.7136359753842466,121,189
1384,ESM C 600M,cellular,Site Split,RASH_HUMAN_Kuriyan,5,0.6801026786193959,0.416929354704025,0.584482758065531,0.3771722034064683,0.4721768739459235,0.6627026599757087,0.8211252131353558,0.5814847443953367,119,189
1385,ESM C 600M,cellular,Site Split,B3VI55_LIPSTSTABLE,1,0.3006696946195546,0.6789861545771404,0.8362587760120951,0.2045704604611952,0.7204230099829025,0.8911247284479287,0.5820295097411885,0.4808395168989848,34,439
1386,ESM C 600M,cellular,Site Split,B3VI55_LIPSTSTABLE,2,0.3205642806678093,0.6712237469875876,0.8276465742204299,0.2995909161581168,0.6776923822333776,0.822891699929554,0.5952909567463557,0.5556953578255842,67,439
1387,ESM C 600M,cellular,Site Split,B3VI55_LIPSTSTABLE,3,0.3346648999926157,0.6579980505920245,0.8115666482128914,0.2087906923256933,0.72589131425431,0.900427634283441,0.6091733130425191,0.4952626413429818,59,439
1388,ESM C 600M,cellular,Site Split,B3VI55_LIPSTSTABLE,4,0.320569941551402,0.6735804396934566,0.8263705863732873,0.243537965492826,0.6971952056426982,0.859920719460177,0.590763644954174,0.5276147291843829,50,439
1389,ESM C 600M,cellular,Site Split,B3VI55_LIPSTSTABLE,5,0.3224257373294934,0.6671631641074061,0.8212452100643844,0.2272947553870694,0.7213983612572188,0.8861362946385458,0.5878562522953872,0.5122558588998688,62,439
1390,ESM C 600M,cellular,Site Split,TIM_THETH,1,0.736619310540988,0.3951597173205624,0.4938568535613725,0.5720780606249056,0.5783200772935472,0.7374239623814418,0.8469964414670036,0.7411907041308364,100,254
1391,ESM C 600M,cellular,Site Split,TIM_THETH,2,0.7692206509963422,0.3813918108920686,0.4797200333661321,0.5127811088800482,0.5744780971133933,0.699931632015341,0.8651480718356036,0.7171592786107801,122,254
1392,ESM C 600M,cellular,Site Split,TIM_THETH,3,0.7892450626226666,0.3691377928873683,0.4686403633219222,0.3807014537648642,0.5771073029258605,0.7166001387176228,0.8681287057919571,0.6292818151530425,149,254
1393,ESM C 600M,cellular,Site Split,TIM_THETH,4,0.6679010007014398,0.4609170117145451,0.5756518343171614,0.517705348854313,0.5494297011294768,0.6933090581726781,0.8026165054983209,0.7297803596669626,62,254
1394,ESM C 600M,cellular,Site Split,TIM_THETH,5,0.7201023798531923,0.41832007858498,0.5348518244286398,0.2987550013482245,0.6521602443719107,0.792058896194507,0.835397580112222,0.5752624744786817,79,254
1395,ESM C 600M,cellular,Site Split,BRCA1_HUMAN_RING,1,0.7251397839470828,0.4027925950042685,0.5268393405960718,-0.1618383980129305,0.6364234961047336,1.0408778287760343,0.7104354876330536,0.1436142240380632,64,1863
1396,ESM C 600M,cellular,Site Split,BRCA1_HUMAN_RING,2,0.3500144709978916,0.5897094842683046,0.8040177422077527,0.4087658183694811,0.5807477886434522,0.7767142562268218,0.5477120663676746,0.5452149910889128,1,1863
1397,ESM C 600M,cellular,Site Split,BRCA1_HUMAN_RING,3,0.3951111917423502,0.5401879449625733,0.7678139295180366,0.3824029838795971,0.629397921347422,0.8176742838172155,0.5488188453554825,0.6294278313509759,3,1863
1398,ESM C 600M,cellular,Site Split,BRCA1_HUMAN_RING,4,0.3413979351272981,0.6074740341813715,0.8241455454079696,0.4267428191839729,0.5470118130655652,0.710815108704237,0.530263023008912,0.5804458318084951,1,1863
1399,ESM C 600M,cellular,Site Split,BRCA1_HUMAN_RING,5,0.609865276686873,0.4297349927021527,0.5798901558904387,0.0063336231996413,0.7582807509121146,1.1820274251507068,0.631026086327856,0.3891181049533599,23,1863
1400,ESM C 600M,cellular,Site Split,IF1_ECOLI,1,0.7997897635485136,0.3172768569534521,0.447992982581619,0.3584746459152661,0.5365450284216327,0.794272675564535,0.752715418885302,0.6262548893668672,103,72
1401,ESM C 600M,cellular,Site Split,IF1_ECOLI,2,0.7531378799115468,0.3191808176652939,0.4699620574278345,0.6435934696326313,0.5436928446422516,0.7035297454864224,0.7735581791943468,0.7152857625809029,127,72
1402,ESM C 600M,cellular,Site Split,IF1_ECOLI,3,0.7752853337327358,0.3076480319463163,0.444835661239866,0.3701219668214143,0.6323160830899277,0.9396348938522676,0.7514465158076168,0.6251224251722037,113,72
1403,ESM C 600M,cellular,Site Split,IF1_ECOLI,4,0.6963867898688332,0.4035936060778433,0.5723498619506155,0.5717869227791508,0.3474139489444063,0.4958831108850509,0.7383934304239402,0.6278031467755476,78,72
1404,ESM C 600M,cellular,Site Split,IF1_ECOLI,5,0.718350580175939,0.3676852246299948,0.5388595749958776,0.6679154920976298,0.4030899929407069,0.5410798314160281,0.7618675416801128,0.521945689183985,81,72
1405,ESM C 600M,cellular,Site Split,RL401_YEAST_Fraser2016,1,0.6057134144293329,0.4600735694132062,0.6255696672312614,0.3889236261217037,0.6271959586197566,0.790642096001337,0.7677977437482829,0.6072119538027462,94,128
1406,ESM C 600M,cellular,Site Split,RL401_YEAST_Fraser2016,2,0.60043693768561,0.4345323950810378,0.5983791068209325,0.2176330127127008,0.8007206286175157,1.008479130972764,0.7500934493934246,0.5041769080974648,84,128
1407,ESM C 600M,cellular,Site Split,RL401_YEAST_Fraser2016,3,0.4565549493960011,0.5602008217702108,0.7321660671254455,0.3229345432043199,0.6117681576405998,0.8438789825142076,0.6835523238532992,0.5668581514085574,18,128
1408,ESM C 600M,cellular,Site Split,RL401_YEAST_Fraser2016,4,0.6145390779888436,0.465619432478464,0.6246978684510794,0.3350384151268071,0.6141598956894222,0.792952639162069,0.7758792389016645,0.581187893697044,107,128
1409,ESM C 600M,cellular,Site Split,RL401_YEAST_Fraser2016,5,0.4534392615061643,0.5412408803566727,0.7136748339744844,0.3519802982405821,0.7027886950791932,0.8998892454865236,0.6829678119239636,0.5578501301162464,21,128
1410,ESM C 600M,cellular,Site Split,TIM_SULSO,1,0.4940243503558933,0.56850393296277,0.7189856842852025,0.4888188570899371,0.5259969869584079,0.6830839836148728,0.7265275296727616,0.7051748162438229,15,248
1411,ESM C 600M,cellular,Site Split,TIM_SULSO,2,0.4837640338096468,0.56218712295766,0.7158927416404689,0.5077663096328023,0.5685680821538286,0.7027649265447979,0.724077391417846,0.7007064813470131,14,248
1412,ESM C 600M,cellular,Site Split,TIM_SULSO,3,0.6428089960373001,0.4530250907234055,0.593443161203527,0.2402341020093318,0.616761263564281,0.8384555023400191,0.788081328218257,0.6352597770024236,76,248
1413,ESM C 600M,cellular,Site Split,TIM_SULSO,4,0.4638420395487971,0.5737260038161522,0.7353442907218133,0.5240165495268025,0.5463081173675924,0.6679581555553084,0.6932466568440304,0.782569900648391,14,248
1414,ESM C 600M,cellular,Site Split,TIM_SULSO,5,0.4917279425974181,0.555712047835481,0.7046475848343251,0.4875106576995793,0.6009397570768794,0.7472401269225006,0.733674530304159,0.683242638327681,17,248
1415,ESM C 600M,cellular,Site Split,TIM_THEMA,1,0.3157095051395077,0.6421797131465563,0.8482998994480608,0.1867757042874973,0.6633778257569855,0.7951693201062758,0.5907986738316696,0.5331965077439581,18,252
1416,ESM C 600M,cellular,Site Split,TIM_THEMA,2,0.3374613581513932,0.6134805572616975,0.8226540634985574,-0.1396715817474014,0.8480354255923391,1.0110930711888753,0.5795802650703198,0.2381098420454642,18,252
1417,ESM C 600M,cellular,Site Split,TIM_THEMA,3,0.2804514113609102,0.6582188356824996,0.8692785419018452,0.4048698609291363,0.5483078547937889,0.6897741298698559,0.561657761474974,0.6317829718115443,20,252
1418,ESM C 600M,cellular,Site Split,TIM_THEMA,4,0.2813292604758014,0.6413903088136196,0.8499648292470173,0.3036123904283521,0.6455397849361473,0.8189346118077944,0.5696304076611056,0.5210299934221205,16,252
1419,ESM C 600M,cellular,Site Split,TIM_THEMA,5,0.2768816355116013,0.6330360477430997,0.8403904966875537,0.3373159892550998,0.6499943064076842,0.8499711064548539,0.5512531874178169,0.6198404223511221,22,252
1420,ESM C 600M,cellular,Site Split,BG_STRSQ_hmmerbit,1,0.5625283005548896,0.4682913761699472,0.6587134673633025,0.496611723841752,0.5170154346618909,0.719060951848774,0.7458791705132345,0.7005672970049175,77,501
1421,ESM C 600M,cellular,Site Split,BG_STRSQ_hmmerbit,2,0.5923571278433699,0.4655723594071568,0.6418919904329049,0.4960889804746112,0.4835102853963405,0.6938022224091501,0.765051225675804,0.7055006932678268,121,501
1422,ESM C 600M,cellular,Site Split,BG_STRSQ_hmmerbit,3,0.6005244231074418,0.4553506689671235,0.6352609504877277,0.4863073977274819,0.5140872404676509,0.7019460751280062,0.7610422647200111,0.6755819697177408,130,501
1423,ESM C 600M,cellular,Site Split,BG_STRSQ_hmmerbit,4,0.5527391693151569,0.4846614911934816,0.6727919334008506,0.4913601045672915,0.4873980714034434,0.692127771069715,0.7518103633680615,0.6604616078596657,56,501
1424,ESM C 600M,cellular,Site Split,BG_STRSQ_hmmerbit,5,0.5202908123987701,0.4914990794821112,0.6883819281262402,0.5790684948133685,0.4932039285679739,0.6628593198035126,0.7153541313291639,0.7796828375062036,58,501
1425,ESM C 600M,cellular,Site Split,MK01_HUMAN_Johannessen,1,0.1755353653088092,0.6700395348588897,0.9073374215405436,0.0940091841619771,0.6988057898840861,0.9531371036879206,0.4671512220156621,0.3103965926275421,67,360
1426,ESM C 600M,cellular,Site Split,MK01_HUMAN_Johannessen,2,0.1425986694890556,0.6809729887518303,0.9225665291645108,0.1157823041892988,0.6913587139146534,0.944153526458468,0.4161896034054264,0.3932957871103121,54,360
1427,ESM C 600M,cellular,Site Split,MK01_HUMAN_Johannessen,3,0.1474599135828697,0.6803513924165447,0.9219583542136768,0.1306407279128344,0.7062570464047098,0.9376175261114204,0.4306207650781838,0.3888868686257533,54,360
1428,ESM C 600M,cellular,Site Split,MK01_HUMAN_Johannessen,4,0.1942315126842462,0.6630916259341877,0.8997895686585168,0.1027190742972139,0.6891997616047202,0.9379808727618496,0.4821350563981119,0.3671909964054675,92,360
1429,ESM C 600M,cellular,Site Split,MK01_HUMAN_Johannessen,5,0.1818333144623488,0.6662578556167481,0.9063781825582852,0.1000451046259875,0.6979686009879538,0.9359360630843068,0.4800461479500071,0.327467745316808,78,360
1430,ESM C 600M,cellular,Site Split,SUMO1_HUMAN_Roth2017,1,0.4791464044087037,0.5457705816473283,0.7137405640536956,0.3728617625061255,0.6396838746253138,0.8117484206706491,0.6991846491438499,0.6438611384859789,77,101
1431,ESM C 600M,cellular,Site Split,SUMO1_HUMAN_Roth2017,2,0.5176749643149057,0.5307345448946754,0.6913170996366889,0.3024335478971891,0.6387588566906598,0.8487823275721281,0.7303411689856674,0.5404519361407004,86,101
1432,ESM C 600M,cellular,Site Split,SUMO1_HUMAN_Roth2017,3,0.4923418352525892,0.5397649790038023,0.7034538333629011,0.3826118372993985,0.6398301535395404,0.823654752541354,0.7076995399786813,0.642355145693958,84,101
1433,ESM C 600M,cellular,Site Split,SUMO1_HUMAN_Roth2017,4,0.5106803603470415,0.5352257241288043,0.6933487967809294,0.3485620931525987,0.6057745564766255,0.8338772433104439,0.7228590137785326,0.6177527095991865,84,101
1434,ESM C 600M,cellular,Site Split,SUMO1_HUMAN_Roth2017,5,0.5134142790552769,0.5416715136625245,0.7026506408580504,0.2684571255292137,0.6085583047844947,0.8282998504756213,0.7258686219789182,0.5569385953193476,82,101
1435,ESM C 600M,cellular,Site Split,CALM1_HUMAN_Roth2017,1,0.1726194852787443,0.6908520323014272,0.9077329747537872,0.1361746821867623,0.7348044936228055,0.9360503484941344,0.4006010735606124,0.3627028553732186,55,149
1436,ESM C 600M,cellular,Site Split,CALM1_HUMAN_Roth2017,2,0.2033557511053823,0.6701786248439803,0.8872925373721837,0.0603251231092278,0.7347072176468653,0.9885814070402688,0.4379997986547078,0.2409281465767068,62,149
1437,ESM C 600M,cellular,Site Split,CALM1_HUMAN_Roth2017,3,0.1635375221687292,0.6937633571653751,0.9064125063669032,0.1016888642988591,0.7273276221988507,0.9775439293111922,0.3844060752810004,0.3207496497491592,48,149
1438,ESM C 600M,cellular,Site Split,CALM1_HUMAN_Roth2017,4,0.1978085560555927,0.6959400776501752,0.9104479688432416,0.063288230577985,0.6777772642934871,0.8991475371494384,0.4196341681669654,0.2559119544383454,65,149
1439,ESM C 600M,cellular,Site Split,CALM1_HUMAN_Roth2017,5,0.2241665275411274,0.6548471525441335,0.8737203121945645,0.0420080308057717,0.7392121391232807,1.0023615176631469,0.4435927692737421,0.2924788532546122,76,149
1440,ESM C 600M,cellular,Site Split,BLAT_ECOLX_Tenaillon2013,1,0.6594651391327038,0.444444152927045,0.5867039785451521,0.5784315901563968,0.4782842291071157,0.6351519631191342,0.7661415554599539,0.7494913471655279,68,286
1441,ESM C 600M,cellular,Site Split,BLAT_ECOLX_Tenaillon2013,2,0.7002046713639845,0.406750823291079,0.5413274908766856,0.4571028458154037,0.5590990019580738,0.7667464627187258,0.7803605703210454,0.6717068059737524,86,286
1442,ESM C 600M,cellular,Site Split,BLAT_ECOLX_Tenaillon2013,3,0.7055474780116562,0.3969298459356536,0.5280460866495541,0.6123980403846137,0.5010744307303266,0.6786176846497437,0.7860276425449414,0.7597179490049724,99,286
1443,ESM C 600M,cellular,Site Split,BLAT_ECOLX_Tenaillon2013,4,0.619192094260032,0.468987857079458,0.6119240499776466,0.5524005778672139,0.5228485165940401,0.6909168750934854,0.7464402500194001,0.745054750372906,41,286
1444,ESM C 600M,cellular,Site Split,BLAT_ECOLX_Tenaillon2013,5,0.6458072767356761,0.4478937081363957,0.5901987708359259,0.4494171747509459,0.5511981791447529,0.7637286295866739,0.7586307821982574,0.7014900053612972,65,286
1445,ESM C 600M,cellular,Site Split,UBE4B_MOUSE_Klevit2013_singles,1,0.3063137358525329,0.6169465634165023,0.8414653143369399,0.0984677740222779,0.6690297477389531,0.902814212211347,0.5572092016155052,0.2621563934941781,29,1173
1446,ESM C 600M,cellular,Site Split,UBE4B_MOUSE_Klevit2013_singles,2,0.3709474423277292,0.5687846176716475,0.7985720537587916,0.2188791649232773,0.6682539123925847,0.860938836844516,0.5961053355131728,0.4555375820704863,47,1173
1447,ESM C 600M,cellular,Site Split,UBE4B_MOUSE_Klevit2013_singles,3,0.3850748481903572,0.5595826154210292,0.7811493308456218,0.2966790710558572,0.6413236348373693,0.8503716989039767,0.6076182652837568,0.4683688247075707,65,1173
1448,ESM C 600M,cellular,Site Split,UBE4B_MOUSE_Klevit2013_singles,4,0.3176237942189945,0.598203369924182,0.8256325855259572,0.2445828932609859,0.6626845939435703,0.8692613316175534,0.5635445654302556,0.4397319881254228,36,1173
1449,ESM C 600M,cellular,Site Split,UBE4B_MOUSE_Klevit2013_singles,5,0.3172568313190632,0.6006108237721526,0.8240961721905671,0.1314886531144389,0.7079444369840082,0.9414100682930352,0.5481161719137063,0.3069054904827997,32,1173
1450,ESM C 600M,cellular,Site Split,KKA2_KLEPN_Mikkelsen2014,1,0.4911341023392377,0.5557028651337116,0.7153632552626962,0.3423858985678406,0.6205183721328883,0.8006380810814032,0.7537177254484514,0.656915082317931,128,264
1451,ESM C 600M,cellular,Site Split,KKA2_KLEPN_Mikkelsen2014,2,0.4710806142236345,0.5733898766310711,0.7376200187957501,0.3313798157774983,0.5993434343281729,0.7667137185760987,0.7416820313461729,0.6610132183604793,81,264
1452,ESM C 600M,cellular,Site Split,KKA2_KLEPN_Mikkelsen2014,3,0.4508163095009677,0.5773413925466405,0.7428546798761696,0.4374548900954683,0.5735927011800268,0.7413058433677028,0.7275194075450624,0.709120702845344,78,264
1453,ESM C 600M,cellular,Site Split,KKA2_KLEPN_Mikkelsen2014,4,0.4711336153367715,0.5674691437267801,0.7310169048654407,0.3682077333244925,0.5980566006347713,0.7720149711293034,0.7367609775340912,0.6842998257760011,93,264
1454,ESM C 600M,cellular,Site Split,KKA2_KLEPN_Mikkelsen2014,5,0.4297273102433799,0.5919126347983443,0.7606864090506678,0.4073142729305428,0.5940695872298888,0.7452047620018821,0.7082474821100606,0.7159638691802582,55,264
1455,ESM C 600M,cellular,Site Split,UBC9_HUMAN_Roth2017,1,0.5397317726818294,0.4794635329524243,0.6338903250138153,0.0432893951535858,0.7380648170478075,1.154580559975889,0.7745660229830519,0.4452444679018729,128,159
1456,ESM C 600M,cellular,Site Split,UBC9_HUMAN_Roth2017,2,0.5106303563757928,0.5119115823000844,0.720061248642584,0.2060440284889381,0.6263185457852178,0.7801755251737168,0.7751358650430912,0.5500204255279919,141,159
1457,ESM C 600M,cellular,Site Split,UBC9_HUMAN_Roth2017,3,0.5220407543709491,0.5081070146725206,0.6953417438548268,0.2662193172893941,0.586851008234895,0.819311015930264,0.7740119616826379,0.5498153191978239,158,159
1458,ESM C 600M,cellular,Site Split,UBC9_HUMAN_Roth2017,4,0.4885394785615906,0.509945471183175,0.7160709558735026,0.1287314867056479,0.7418074887716327,0.9238984091702416,0.762752116096705,0.3932218580756016,133,159
1459,ESM C 600M,cellular,Site Split,UBC9_HUMAN_Roth2017,5,0.5102276689912091,0.5127976987325104,0.6998747991796871,0.1855011782039811,0.6265666481681985,0.8968426207847128,0.7660044458143985,0.5092278538953617,157,159
1460,ESM C 600M,cellular,Site Split,GAL4_YEAST_Shendure2015,1,0.4067439169076347,0.6338679106621776,0.7723742034828163,0.2233500873797161,0.6938503172784566,0.8706632212255848,0.6735537868149252,0.6328451935110563,27,881
1461,ESM C 600M,cellular,Site Split,GAL4_YEAST_Shendure2015,2,0.4028320897668109,0.6423649626534931,0.7804682328497238,0.1512417097119743,0.7127755582370847,0.8770990919088183,0.6719120794114393,0.5000635602496979,27,881
1462,ESM C 600M,cellular,Site Split,GAL4_YEAST_Shendure2015,3,0.4259972324807262,0.6173581251906777,0.7567099507685852,0.2531023793325851,0.7293547735248211,0.8669627092690676,0.6891691780854348,0.58570316566422,34,881
1463,ESM C 600M,cellular,Site Split,GAL4_YEAST_Shendure2015,4,0.3949779040740969,0.6385035782834649,0.7798327270138403,0.1912463735077838,0.730895285671009,0.8850854473131056,0.6581711629996173,0.5328226473130228,22,881
1464,ESM C 600M,cellular,Site Split,GAL4_YEAST_Shendure2015,5,0.4132674011365322,0.6172986975892977,0.7621093048387831,0.0835269902786488,0.8070702594859659,0.9572459207656636,0.6775868321363291,0.4878908717166467,26,881
1465,ESM C 600M,cellular,Site Split,RL401_YEAST_Bolon2013,1,0.694605585001886,0.3867508255495438,0.5401268900252469,0.4752846226367089,0.5240256980859107,0.7710953243201034,0.7995590094296459,0.8117183307681646,90,128
1466,ESM C 600M,cellular,Site Split,RL401_YEAST_Bolon2013,2,0.6864100907304993,0.4241177527588083,0.5779809445203008,0.380957105087092,0.4639799815173479,0.6300705730139048,0.8251642517942578,0.6408700976758961,81,128
1467,ESM C 600M,cellular,Site Split,RL401_YEAST_Bolon2013,3,0.7284101136180328,0.3871256661455887,0.530772889169617,0.4101853798457623,0.5185125604567657,0.6976397097793947,0.8381390091660209,0.6437756384212558,93,128
1468,ESM C 600M,cellular,Site Split,RL401_YEAST_Bolon2013,4,0.7175977783237979,0.3918459511275125,0.5438313543043815,0.3156683750502347,0.5817679907206718,0.7422867680818285,0.8097816592295021,0.7645302847863487,88,128
1469,ESM C 600M,cellular,Site Split,RL401_YEAST_Bolon2013,5,0.5981110606127875,0.4505744286672347,0.617189135497544,0.473197397276438,0.6229377726019704,0.7882232016762867,0.7874327891204372,0.667898662503064,50,128
1470,ESM C 600M,cellular,Site Split,RL401_YEAST_Bolon2014,1,0.6175495568932923,0.4597363824877782,0.6253551564930296,0.4013265152815967,0.5368269013754272,0.7344005518863194,0.7179595530543795,0.6346983873253446,58,128
1471,ESM C 600M,cellular,Site Split,RL401_YEAST_Bolon2014,2,0.6098917269352921,0.4582895245634152,0.6318431675665406,0.4421197813508621,0.5375256541015867,0.7057276419030867,0.7036039025429289,0.5177599556692516,51,128
1472,ESM C 600M,cellular,Site Split,RL401_YEAST_Bolon2014,3,0.6601158474540825,0.43388671948422,0.5908679493424428,0.4216236513551507,0.4943014886198565,0.694831935367252,0.7569968116089486,0.5246099812800137,86,128
1473,ESM C 600M,cellular,Site Split,RL401_YEAST_Bolon2014,4,0.6497482255950788,0.4026564680050286,0.5541595111898976,0.429214094437392,0.6540634014847104,0.8775671079699792,0.6837898700957291,0.7241977961167096,71,128
1474,ESM C 600M,cellular,Site Split,RL401_YEAST_Bolon2014,5,0.4892857515712795,0.5473270281580711,0.7496594442087224,0.2313352211452692,0.485202701374727,0.6397839702548899,0.655153086966841,0.5342590569086859,25,128
1475,ESM C 600M,cellular,Site Split,YAP1_HUMAN_Fields2012_singles,1,0.7668984679624158,0.372268497891236,0.4979972959269276,0.4193647426788203,0.4832547890465798,0.6435982680343533,0.8869292646064512,0.735221522892756,69,504
1476,ESM C 600M,cellular,Site Split,YAP1_HUMAN_Fields2012_singles,2,0.7098201937930688,0.3876203415478761,0.5250126370543711,0.3565946880163859,0.6676480042716842,0.855512903512779,0.8645390703604122,0.5489935509087356,45,504
1477,ESM C 600M,cellular,Site Split,YAP1_HUMAN_Fields2012_singles,3,0.7513061051951566,0.3922566544141447,0.5251276050019943,0.2176214093199908,0.550212002187851,0.6896353789351445,0.8873715590059622,0.5398602814619825,56,504
1478,ESM C 600M,cellular,Site Split,YAP1_HUMAN_Fields2012_singles,4,0.6875475350099096,0.4099216575325088,0.5531577311645542,0.5056448628638681,0.5406291130303962,0.724850713433059,0.8563135827169807,0.8412729508821193,43,504
1479,ESM C 600M,cellular,Site Split,YAP1_HUMAN_Fields2012_singles,5,0.6378738804270326,0.4111785562424005,0.5661101290053239,0.6017122211681144,0.4915144411939358,0.6940263565452885,0.8193763882902896,0.828260778304857,59,504
1480,ESM-2 3B Sawhney,viral,Pooled Split,SARS2_PRD0038_RBD_Starr,1,0.6438189771437807,0.4380882928085797,0.6037277610319817,0.3781379610635415,0.5192926106032548,0.7499387925044938,0.6271933611296517,0.4862974549923022,464,200
1481,ESM-2 3B Sawhney,viral,Pooled Split,SARS2_PRD0038_RBD_Starr,2,0.6239191349755808,0.4383992629629184,0.605845476392223,0.4685916669264142,0.52415145831487,0.7622074594616597,0.6106228841862554,0.5714594717736223,448,200
1482,ESM-2 3B Sawhney,viral,Pooled Split,SARS2_PRD0038_RBD_Starr,3,0.6908437314730898,0.4111010425703369,0.5609713749253779,0.4542751039452545,0.4940047930423831,0.7104265686807352,0.6580665947427966,0.511289483476319,591,200
1483,ESM-2 3B Sawhney,viral,Pooled Split,SARS2_PRD0038_RBD_Starr,4,0.6472832854613378,0.4309128756288843,0.5919319219071543,0.5005127523262491,0.5052053912646806,0.7160207979381028,0.6282004822612187,0.5718941109696576,514,200
1484,ESM-2 3B Sawhney,viral,Pooled Split,SARS2_PRD0038_RBD_Starr,5,0.6880099109017277,0.4075277938969677,0.5590254989045673,0.4008706157061826,0.5106317817742686,0.7714533322448358,0.6454695432947978,0.529100672222155,587,200
1485,ESM-2 3B Sawhney,viral,Pooled Split,IAV_NA_Jiang,1,0.6505163955499813,0.4352604953759955,0.596507500218701,0.193450210554207,0.6640453419794131,0.8627483890415703,0.8341456597468712,0.591330925257016,73,453
1486,ESM-2 3B Sawhney,viral,Pooled Split,IAV_NA_Jiang,2,0.6922077631620097,0.3848362927004274,0.5255856488412847,0.3742815654505319,0.713735455008766,0.9258851670767724,0.8318873759980133,0.6486246179494305,83,453
1487,ESM-2 3B Sawhney,viral,Pooled Split,IAV_NA_Jiang,3,0.6922101762810651,0.3952943268619957,0.5512122850915072,0.334078296202546,0.6237050862244867,0.8318567613319552,0.852483422265681,0.5955543206446235,89,453
1488,ESM-2 3B Sawhney,viral,Pooled Split,IAV_NA_Jiang,4,0.5773594604970452,0.4630894791241563,0.6265717568021786,0.3028350530729209,0.7904638523600185,0.9449224000070904,0.7997364297130325,0.5960544595721035,62,453
1489,ESM-2 3B Sawhney,viral,Pooled Split,IAV_NA_Jiang,5,0.6539288642222298,0.4352286359272755,0.5813979112799982,0.3663731885022644,0.6361856563949534,0.8317639242018002,0.840958786989188,0.5985551542095028,77,453
1490,ESM-2 3B Sawhney,viral,Pooled Split,CVB3_3D_Alvarez,1,0.663255084218355,0.4625476686114951,0.5817909370381772,0.5404474608942208,0.5346521670894311,0.6708208140941107,0.7787987630698402,0.7156847219303346,1003,462
1491,ESM-2 3B Sawhney,viral,Pooled Split,CVB3_3D_Alvarez,2,0.6563710850579028,0.4671860293377393,0.585785117103413,0.5764368125157504,0.5237824768357019,0.6526281473048746,0.7762835511860632,0.7406180200799392,1007,462
1492,ESM-2 3B Sawhney,viral,Pooled Split,CVB3_3D_Alvarez,3,0.6586240567440146,0.4671017685736859,0.5866925154273599,0.5664456684020007,0.5228067504128693,0.6472483180224692,0.7773000909991281,0.7308645692334849,1012,462
1493,ESM-2 3B Sawhney,viral,Pooled Split,CVB3_3D_Alvarez,4,0.6625045768870278,0.4589942632307188,0.5780984247399491,0.5536701285910064,0.5451011603413598,0.6808428489560676,0.7773517043795141,0.729566241543165,1015,462
1494,ESM-2 3B Sawhney,viral,Pooled Split,CVB3_3D_Alvarez,5,0.6604098871035654,0.4641526641531152,0.5846794282852769,0.5502648888195154,0.5299378769067263,0.6613748480561522,0.7773852682123419,0.7279674849245517,1017,462
1495,ESM-2 3B Sawhney,viral,Pooled Split,EV_REP_Bakhache,1,0.4453477195817664,0.6076046205153307,0.743826182864496,0.3511529469162107,0.6628028234601625,0.8094807804653369,0.6287191804799294,0.564332065980917,1471,1331
1496,ESM-2 3B Sawhney,viral,Pooled Split,EV_REP_Bakhache,2,0.4457247269272033,0.606971341800715,0.7439595186060701,0.3462982942012389,0.6626936143196867,0.8108467889358381,0.6311242364648626,0.5540713670788018,1490,1331
1497,ESM-2 3B Sawhney,viral,Pooled Split,EV_REP_Bakhache,3,0.4481977355222144,0.6085062383720587,0.7445680806273288,0.3367193023167245,0.6583864664333241,0.8064671232990529,0.6325708787325717,0.5497530707520688,1528,1331
1498,ESM-2 3B Sawhney,viral,Pooled Split,EV_REP_Bakhache,4,0.4432329501237704,0.6109871877226503,0.7471119117934242,0.3510362994132737,0.6535119400568569,0.8013385009150433,0.6283848708677381,0.5560287178705767,1501,1331
1499,ESM-2 3B Sawhney,viral,Pooled Split,EV_REP_Bakhache,5,0.4422145220614142,0.6093632877245649,0.7470918143039815,0.3647502889508469,0.6543818278818841,0.7959808677923739,0.6263245119999133,0.5740498600624813,1514,1331
1500,ESM-2 3B Sawhney,viral,Pooled Split,SARS2_RBD_binding_Starr,1,0.8176156145367895,0.3074334428082657,0.4266024666970836,0.6925442681347501,0.3969481227620878,0.5568609754853378,0.8072871863615276,0.736584064205475,882,1273
1501,ESM-2 3B Sawhney,viral,Pooled Split,SARS2_RBD_binding_Starr,2,0.8018211657110579,0.3160475188042794,0.4399646841171284,0.609926139183385,0.4616775125054864,0.6523579256735434,0.7878859254145562,0.7105268985493937,762,1273
1502,ESM-2 3B Sawhney,viral,Pooled Split,SARS2_RBD_binding_Starr,3,0.8168268974806182,0.3128107740592779,0.4292214803182246,0.6180159608414573,0.4324690947329335,0.6108636442008025,0.8050853263657255,0.6971280131725527,862,1273
1503,ESM-2 3B Sawhney,viral,Pooled Split,SARS2_RBD_binding_Starr,4,0.8158757209032578,0.3027097091012177,0.4238614778538817,0.6628789113975174,0.4377726514104975,0.6069637614138583,0.8006171867621229,0.724109158735377,895,1273
1504,ESM-2 3B Sawhney,viral,Pooled Split,SARS2_RBD_binding_Starr,5,0.8034440180562832,0.3169895718860002,0.4394145364550155,0.6311427409446704,0.4320849826312419,0.6278055131569266,0.7911223727476688,0.7319298112152416,797,1273
1505,ESM-2 3B Sawhney,viral,Pooled Split,HIV1_BG505_ENV_Haddox,1,0.615231282574053,0.501409848126254,0.6210367001721566,0.5293178292631899,0.5477551541957499,0.6826945781123087,0.7935701054678354,0.7282032551140698,1174,860
1506,ESM-2 3B Sawhney,viral,Pooled Split,HIV1_BG505_ENV_Haddox,2,0.6191850399308658,0.4989668578607352,0.6182356266411486,0.50555642501499,0.5629185413652018,0.6979652273358423,0.7956449239049509,0.7196344094232491,1185,860
1507,ESM-2 3B Sawhney,viral,Pooled Split,HIV1_BG505_ENV_Haddox,3,0.620828079513281,0.4949614105509102,0.6128908970945485,0.5142176287150766,0.5703823730184887,0.7098346981098809,0.796566854852916,0.7257088948639571,1172,860
1508,ESM-2 3B Sawhney,viral,Pooled Split,HIV1_BG505_ENV_Haddox,4,0.6191828753081199,0.4982064294465047,0.6182003335976799,0.4926418067315196,0.5669631361431692,0.7072030249069725,0.7947666540511445,0.7085553996193504,1131,860
1509,ESM-2 3B Sawhney,viral,Pooled Split,HIV1_BG505_ENV_Haddox,5,0.6181724396578355,0.4976943269399679,0.6179696727190713,0.5154732229899572,0.5631730370499657,0.6958626495459006,0.7938385678941473,0.7238355769257567,1198,860
1510,ESM-2 3B Sawhney,viral,Pooled Split,RsYN04_RBD_Starr,1,0.4934469568137879,0.3545301667298188,0.7178415677740762,0.3282372453155466,0.412268298771428,0.7908287813992223,0.3745370007154898,0.2933976577805066,492,517
1511,ESM-2 3B Sawhney,viral,Pooled Split,RsYN04_RBD_Starr,2,0.4341686562809903,0.3845661654300792,0.7760690695580384,0.13032095106797,0.4277598318073759,0.8030085435611816,0.3178551102529965,0.2269716045298924,352,517
1512,ESM-2 3B Sawhney,viral,Pooled Split,RsYN04_RBD_Starr,3,0.5609140016330723,0.3322969565671646,0.6537729746999766,0.3744478649200722,0.4508217180667192,0.8318597775407034,0.4199154593184035,0.2494457770853026,654,517
1513,ESM-2 3B Sawhney,viral,Pooled Split,RsYN04_RBD_Starr,4,0.4730009811110069,0.3732339713853838,0.7564588957571721,0.2060671519332287,0.4187270345289307,0.7210969151325587,0.3571304768952353,0.2558289376136993,417,517
1514,ESM-2 3B Sawhney,viral,Pooled Split,RsYN04_RBD_Starr,5,0.5211702085417362,0.3463268028166923,0.6978892298358558,0.3671752502372641,0.4280285757537234,0.7676684041072483,0.3979084938486331,0.2568308107568353,554,517
1515,ESM-2 3B Sawhney,viral,Pooled Split,DENV_POLG_Suphatrakul,1,0.4789192053988564,0.5986815030595833,0.7192315148350595,0.3882407487430177,0.6658150911533518,0.7933736273581554,0.7164226607189618,0.6531793751406854,925,900
1516,ESM-2 3B Sawhney,viral,Pooled Split,DENV_POLG_Suphatrakul,2,0.4767266046482491,0.604468504199131,0.72397729944768,0.415321181604704,0.6356727165554098,0.7619472836491666,0.7188828778838565,0.6652345188644087,925,900
1517,ESM-2 3B Sawhney,viral,Pooled Split,DENV_POLG_Suphatrakul,3,0.4728680177867844,0.6066658764390338,0.7267167030735839,0.4139285535870102,0.6368425924655162,0.7626867045036162,0.7153898624541878,0.6683252096856959,911,900
1518,ESM-2 3B Sawhney,viral,Pooled Split,DENV_POLG_Suphatrakul,4,0.4779122493082373,0.6023303912330543,0.7221168099058854,0.4035094027638561,0.6464552907988638,0.7740695596173728,0.7187668513909506,0.6593877999449237,904,900
1519,ESM-2 3B Sawhney,viral,Pooled Split,DENV_POLG_Suphatrakul,5,0.4786943064786368,0.6025630617590215,0.7232130969985473,0.3971020685985927,0.645567660035778,0.7712909141164416,0.7187181048812534,0.6564510207789831,914,900
1520,ESM-2 3B Sawhney,viral,Pooled Split,SARS2_PLPRO_activity_Wu,1,0.7184559969506246,0.420998603080816,0.5320353046885887,0.5717595606452401,0.5040497373953009,0.647190713529674,0.8120798067714406,0.7299518217606961,672,316
1521,ESM-2 3B Sawhney,viral,Pooled Split,SARS2_PLPRO_activity_Wu,2,0.7187719047233171,0.4180962391041667,0.5300064454848962,0.5637425158071936,0.5192663002175361,0.6617731957337791,0.8124980444249971,0.730932697866452,688,316
1522,ESM-2 3B Sawhney,viral,Pooled Split,SARS2_PLPRO_activity_Wu,3,0.7238370413753108,0.4190847898632595,0.5271637722833913,0.5791139968207657,0.5038416987670601,0.6403378847780317,0.8157428621111693,0.7199366604298311,703,316
1523,ESM-2 3B Sawhney,viral,Pooled Split,SARS2_PLPRO_activity_Wu,4,0.7194655591222907,0.4211033212959568,0.530200274101253,0.5561853692350587,0.525781258240155,0.6632094247263891,0.8129755471301444,0.7230070524900546,699,316
1524,ESM-2 3B Sawhney,viral,Pooled Split,SARS2_PLPRO_activity_Wu,5,0.7159916110729672,0.4233841189562008,0.534156494372352,0.6221481103576245,0.4811868021473423,0.6086898123925993,0.8061644339408011,0.7655172667737141,679,316
1525,ESM-2 3B Sawhney,viral,Pooled Split,NIPAH_F_Larsen,1,0.6701448802272065,0.4528608949620621,0.5764120035974015,0.5290688606968473,0.5264646154100566,0.6760377234485394,0.7573933898905012,0.6668478108944446,968,602
1526,ESM-2 3B Sawhney,viral,Pooled Split,NIPAH_F_Larsen,2,0.6711853525268408,0.4502177798251281,0.5748612486932374,0.529191060828373,0.5255259469540378,0.679087005691015,0.7539357989479376,0.6837546919871746,974,602
1527,ESM-2 3B Sawhney,viral,Pooled Split,NIPAH_F_Larsen,3,0.6665438284421618,0.4536698404680482,0.5772098178173759,0.5645136744258732,0.5147282022218467,0.6609712519165248,0.7555577374625528,0.6823361419984727,976,602
1528,ESM-2 3B Sawhney,viral,Pooled Split,NIPAH_F_Larsen,4,0.6666053573964388,0.4546470938290493,0.5781219175757693,0.5557685916580175,0.5207082923338839,0.6631459901502208,0.7549520748400681,0.6715728193092148,957,602
1529,ESM-2 3B Sawhney,viral,Pooled Split,NIPAH_F_Larsen,5,0.6668141660864855,0.452419088835914,0.5756399157898323,0.5436389579266248,0.5370229045603716,0.6828874723918628,0.7566330504830825,0.6720543681240619,961,602
1530,ESM-2 3B Sawhney,viral,Pooled Split,SARS2_RBD_expression_Starr,1,0.8643267199353513,0.2857572418347303,0.3717588614967751,0.5602255538704553,0.4571447161503254,0.6378479008818628,0.914116399868556,0.7836626908834232,1043,1273
1531,ESM-2 3B Sawhney,viral,Pooled Split,SARS2_RBD_expression_Starr,2,0.8226030278350552,0.3271386706029499,0.4220193142911875,0.6638415007164769,0.4395072891948153,0.5749409999416022,0.8950274958903587,0.809228823151685,813,1273
1532,ESM-2 3B Sawhney,viral,Pooled Split,SARS2_RBD_expression_Starr,3,0.8266166237855688,0.3214456474664365,0.414489106679975,0.6344535930584955,0.4657416971571214,0.6153661092437236,0.8944609424383432,0.7872068275203007,830,1273
1533,ESM-2 3B Sawhney,viral,Pooled Split,SARS2_RBD_expression_Starr,4,0.8535799287972086,0.2954283829479923,0.3822440114829878,0.6397004185247283,0.4552219453873397,0.6027061865620745,0.9075566436442192,0.8120257520063757,998,1273
1534,ESM-2 3B Sawhney,viral,Pooled Split,SARS2_RBD_expression_Starr,5,0.8280787728995082,0.3205739770012579,0.4130279448860966,0.6532491614386566,0.4632637308691454,0.597875777464226,0.8961239321773731,0.8070872834972689,839,1273
1535,ESM-2 3B Sawhney,viral,Pooled Split,IAV_PA_Wu,1,0.0547681503121799,0.6620293897602001,1.0159965511469875,-0.0290728762021881,0.6091474175642421,0.801699395320531,0.298871925873515,0.1672733244339719,32,716
1536,ESM-2 3B Sawhney,viral,Pooled Split,IAV_PA_Wu,2,0.077929185084579,0.6529260145528565,0.9957904968115112,-0.0142771878645202,0.6115577054175999,0.837389429415699,0.3357114719686627,0.2204672040288478,69,716
1537,ESM-2 3B Sawhney,viral,Pooled Split,IAV_PA_Wu,3,0.0702965070378384,0.6184874098826152,0.8852312383203971,-0.0152360549853189,0.7128950615946246,1.2789070942622096,0.3179626007030744,0.1412410752385845,39,716
1538,ESM-2 3B Sawhney,viral,Pooled Split,IAV_PA_Wu,4,0.0401288568515745,0.6375173890927572,0.9339309420079523,0.0097205079100957,0.7145404170200065,1.161612171251606,0.2606206929089436,0.1332376299440058,22,716
1539,ESM-2 3B Sawhney,viral,Pooled Split,IAV_PA_Wu,5,0.0335883190357396,0.6543988603687523,1.0001319058931593,0.0131916914318043,0.6649161194938937,0.920966145739945,0.2423632437659302,0.1294751486962796,19,716
1540,ESM-2 3B Sawhney,viral,Pooled Split,CVB3_VP1_Alvarez,1,0.5495048889531547,0.5332110974452721,0.6720193914847651,0.3604950948527005,0.6306707413559859,0.7957218987475668,0.7107397018950321,0.5968146992244945,690,281
1541,ESM-2 3B Sawhney,viral,Pooled Split,CVB3_VP1_Alvarez,2,0.5329434793044239,0.5417075969393395,0.6819871031961001,0.3691858580881753,0.6421893129512417,0.8004779089209222,0.7021772835575798,0.6055828149654711,635,281
1542,ESM-2 3B Sawhney,viral,Pooled Split,CVB3_VP1_Alvarez,3,0.5309587933858526,0.543901089517359,0.6852491385190254,0.4184295101469227,0.6217864658889533,0.7606716659140365,0.7045799565292892,0.6364481270417803,646,281
1543,ESM-2 3B Sawhney,viral,Pooled Split,CVB3_VP1_Alvarez,4,0.5440282386240681,0.5331345082600742,0.6736641538170263,0.3877369808017741,0.6305611453567447,0.7896244463456007,0.7074067375023055,0.6257476298779828,681,281
1544,ESM-2 3B Sawhney,viral,Pooled Split,CVB3_VP1_Alvarez,5,0.5285544446145708,0.5502484528508248,0.6868221976305305,0.4010018391880505,0.6215084575044023,0.7730313952661587,0.7014505077091515,0.6371598105789356,633,281
1545,ESM-2 3B Sawhney,viral,Pooled Split,LASSA_GP_Carr,1,0.5423475394435731,0.5507751437225887,0.6771601600409558,0.4177690853616124,0.6146118245972552,0.759516221885861,0.733993721173283,0.6379697341231881,755,491
1546,ESM-2 3B Sawhney,viral,Pooled Split,LASSA_GP_Carr,2,0.5489262393469994,0.5440941169391905,0.6700085524664605,0.426460701475707,0.6086161855358994,0.7644713844289351,0.7367845072968783,0.6506383006156934,767,491
1547,ESM-2 3B Sawhney,viral,Pooled Split,LASSA_GP_Carr,3,0.5464208204539274,0.5478313955643763,0.6750004379802181,0.414009070869158,0.6111777614853411,0.7585044929636937,0.7350784812847979,0.6423364127744422,758,491
1548,ESM-2 3B Sawhney,viral,Pooled Split,LASSA_GP_Carr,4,0.5462083401349476,0.5461534409989417,0.6708673305758579,0.4215571931597248,0.6194742254485374,0.7728031406010094,0.7324946781840348,0.6497858446020822,762,491
1549,ESM-2 3B Sawhney,viral,Pooled Split,LASSA_GP_Carr,5,0.5477204444547001,0.5455508944890168,0.6720556053585727,0.4209227642803723,0.6107497587941493,0.762572742338458,0.7333578504604443,0.6614557511723533,785,491
1550,ESM-2 3B Sawhney,viral,Pooled Split,SARS2_BA1_SPIKE_Dadonaite,1,0.4889379206321592,0.5591665186326228,0.7163797667137157,0.3187300323962925,0.6379508481747757,0.8182747123468022,0.6432536641344108,0.5180876816663529,976,1249
1551,ESM-2 3B Sawhney,viral,Pooled Split,SARS2_BA1_SPIKE_Dadonaite,2,0.4883002854553492,0.5578007017046921,0.7132705813256867,0.3173121642802217,0.6499432783236617,0.8354355706770904,0.6403749801173771,0.5331840675964072,989,1249
1552,ESM-2 3B Sawhney,viral,Pooled Split,SARS2_BA1_SPIKE_Dadonaite,3,0.4883689424842369,0.5601195458632285,0.7159866304358073,0.292967199971075,0.6418180704032667,0.8374923187376206,0.6382673588401554,0.500327533667932,954,1249
1553,ESM-2 3B Sawhney,viral,Pooled Split,SARS2_BA1_SPIKE_Dadonaite,4,0.4732218842017414,0.5670079674290639,0.7272539007839405,0.2991262898750823,0.6436138810674078,0.8303586627251436,0.6322358297183812,0.5245335318490055,901,1249
1554,ESM-2 3B Sawhney,viral,Pooled Split,SARS2_BA1_SPIKE_Dadonaite,5,0.4746848921826694,0.5644789837612147,0.7238653803947578,0.3143931155383752,0.6446387070183907,0.8321049601218097,0.6372003429960938,0.5309146918717036,912,1249
1555,ESM-2 3B Sawhney,viral,Pooled Split,LAMBDA_HCP_Tsuboyama,1,0.9643729036732208,0.1433064032783026,0.1888760273011747,0.8810044811612063,0.2601731687657774,0.3438756052573082,0.9638912285269564,0.903838152693988,372,55
1556,ESM-2 3B Sawhney,viral,Pooled Split,LAMBDA_HCP_Tsuboyama,2,0.9692734322892004,0.1342064290542163,0.17711838729448,0.8685070532736118,0.2580562871437737,0.3468060509044687,0.9710089951004006,0.8768689357934208,373,55
1557,ESM-2 3B Sawhney,viral,Pooled Split,LAMBDA_HCP_Tsuboyama,3,0.969442303658577,0.1319820726188001,0.1745717798111471,0.8522195969795048,0.2845724621644618,0.3861709510980477,0.9710010566292612,0.88994148490716,382,55
1558,ESM-2 3B Sawhney,viral,Pooled Split,LAMBDA_HCP_Tsuboyama,4,0.9644770619032778,0.1403867502136255,0.1847316047160083,0.8597089895764868,0.2749996537062512,0.3916504606979008,0.9631178214134862,0.9360947976508616,356,55
1559,ESM-2 3B Sawhney,viral,Pooled Split,LAMBDA_HCP_Tsuboyama,5,0.9577097007937077,0.1537008342925436,0.2026434406693195,0.8707616815600806,0.2710299075461594,0.3797540052888994,0.9596746501988744,0.9037634752737728,309,55
1560,ESM-2 3B Sawhney,viral,Pooled Split,CVB3_2B_Alvarez,1,0.7650355631934007,0.385890537535308,0.4860191264381889,0.5574335183175639,0.5075044389544011,0.6579783024002157,0.873554914310966,0.7612760222765537,476,99
1561,ESM-2 3B Sawhney,viral,Pooled Split,CVB3_2B_Alvarez,2,0.7472889747288686,0.3984801063203313,0.5021288454659268,0.5295103336342504,0.5430897708715673,0.6890006671471752,0.8662351754993386,0.7426719265790396,395,99
1562,ESM-2 3B Sawhney,viral,Pooled Split,CVB3_2B_Alvarez,3,0.7624935625486385,0.3862344949357433,0.4857631395378927,0.5447870211382354,0.5390526938145572,0.6833699371327843,0.8703127787982502,0.7568833402789167,444,99
1563,ESM-2 3B Sawhney,viral,Pooled Split,CVB3_2B_Alvarez,4,0.7656330310492164,0.3849057768679398,0.484684187423118,0.5934024954572699,0.506485607889912,0.6343415743110803,0.8730077297226609,0.7853100603638504,492,99
1564,ESM-2 3B Sawhney,viral,Pooled Split,CVB3_2B_Alvarez,5,0.761055894921296,0.3900638924469132,0.4881884283812336,0.527500737513858,0.5441359692099136,0.684676816692372,0.8721110047624822,0.7364215675123703,417,99
1565,ESM-2 3B Sawhney,viral,Pooled Split,CVB3_3B_Alvarez,1,0.8335773328702116,0.3233697783555679,0.4079191062495626,0.5171178873771299,0.5259384397760455,0.6905527589201735,0.8495254510501461,0.7077938987610239,136,22
1566,ESM-2 3B Sawhney,viral,Pooled Split,CVB3_3B_Alvarez,2,0.7767757544652616,0.3884957384155971,0.4815301223619487,0.4850444526574846,0.5029061701264101,0.6248749241663063,0.8589501833289072,0.6734257550020022,122,22
1567,ESM-2 3B Sawhney,viral,Pooled Split,CVB3_3B_Alvarez,3,0.825586240717256,0.3336148205096771,0.4183001174214558,0.5676121662287494,0.5202171790127368,0.6481048048085666,0.8660661447754643,0.717651719141874,137,22
1568,ESM-2 3B Sawhney,viral,Pooled Split,CVB3_3B_Alvarez,4,0.8997473184685824,0.2546075163420252,0.3193175425730464,0.5247690388545712,0.488962649503442,0.6652195977415987,0.8747384581989782,0.7287104613432325,181,22
1569,ESM-2 3B Sawhney,viral,Pooled Split,CVB3_3B_Alvarez,5,0.8749556524198234,0.2707495689687936,0.3499125888297681,0.5454590972621691,0.5557530142829616,0.6989411642782959,0.8623182883200843,0.7402022884714605,151,22
1570,ESM-2 3B Sawhney,viral,Pooled Split,HIV1_BF520_ENV_Haddox,1,0.6029575449492494,0.5020230108041187,0.6286633632202895,0.4911198059217124,0.5731596576612304,0.719825429800424,0.7868330133715207,0.706772616221032,1141,852
1571,ESM-2 3B Sawhney,viral,Pooled Split,HIV1_BF520_ENV_Haddox,2,0.6071745260858818,0.5011951579366816,0.6266877849942092,0.4658553895265129,0.5812660018466055,0.7311526017376829,0.7892859656837514,0.6937162113058791,1150,852
1572,ESM-2 3B Sawhney,viral,Pooled Split,HIV1_BF520_ENV_Haddox,3,0.6007350246984848,0.5047189071863167,0.6312018596586931,0.5011444300977337,0.5666498256544392,0.7092271247763157,0.7866456600591283,0.7190688847831316,1189,852
1573,ESM-2 3B Sawhney,viral,Pooled Split,HIV1_BF520_ENV_Haddox,4,0.6012574507718766,0.5038505540071,0.6309028092897582,0.4995846902381932,0.5619997919746352,0.7098721128068249,0.7858689586072451,0.7132976201868759,1170,852
1574,ESM-2 3B Sawhney,viral,Pooled Split,HIV1_BF520_ENV_Haddox,5,0.6057608208243588,0.502956490212446,0.6300320267307746,0.4668356777966139,0.5710112578226892,0.719849508252604,0.7879362063232299,0.6964351825629219,1133,852
1575,ESM-2 3B Sawhney,viral,Pooled Split,SARS2_PLPRO_abundance_Wu,1,0.5933580071232634,0.4928053103176761,0.6281275979475194,0.3910488873814723,0.6455536455741866,0.8254722396079767,0.7844519347146083,0.6403118429918954,781,316
1576,ESM-2 3B Sawhney,viral,Pooled Split,SARS2_PLPRO_abundance_Wu,2,0.5827298966370575,0.5080072271531221,0.643101512011531,0.3857901612304006,0.6227931121007609,0.7968390964184526,0.7755258724212905,0.6447852995258241,727,316
1577,ESM-2 3B Sawhney,viral,Pooled Split,SARS2_PLPRO_abundance_Wu,3,0.5919523287965293,0.5021881171304431,0.6376909462033892,0.4122548021805995,0.6144691448661849,0.7718662318683246,0.7831816182096618,0.6550378987340956,760,316
1578,ESM-2 3B Sawhney,viral,Pooled Split,SARS2_PLPRO_abundance_Wu,4,0.5743369652628874,0.5163051072240977,0.6545584979984164,0.346813496364091,0.6091842632325968,0.7972184071794796,0.7714457101584828,0.6309278962978747,700,316
1579,ESM-2 3B Sawhney,viral,Pooled Split,SARS2_PLPRO_abundance_Wu,5,0.5482206572802485,0.52802718642765,0.6693029559736575,0.4028078310610442,0.6211271997300413,0.7857166257335343,0.754532097513864,0.6471830373591341,628,316
1580,ESM-2 3B Sawhney,viral,Pooled Split,IAV_H1_HA_Wu,1,0.0717484624049886,0.445237585140455,0.9900223061654,0.0373630066177819,0.4537745042070062,0.8640074945869645,0.4043002494370514,0.337089877815993,41,565
1581,ESM-2 3B Sawhney,viral,Pooled Split,IAV_H1_HA_Wu,2,0.0823011189709767,0.4095116217323458,0.8090754516950497,0.0293537098719446,0.5154671967207602,1.4394205842275705,0.4025425989818835,0.3832458825367806,57,565
1582,ESM-2 3B Sawhney,viral,Pooled Split,IAV_H1_HA_Wu,3,0.0867561589350387,0.4353628822547386,0.9453883517466602,0.0304690261859803,0.4682758061263339,1.0257415413200264,0.4184468232859927,0.3315034238702214,52,565
1583,ESM-2 3B Sawhney,viral,Pooled Split,IAV_H1_HA_Wu,4,0.0738671982767278,0.433642925434003,0.9726137116320006,0.051519429299953,0.4670938227395522,0.9306449657210212,0.4033435875518079,0.381238003551452,44,565
1584,ESM-2 3B Sawhney,viral,Pooled Split,IAV_H1_HA_Wu,5,0.0630966260524313,0.4388522925820581,0.9854384416153052,0.0344263723855444,0.4649340519006752,0.9076462752268216,0.3953897491722798,0.3720532655016406,32,565
1585,ESM-2 3B Sawhney,viral,Pooled Split,RmYN02_RBD_Starr,1,0.3178210438749285,0.3982478198039045,0.8449672581771055,0.1473948067222305,0.4424292702472174,0.8324564867717154,0.6068899197473069,0.481270517578292,261,491
1586,ESM-2 3B Sawhney,viral,Pooled Split,RmYN02_RBD_Starr,2,0.3795855461804593,0.3739422818512705,0.7952233842373228,0.0994619862835916,0.4193707230248099,0.9107720510183036,0.642325196377581,0.5576357310504378,374,491
1587,ESM-2 3B Sawhney,viral,Pooled Split,RmYN02_RBD_Starr,3,0.3591002164084312,0.3778186741035706,0.8168748654558682,0.2348255797393952,0.4191434065371822,0.7993690063514065,0.6340627458373436,0.5738284087765568,362,491
1588,ESM-2 3B Sawhney,viral,Pooled Split,RmYN02_RBD_Starr,4,0.372176533668266,0.3795368426255308,0.8082089440490047,0.2087610169365497,0.4142465129861766,0.8144838814907499,0.6355944733757944,0.5471127034991247,381,491
1589,ESM-2 3B Sawhney,viral,Pooled Split,RmYN02_RBD_Starr,5,0.4479533908874074,0.3584404579771765,0.7343872314542852,0.1073768132176111,0.446156041816144,0.9871151575888056,0.6619992454131621,0.4733572056374846,446,491
1590,ESM-2 3B Sawhney,viral,Pooled Split,CVB3_VP3_Alvarez,1,0.462815310561917,0.5605851374935591,0.7339197867146554,0.3682938794626441,0.6071104319102778,0.7904798690479322,0.619390803491902,0.5751684603572005,493,238
1591,ESM-2 3B Sawhney,viral,Pooled Split,CVB3_VP3_Alvarez,2,0.4945019259812663,0.5376984482518915,0.7055814425824611,0.349866441520902,0.6462511281515085,0.8296878778991755,0.627737001211861,0.565899331003258,584,238
1592,ESM-2 3B Sawhney,viral,Pooled Split,CVB3_VP3_Alvarez,3,0.4768785657798778,0.5595524626531334,0.72902988713485,0.3174755818823116,0.6123791233529342,0.7988038187532418,0.6270739035079193,0.5422248645378863,511,238
1593,ESM-2 3B Sawhney,viral,Pooled Split,CVB3_VP3_Alvarez,4,0.5067549750499303,0.5366782537281046,0.7053711686181989,0.3878991352966496,0.5974253178963892,0.7685269627124565,0.6354985850693525,0.580991589178473,611,238
1594,ESM-2 3B Sawhney,viral,Pooled Split,CVB3_VP3_Alvarez,5,0.4916006973074387,0.5437260498146513,0.7126521706484317,0.3397596846904933,0.6301585477582525,0.8141561636630648,0.6243364874257343,0.5661895247421085,567,238
1595,ESM-2 3B Sawhney,viral,Pooled Split,SARS2_DELTA_SPIKE_Dadonaite,1,0.0437362737104396,0.4030637111884272,0.9824388019960352,0.0253204900366631,0.4040623265370083,0.9686671365037762,0.2408218838068868,0.2289224686796343,44,1250
1596,ESM-2 3B Sawhney,viral,Pooled Split,SARS2_DELTA_SPIKE_Dadonaite,2,0.0553657902708087,0.4073463895404447,1.0032714271756806,0.018737182433874,0.3989640327959431,0.8508102558570411,0.2479880086078226,0.1748994178386679,47,1250
1597,ESM-2 3B Sawhney,viral,Pooled Split,SARS2_DELTA_SPIKE_Dadonaite,3,0.0787156576769995,0.3861010234068898,0.8858792098956022,0.0241879686053468,0.4125328933944938,1.2465248375247224,0.2994568561840948,0.2568880879672724,129,1250
1598,ESM-2 3B Sawhney,viral,Pooled Split,SARS2_DELTA_SPIKE_Dadonaite,4,0.0489187888815593,0.4051299733562717,1.0121516873409488,0.0232694882857779,0.4043323577530495,0.8218424836461347,0.2361184825443388,0.1970818838206621,38,1250
1599,ESM-2 3B Sawhney,viral,Pooled Split,SARS2_DELTA_SPIKE_Dadonaite,5,0.0486410007485955,0.4055104830697876,1.0177253272884157,0.0310267532615159,0.391013831480642,0.7906984743743684,0.2420099078080104,0.2557207538208868,42,1250
1600,ESM-2 3B Sawhney,viral,Pooled Split,CVB3_2A_Alvarez,1,0.8647060083194065,0.2787482415272232,0.371529050009164,0.6942985082020878,0.3889629814956635,0.527165057212007,0.8526489243308997,0.7571115125349178,646,150
1601,ESM-2 3B Sawhney,viral,Pooled Split,CVB3_2A_Alvarez,2,0.8625940218457576,0.2800739871895232,0.3718672928634393,0.6719318159445984,0.4052390152445587,0.5652736801563706,0.8502741536789125,0.7662783435195849,629,150
1602,ESM-2 3B Sawhney,viral,Pooled Split,CVB3_2A_Alvarez,3,0.8612010669343437,0.2832672553704016,0.3748791509456983,0.6846813367855649,0.3986274488055212,0.5473126730504936,0.8516051747507438,0.7587093449859981,599,150
1603,ESM-2 3B Sawhney,viral,Pooled Split,CVB3_2A_Alvarez,4,0.8566635034174704,0.2900106669933186,0.3809647476942374,0.7592956414340691,0.3556403397247599,0.4780734350667774,0.851452501238528,0.7874598182868187,635,150
1604,ESM-2 3B Sawhney,viral,Pooled Split,CVB3_2A_Alvarez,5,0.8537984468948683,0.2856963797339056,0.380239014657515,0.7256298372568285,0.4026872740838894,0.535262997212198,0.8461607303891063,0.7888313864922726,603,150
1605,ESM-2 3B Sawhney,viral,Pooled Split,SARS2_XBB15_RBD_Taylor,1,0.7219551272261218,0.4030029272260625,0.5256683740924563,0.4937557763925777,0.5315622878721065,0.719136193960461,0.7046611726476275,0.6114391247573143,674,201
1606,ESM-2 3B Sawhney,viral,Pooled Split,SARS2_XBB15_RBD_Taylor,2,0.7192649873555423,0.4080995494242717,0.5336322649820027,0.490857282537136,0.5132159836598269,0.6920410978141859,0.7202355252802652,0.5918753483055769,648,201
1607,ESM-2 3B Sawhney,viral,Pooled Split,SARS2_XBB15_RBD_Taylor,3,0.712550950964062,0.4143014222879784,0.5362444052081343,0.523541636868269,0.5242427201962255,0.6897336337347221,0.7140747852130361,0.5963722044444075,636,201
1608,ESM-2 3B Sawhney,viral,Pooled Split,SARS2_XBB15_RBD_Taylor,4,0.6945507842791678,0.4193462335871092,0.5502155457641612,0.4663775698373333,0.5692885577691376,0.7433396995534882,0.7014017894973505,0.5861419264198928,559,201
1609,ESM-2 3B Sawhney,viral,Pooled Split,SARS2_XBB15_RBD_Taylor,5,0.7433595449601421,0.3929816566570739,0.5131195212418144,0.5104515504973796,0.4998821149274751,0.6616680998164116,0.723423277262769,0.6145807160086694,777,201
1610,ESM-2 3B Sawhney,viral,Pooled Split,CVB3_3A_Alvarez,1,0.750511992238768,0.400426466481823,0.4978074125794177,0.5554640054778791,0.5373768546151054,0.6756325382110442,0.8574276946034108,0.7576742830565659,381,89
1611,ESM-2 3B Sawhney,viral,Pooled Split,CVB3_3A_Alvarez,2,0.7480260422342639,0.4066418528088468,0.5013539617875244,0.5350722280351092,0.5519044867873211,0.6848842076068294,0.8537395412635708,0.7381511186091988,342,89
1612,ESM-2 3B Sawhney,viral,Pooled Split,CVB3_3A_Alvarez,3,0.7229276569146452,0.4284736838797328,0.5266389304860829,0.556989567775185,0.5349882394115306,0.6641451878321482,0.8467979207345757,0.7554951423156246,310,89
1613,ESM-2 3B Sawhney,viral,Pooled Split,CVB3_3A_Alvarez,4,0.7758811621790419,0.3815807114743039,0.4737618985443477,0.58661045175291,0.5044911248182148,0.6410462492849105,0.8620473785028101,0.7758567652101043,425,89
1614,ESM-2 3B Sawhney,viral,Pooled Split,CVB3_3A_Alvarez,5,0.7353938718943963,0.4177585878518062,0.513405565140023,0.5696047280579267,0.5368138073449225,0.6610860626480707,0.8552706029359426,0.7714454117579793,323,89
1615,ESM-2 3B Sawhney,viral,Pooled Split,IAV_H5_HA_Dadonaite,1,0.6788557920296443,0.4496826383801717,0.5659428489006957,0.5576146134413148,0.5273262312803477,0.6686416522208318,0.8059730340379958,0.7368205088636017,1338,567
1616,ESM-2 3B Sawhney,viral,Pooled Split,IAV_H5_HA_Dadonaite,2,0.682501211903489,0.4475469751034461,0.5640195299406633,0.5353710037481163,0.5381739266301422,0.6787785756104001,0.8063745352274934,0.7309697222764716,1341,567
1617,ESM-2 3B Sawhney,viral,Pooled Split,IAV_H5_HA_Dadonaite,3,0.6781120370877569,0.4532442796330203,0.5681096835930114,0.5378252923330317,0.534045755508257,0.6754623597722407,0.8058634036618709,0.7225160465710148,1282,567
1618,ESM-2 3B Sawhney,viral,Pooled Split,IAV_H5_HA_Dadonaite,4,0.6735237978638293,0.4533531258590062,0.5705485352069567,0.5453142560381232,0.5376504755639712,0.6782179540121628,0.8045780070875732,0.7223305954490368,1273,567
1619,ESM-2 3B Sawhney,viral,Pooled Split,IAV_H5_HA_Dadonaite,5,0.6792573436591263,0.4503633373246163,0.565803870522659,0.556645349923894,0.5272495997623144,0.6682803417782962,0.8079366463191158,0.7251680031816077,1340,567
1620,ESM-2 3B Sawhney,viral,Pooled Split,SARS2_MRPO_Flynn,1,0.8059834396129162,0.3359366807620061,0.4391593885794682,0.6587276617078419,0.4497576944997556,0.5908856820331729,0.8234493081732279,0.7698364190902122,865,306
1621,ESM-2 3B Sawhney,viral,Pooled Split,SARS2_MRPO_Flynn,2,0.7964128930131211,0.3461538352889172,0.4512847016683977,0.6676082750159275,0.4348820606899108,0.5760916831364404,0.8204544284300561,0.7534201686194187,821,306
1622,ESM-2 3B Sawhney,viral,Pooled Split,SARS2_MRPO_Flynn,3,0.8024649427568771,0.3401782099471526,0.4431983208452592,0.6736102697010695,0.4441763570131902,0.5776093993189576,0.8211369757068145,0.7728512550402334,839,306
1623,ESM-2 3B Sawhney,viral,Pooled Split,SARS2_MRPO_Flynn,4,0.7951382584953033,0.3500648256870686,0.454761016657548,0.6856900234261003,0.4162355517661588,0.5492335973741553,0.823162744257274,0.7639810337128521,838,306
1624,ESM-2 3B Sawhney,viral,Pooled Split,SARS2_MRPO_Flynn,5,0.8021225921294032,0.3414379560281987,0.4459908681007839,0.6493487997940819,0.4430003471057311,0.5859504251036717,0.8179985738900196,0.7805029420384139,860,306
1625,ESM-2 3B Sawhney,viral,Pooled Split,CVB3_3C_Alvarez,1,0.704974790520135,0.4322048368596506,0.5446655718157114,0.5910107938742613,0.5082818789405653,0.6321993760398835,0.7806760626753791,0.7245835121056832,485,183
1626,ESM-2 3B Sawhney,viral,Pooled Split,CVB3_3C_Alvarez,2,0.7152289186954989,0.4228740602131749,0.5339836705943594,0.6305090881872171,0.4935419582974872,0.6062158279801226,0.7830898037077212,0.7423494719279087,556,183
1627,ESM-2 3B Sawhney,viral,Pooled Split,CVB3_3C_Alvarez,3,0.7295121413485466,0.4151224256233455,0.5242280013534046,0.5723609494847679,0.5009041305227654,0.6319774392267931,0.7868096832697437,0.7136121742040273,567,183
1628,ESM-2 3B Sawhney,viral,Pooled Split,CVB3_3C_Alvarez,4,0.742755153483543,0.4024754717256582,0.5068271366791339,0.5715768077255978,0.5182640141082208,0.6563751546800957,0.7877291630145563,0.7191476312556375,624,183
1629,ESM-2 3B Sawhney,viral,Pooled Split,CVB3_3C_Alvarez,5,0.6979048666196355,0.433066666138597,0.5461016049128163,0.5960530262120185,0.5171252676443293,0.6508199447694046,0.7743302026765944,0.7370626049143126,499,183
1630,ESM-2 3B Sawhney,viral,Pooled Split,CVB3_2C_Alvarez,1,0.6976905997256444,0.4396356209660265,0.5495159289308037,0.5482699740898891,0.5425486153332514,0.6735878235220372,0.8124582900819148,0.7447257397436853,958,329
1631,ESM-2 3B Sawhney,viral,Pooled Split,CVB3_2C_Alvarez,2,0.6855164728261667,0.4495122466886309,0.5605166505505235,0.5566093191896453,0.5438963588904798,0.6671167148732539,0.8083028636040547,0.7487874330817211,877,329
1632,ESM-2 3B Sawhney,viral,Pooled Split,CVB3_2C_Alvarez,3,0.6814317858321504,0.4514497041613735,0.5622697798954444,0.5577190536022143,0.5438741476231806,0.6748337954509616,0.8075249849406376,0.7406680491004003,865,329
1633,ESM-2 3B Sawhney,viral,Pooled Split,CVB3_2C_Alvarez,4,0.6842022458169879,0.4520239778725533,0.5627592454072343,0.5389769118014243,0.544015242834757,0.6743957744679525,0.8117788964629852,0.7251758143642688,849,329
1634,ESM-2 3B Sawhney,viral,Pooled Split,CVB3_2C_Alvarez,5,0.688753416321666,0.4488654053043169,0.5602084810294097,0.5264933969290689,0.5498577119297079,0.6761758448847516,0.8097260043554652,0.7355946611734763,868,329
1635,ESM-2 3B Sawhney,viral,Pooled Split,IAV_H1_HA_Doud,1,0.6865182408856424,0.4438991336333968,0.5600895736311086,0.545637382793156,0.5355740742787984,0.6731052846720453,0.8372007420968758,0.7553629785243912,1323,565
1636,ESM-2 3B Sawhney,viral,Pooled Split,IAV_H1_HA_Doud,2,0.6815170984594752,0.4500496263157624,0.5669916982832013,0.5596861716683732,0.5123239329938422,0.6505163388077745,0.8361948063333766,0.7655619256597967,1318,565
1637,ESM-2 3B Sawhney,viral,Pooled Split,IAV_H1_HA_Doud,3,0.6932052859347395,0.439960785757666,0.5542375460179613,0.5541139255747798,0.5327999652656584,0.6659834372802903,0.8421252702604084,0.7607612562090684,1387,565
1638,ESM-2 3B Sawhney,viral,Pooled Split,IAV_H1_HA_Doud,4,0.6809459295423972,0.449718447995782,0.565685963717006,0.5633699221908068,0.5160918635532679,0.6568065045211546,0.835212901730501,0.7684639728356613,1290,565
1639,ESM-2 3B Sawhney,viral,Pooled Split,IAV_H1_HA_Doud,5,0.6813908304752168,0.4479239213651024,0.563483532884463,0.5568557863913283,0.5286738848833091,0.6701604729302787,0.8359646077469018,0.7638891694576488,1275,565
1640,ESM-2 3B Sawhney,viral,Pooled Split,BPP22_COAT_Tsuboyama,1,0.9240119096901196,0.1920184558244609,0.2754492853511003,0.8464141685241078,0.2775323724493008,0.393083541519506,0.949247636874358,0.8875137773578964,191,40
1641,ESM-2 3B Sawhney,viral,Pooled Split,BPP22_COAT_Tsuboyama,2,0.8876984258372773,0.2366191752005208,0.3407764266920415,0.8492825657487243,0.271081492593488,0.36023121402795,0.9289488666632342,0.9088253818296332,133,40
1642,ESM-2 3B Sawhney,viral,Pooled Split,BPP22_COAT_Tsuboyama,3,0.9077459597785404,0.2134811165366645,0.3080558787552725,0.804733949281922,0.2894742851553415,0.4139068845776977,0.9429001891010094,0.8826011651708391,156,40
1643,ESM-2 3B Sawhney,viral,Pooled Split,BPP22_COAT_Tsuboyama,4,0.937142632861134,0.1652894402014984,0.2390001134502849,0.7872674212369024,0.3748550487890164,0.5380666288974448,0.9552902684492334,0.8920248779719728,216,40
1644,ESM-2 3B Sawhney,viral,Pooled Split,BPP22_COAT_Tsuboyama,5,0.9247665393266692,0.1921479514940986,0.2734436365884128,0.816774240001893,0.2934081317379845,0.4274219057228995,0.9471521420298068,0.9188434892142968,200,40
1645,ESM-2 3B Sawhney,viral,Pooled Split,HIV1_HV1B9_ENV_DuenasDecamp,1,0.3842132454828436,0.5757061934733146,0.7894516361416749,0.1100277214731396,0.6538787217146844,0.9201172164296628,0.6176283554181085,0.2389394133691278,24,853
1646,ESM-2 3B Sawhney,viral,Pooled Split,HIV1_HV1B9_ENV_DuenasDecamp,2,0.4502169554687026,0.4867376690492226,0.6882824979698843,0.1869052439766599,0.8250080260731791,1.095191621520928,0.6034613009568972,0.4926598625054407,45,853
1647,ESM-2 3B Sawhney,viral,Pooled Split,HIV1_HV1B9_ENV_DuenasDecamp,3,0.4152109651295215,0.5934401564849621,0.7962279972283638,-0.2059430049602115,0.6212557324310736,0.8492855438715242,0.6284875704378471,0.3063811954638823,34,853
1648,ESM-2 3B Sawhney,viral,Pooled Split,HIV1_HV1B9_ENV_DuenasDecamp,4,0.3690943571453815,0.5835146992041954,0.7977012716988864,0.2701827160621908,0.6206591486703656,0.8377018786265382,0.5845426485523919,0.4504505622046066,28,853
1649,ESM-2 3B Sawhney,viral,Pooled Split,HIV1_HV1B9_ENV_DuenasDecamp,5,0.4891562028637264,0.537617857794993,0.7340119213649522,-0.0420343629595321,0.6711396629087235,0.8970836070297887,0.6239952207337566,0.446219814842959,50,853
1650,ESM-2 3B Sawhney,viral,Pooled Split,IAV_H3_NP_Doud,1,0.5594632357064424,0.5151764527857382,0.659384945993197,0.4025880910109892,0.6173474904859242,0.7923004064126831,0.7332251244651342,0.607470393349996,1321,498
1651,ESM-2 3B Sawhney,viral,Pooled Split,IAV_H3_NP_Doud,2,0.5349559069488142,0.532310336374149,0.680643076923701,0.3765929155360393,0.6169833919412765,0.7951435911611042,0.7164329320903069,0.6005940906286497,1132,498
1652,ESM-2 3B Sawhney,viral,Pooled Split,IAV_H3_NP_Doud,3,0.5536825830761649,0.5227247068605758,0.668598845502164,0.3593189432896553,0.6191158626013225,0.7978440541190011,0.7287943148549124,0.5849796921986344,1228,498
1653,ESM-2 3B Sawhney,viral,Pooled Split,IAV_H3_NP_Doud,4,0.5504408498147513,0.5247152216612385,0.6695284355756614,0.3576243965627681,0.6283028947481055,0.8060708105413047,0.7285937948905741,0.5759239220964673,1184,498
1654,ESM-2 3B Sawhney,viral,Pooled Split,IAV_H3_NP_Doud,5,0.5510141134947633,0.5245327620778647,0.6705000380495976,0.4024420461202574,0.6051317341321675,0.7709412224060556,0.7292027498072183,0.6087346217422153,1249,498
1655,ESM-2 3B Sawhney,viral,Pooled Split,CVB3_POLG_Mattenberger,1,0.496292637423337,0.5480428924788376,0.7061613938839866,0.4009973070712639,0.6206526156307727,0.7891485786369431,0.6919033028360448,0.6201886217410248,1170,2185
1656,ESM-2 3B Sawhney,viral,Pooled Split,CVB3_POLG_Mattenberger,2,0.498241619834696,0.5517428569745392,0.709353223052529,0.3901501107423446,0.6067506753746091,0.7757374393208997,0.6935669027746245,0.6062435923142516,1194,2185
1657,ESM-2 3B Sawhney,viral,Pooled Split,CVB3_POLG_Mattenberger,3,0.4962262074223679,0.548105041541754,0.7063048193898362,0.4099001273608034,0.6171923993977814,0.7829442268444987,0.6941027598445776,0.6162475710410448,1208,2185
1658,ESM-2 3B Sawhney,viral,Pooled Split,CVB3_POLG_Mattenberger,4,0.4979302980537921,0.5493141596095039,0.7063363365881347,0.4035358859500384,0.612995448490951,0.781965158807615,0.6924476146928854,0.6244082582072067,1203,2185
1659,ESM-2 3B Sawhney,viral,Pooled Split,CVB3_POLG_Mattenberger,5,0.4997968443895284,0.5467846849350936,0.7033493264651517,0.3859533563058899,0.6247476653067121,0.8003958910649702,0.6911513985278225,0.613927218681704,1223,2185
1660,ESM-2 3B Sawhney,viral,Pooled Split,IAV_RDRP_Li,1,0.4607598093891493,0.5887009410985894,0.7365582258839521,0.3134068919068798,0.6595061616679796,0.8184612392355091,0.6781543570815683,0.551643863554775,1117,757
1661,ESM-2 3B Sawhney,viral,Pooled Split,IAV_RDRP_Li,2,0.4611060446051253,0.5892367083797029,0.7368918108080061,0.293039158845503,0.6653930933907531,0.8276360711462944,0.6752836179740954,0.5374048744256515,1139,757
1662,ESM-2 3B Sawhney,viral,Pooled Split,IAV_RDRP_Li,3,0.4616835181207496,0.5865391017338354,0.7345874507940708,0.3171310925197543,0.6612039231509494,0.8220734225422515,0.6749123518167426,0.564135590683639,1129,757
1663,ESM-2 3B Sawhney,viral,Pooled Split,IAV_RDRP_Li,4,0.4688275925770685,0.5829354724389909,0.7313974839501527,0.3220646849998119,0.6527172517762975,0.8113572442767949,0.6786677596222302,0.5663873402150101,1184,757
1664,ESM-2 3B Sawhney,viral,Pooled Split,IAV_RDRP_Li,5,0.4470971707303083,0.5957551189153005,0.7436820352505114,0.3165027386464936,0.6641734258651013,0.8259831989542522,0.6658670659116652,0.5649240757722113,1066,757
1665,ESM-2 3B Sawhney,viral,Pooled Split,IAV_PB2_Soh,1,0.4936081262555288,0.4812117548516487,0.7310634650384343,0.3192475427088407,0.5385337173664119,0.7272552867956553,0.6887861437810834,0.5900867613498794,1445,759
1666,ESM-2 3B Sawhney,viral,Pooled Split,IAV_PB2_Soh,2,0.4925011383661113,0.4802117445650661,0.7242824446450365,0.3207715113209914,0.5441347905541671,0.766096492661321,0.6928285544727721,0.5780023062801973,1439,759
1667,ESM-2 3B Sawhney,viral,Pooled Split,IAV_PB2_Soh,3,0.4926227710557564,0.4756704748384991,0.7150734633827852,0.3522141310259575,0.5447662352920153,0.792198799911677,0.6889076771755767,0.6080739686948534,1474,759
1668,ESM-2 3B Sawhney,viral,Pooled Split,IAV_PB2_Soh,4,0.4762503222427127,0.481292202015652,0.7308362295470049,0.3542088694616303,0.5373502908360989,0.7711351555362483,0.6853988753676284,0.6076153171405215,1358,759
1669,ESM-2 3B Sawhney,viral,Pooled Split,IAV_PB2_Soh,5,0.4865464308271418,0.466021856323413,0.6880572895177475,0.3354855039804856,0.5456567597828799,0.9331433992618045,0.70337507548444,0.6218173480633777,1426,759
1670,ESM-2 3B Sawhney,viral,Pooled Split,IAV_H1_NP_Doud,1,0.3965752316862228,0.6154474924705766,0.7770195132042655,0.2117176272709929,0.7070751423111746,0.8868679728681516,0.6389132919642286,0.4807393795007436,841,498
1671,ESM-2 3B Sawhney,viral,Pooled Split,IAV_H1_NP_Doud,2,0.3592972405090745,0.6343510114566802,0.7977581119609365,0.2454053615418547,0.6852620951914973,0.8794440410188373,0.6090362533300463,0.5165526886383114,707,498
1672,ESM-2 3B Sawhney,viral,Pooled Split,IAV_H1_NP_Doud,3,0.409882460091483,0.6106439463005449,0.7701260090691932,0.2327941143660966,0.692196453597681,0.8666096969920587,0.6521246062688252,0.4829579211544136,949,498
1673,ESM-2 3B Sawhney,viral,Pooled Split,IAV_H1_NP_Doud,4,0.3620075390245326,0.6355027426556128,0.800979027162725,0.2368700099092533,0.6842072670984778,0.8636892925731046,0.6071278731251188,0.4960825780062322,719,498
1674,ESM-2 3B Sawhney,viral,Pooled Split,IAV_H1_NP_Doud,5,0.3330045686964957,0.6462904107350282,0.8172108687512094,0.1863700988806164,0.7234902916011472,0.8997374781910689,0.5895991492318214,0.4436163424376053,550,498
1675,ESM-2 3B Sawhney,viral,Pooled Split,EV_CAPSD_Bakhache,1,0.3586700281934376,0.6440471280668363,0.804289882937012,0.2428326245718992,0.6817549597226809,0.854919372550095,0.6017078739632317,0.491764955104245,1246,862
1676,ESM-2 3B Sawhney,viral,Pooled Split,EV_CAPSD_Bakhache,2,0.3488770294635268,0.6451551863840876,0.8070837150122668,0.2222720681553301,0.7074753860651536,0.8810467200976325,0.5920654685697938,0.4860766734477431,1105,862
1677,ESM-2 3B Sawhney,viral,Pooled Split,EV_CAPSD_Bakhache,3,0.3566882711986144,0.6415647651183988,0.8035221382697387,0.235403641352356,0.6992850149526858,0.8678619224634659,0.6000116344539469,0.4782612665538105,1177,862
1678,ESM-2 3B Sawhney,viral,Pooled Split,EV_CAPSD_Bakhache,4,0.3603178996999177,0.6431252881231038,0.8047908073922039,0.219181104325751,0.6941312931837943,0.8609897488191773,0.603158156605445,0.4746208412038702,1207,862
1679,ESM-2 3B Sawhney,viral,Pooled Split,EV_CAPSD_Bakhache,5,0.3299655073304447,0.6518478100962106,0.8166841962807013,0.2312889905084314,0.7084903173166994,0.8845705206508314,0.5805417066239312,0.484883583939621,1004,862
1680,ESM-2 3B Sawhney,viral,Pooled Split,IAV_H3_HA_Lee,1,0.669803394151121,0.4546709446378076,0.5732581077934124,0.5497057709028148,0.5315933380344031,0.6773963011658305,0.8272453971706967,0.7519688125706766,1232,566
1681,ESM-2 3B Sawhney,viral,Pooled Split,IAV_H3_HA_Lee,2,0.6632729973696824,0.4592751201197187,0.5800624813964185,0.5489949346295572,0.5361900975357065,0.6725130578099785,0.822734853783573,0.7481225430263942,1233,566
1682,ESM-2 3B Sawhney,viral,Pooled Split,IAV_H3_HA_Lee,3,0.6660268426237923,0.4565451579817606,0.5764074002411281,0.5461815055413237,0.5391955720489018,0.6805845053567046,0.8228451026472997,0.7583340132325761,1218,566
1683,ESM-2 3B Sawhney,viral,Pooled Split,IAV_H3_HA_Lee,4,0.6638803850763856,0.4595237763667933,0.5795299544502921,0.5585622944998743,0.5328216902771326,0.6652358043292623,0.8229694062930865,0.7615684987110292,1204,566
1684,ESM-2 3B Sawhney,viral,Pooled Split,IAV_H3_HA_Lee,5,0.6620677535614765,0.4616541745053739,0.5810302471351189,0.5647837234578712,0.5217952362023361,0.661014826976617,0.8220298022637131,0.7627638574225519,1189,566
1685,ESM-2 3B Sawhney,viral,Site Split,CVB3_POLG_Mattenberger,1,0.2676743995609225,0.6740858149861405,0.8569414790366687,0.1975086313561301,0.7046958988242608,0.8898451897729878,0.5207957379233616,0.455766765540963,147,2185
1686,ESM-2 3B Sawhney,viral,Site Split,CVB3_POLG_Mattenberger,2,0.2684650480605741,0.6879909904631719,0.8692835948964118,0.1363330623261445,0.6800380374413503,0.8595765162871236,0.5218182243255665,0.3997820120053198,133,2185
1687,ESM-2 3B Sawhney,viral,Site Split,CVB3_POLG_Mattenberger,3,0.1910429897503737,0.7115644488087253,0.9011565642519476,0.1890127267958267,0.7102265586928327,0.8932111590273721,0.453763557221711,0.4507257670481817,64,2185
1688,ESM-2 3B Sawhney,viral,Site Split,CVB3_POLG_Mattenberger,4,0.2860199564167198,0.6674805036808329,0.8510824657534908,0.1530836134947472,0.7202751379568069,0.8930321494788043,0.5402315264725945,0.4083061293490523,157,2185
1689,ESM-2 3B Sawhney,viral,Site Split,CVB3_POLG_Mattenberger,5,0.2266079795015846,0.6945486838050963,0.8777133868441939,0.2155080222802697,0.6964127474849622,0.8918063534583233,0.4856707537437438,0.4843516638352191,95,2185
1690,ESM-2 3B Sawhney,viral,Site Split,CVB3_3C_Alvarez,1,0.5120343146008467,0.5810550436114502,0.706221563710431,0.3007845322088915,0.6536565295602044,0.7872608853690165,0.7257841430160417,0.5719128118881616,118,183
1691,ESM-2 3B Sawhney,viral,Site Split,CVB3_3C_Alvarez,2,0.4826054490643294,0.5761435586252571,0.7089387407116419,0.334532548477138,0.7107456460680251,0.8516262298483259,0.6939163472439177,0.6079946630880101,107,183
1692,ESM-2 3B Sawhney,viral,Site Split,CVB3_3C_Alvarez,3,0.5189366058570073,0.5681887738957186,0.6979741434902577,0.280828740233532,0.6756859714660802,0.8264344953299869,0.7171165609584134,0.5821377448124451,111,183
1693,ESM-2 3B Sawhney,viral,Site Split,CVB3_3C_Alvarez,4,0.5641151478377491,0.5433502763144494,0.6648225388212241,0.2745893778148608,0.6816378457847329,0.8252770956468314,0.7458001691202866,0.5980889291485967,159,183
1694,ESM-2 3B Sawhney,viral,Site Split,CVB3_3C_Alvarez,5,0.5962167453325207,0.513923353980607,0.6349840380965455,0.3120304326834047,0.7010999389666331,0.8315441852356058,0.7479716838350118,0.5990385192867109,212,183
1695,ESM-2 3B Sawhney,viral,Site Split,IAV_PA_Wu,1,0.0,0.6917495682145326,1.0356069031778103,-0.0144105412445698,0.6279513286458411,0.8444512196446342,,,0,716
1696,ESM-2 3B Sawhney,viral,Site Split,IAV_PA_Wu,2,0.0,0.6880755267448263,1.0427950524338885,-0.0015990998183321,0.624450859398648,0.8080297685757922,,,0,716
1697,ESM-2 3B Sawhney,viral,Site Split,IAV_PA_Wu,3,7.157444636973763e-10,0.6717864950477556,1.003072401432921,-0.0001877054582117,0.6771494732152,0.9877185802145568,0.0744516989704106,0.1235125077721507,1,716
1698,ESM-2 3B Sawhney,viral,Site Split,IAV_PA_Wu,4,0.0020095425010058,0.6928807489855738,1.0508785792910154,-0.0299937722365248,0.6265558904815907,0.760385556436078,0.0829898971313718,0.0765990140558603,1,716
1699,ESM-2 3B Sawhney,viral,Site Split,IAV_PA_Wu,5,0.0029550799470916,0.6844525703902867,1.0239159754509792,0.0037056539733399,0.6315181456317303,0.8889599918382826,0.0776904040913605,0.1061742657645612,1,716
1700,ESM-2 3B Sawhney,viral,Site Split,CVB3_2C_Alvarez,1,0.3168586530444272,0.7022195789579894,0.8171076991489591,0.2579994499550427,0.7674426796079484,0.8962613660946366,0.589810099327814,0.5459268847369808,49,329
1701,ESM-2 3B Sawhney,viral,Site Split,CVB3_2C_Alvarez,2,0.3596766598162283,0.6909416482137549,0.8041512088458761,0.2525872333651218,0.7203186377965511,0.8445773825237078,0.6354072317269227,0.5205544136819623,84,329
1702,ESM-2 3B Sawhney,viral,Site Split,CVB3_2C_Alvarez,3,0.4474634327626419,0.6270700109537826,0.7421901723495259,0.2644288021506867,0.7453889212471346,0.8628564244758063,0.6909497169893719,0.5494131904498195,163,329
1703,ESM-2 3B Sawhney,viral,Site Split,CVB3_2C_Alvarez,4,0.4099905144932969,0.6601707147795168,0.7729775001315935,0.1577516073035408,0.7593852162502689,0.8915102284813972,0.6702227452987469,0.4598726634173941,112,329
1704,ESM-2 3B Sawhney,viral,Site Split,CVB3_2C_Alvarez,5,0.4440091252854738,0.6416780960022164,0.7548512688883721,0.1888585360638935,0.7180903080624836,0.8436178625143577,0.6970813149130949,0.4951954272481974,147,329
1705,ESM-2 3B Sawhney,viral,Site Split,SARS2_PLPRO_activity_Wu,1,0.3402699045784174,0.7101527126962718,0.8150440023058928,0.2838646860205102,0.724975050111678,0.8344420952310433,0.5704174471661331,0.4825843516776736,69,316
1706,ESM-2 3B Sawhney,viral,Site Split,SARS2_PLPRO_activity_Wu,2,0.313478168089773,0.7210343934422098,0.8246434600814224,0.2914664103742352,0.7372846196476207,0.8566599980625467,0.5449426730256913,0.5117570993909237,51,316
1707,ESM-2 3B Sawhney,viral,Site Split,SARS2_PLPRO_activity_Wu,3,0.3276979285091255,0.71347424156341,0.8188418995802318,0.2795822244757475,0.7510905111519205,0.8531555336218873,0.5578601786189251,0.4674000103700279,52,316
1708,ESM-2 3B Sawhney,viral,Site Split,SARS2_PLPRO_activity_Wu,4,0.4106065054963872,0.6477001129037886,0.7596813270706939,0.1949288735767762,0.7934173702095614,0.93326835610236,0.6205892106743505,0.4289179603861124,102,316
1709,ESM-2 3B Sawhney,viral,Site Split,SARS2_PLPRO_activity_Wu,5,0.3075891131814596,0.7337762998010391,0.8350603933776072,0.2094608266354857,0.7658823919757474,0.8732032816869367,0.5435684130604239,0.4282852145579915,41,316
1710,ESM-2 3B Sawhney,viral,Site Split,CVB3_2A_Alvarez,1,0.4015866544709821,0.6091983859788734,0.7648780786573096,0.3644705305466066,0.643790753366783,0.8316559772127394,0.6146985615085052,0.5765851222560835,33,150
1711,ESM-2 3B Sawhney,viral,Site Split,CVB3_2A_Alvarez,2,0.4246033169200177,0.6162593727684509,0.7693997220605379,0.2450032456432084,0.6378787339579463,0.8136142195375267,0.636064779888192,0.4707059095919736,38,150
1712,ESM-2 3B Sawhney,viral,Site Split,CVB3_2A_Alvarez,3,0.4395545624035796,0.590994406908268,0.7444278432652235,0.2025310243504612,0.7383878853972237,0.9123666266814596,0.6382830840912731,0.4215975671084339,31,150
1713,ESM-2 3B Sawhney,viral,Site Split,CVB3_2A_Alvarez,4,0.3680492939485701,0.6769321370452388,0.8219666626574761,0.0677283409593256,0.618851337900342,0.7260833765139337,0.6035590595720146,0.4517772496820713,22,150
1714,ESM-2 3B Sawhney,viral,Site Split,CVB3_2A_Alvarez,5,0.3524918306876736,0.6384307652056397,0.7982376532912843,0.3764380716934915,0.649030534082841,0.8031669768604559,0.5688789298857889,0.6028980457817629,31,150
1715,ESM-2 3B Sawhney,viral,Site Split,LAMBDA_HCP_Tsuboyama,1,0.8940466912107627,0.2425519058642501,0.3286836571345894,0.6924396565832047,0.414736290036843,0.5306581489484912,0.9154070112719692,0.8074228403175772,126,55
1716,ESM-2 3B Sawhney,viral,Site Split,LAMBDA_HCP_Tsuboyama,2,0.912650487921672,0.2214781454669236,0.2987819851214737,0.547154292840206,0.4992534138877219,0.6281276922507237,0.918348630567814,0.7683829328566171,125,55
1717,ESM-2 3B Sawhney,viral,Site Split,LAMBDA_HCP_Tsuboyama,3,0.9017288896093084,0.2322075174228291,0.3123073651979725,0.742003912514861,0.3663501231467052,0.515460636513645,0.9315369996929626,0.8145719650296308,133,55
1718,ESM-2 3B Sawhney,viral,Site Split,LAMBDA_HCP_Tsuboyama,4,0.9074571031442868,0.2207569609004333,0.2965136312080136,0.6615440333202911,0.4831657968369513,0.6170248791860253,0.9241141958032868,0.8183338400729705,162,55
1719,ESM-2 3B Sawhney,viral,Site Split,LAMBDA_HCP_Tsuboyama,5,0.9063529203010614,0.2227652135218851,0.3038662450708915,0.6808510767063125,0.4405349440601487,0.5586334511978314,0.9226072786006564,0.8353554340396445,150,55
1720,ESM-2 3B Sawhney,viral,Site Split,SARS2_PRD0038_RBD_Starr,1,0.1775247919353358,0.6704212665613997,0.912194889427063,0.1165418844539105,0.6948347513600535,0.9179290494718848,0.3714447451293292,0.2381174868175735,25,200
1721,ESM-2 3B Sawhney,viral,Site Split,SARS2_PRD0038_RBD_Starr,2,0.2260385789482311,0.6170654189218538,0.8581707021335567,0.0700677875562331,0.7512453295485811,1.0379822595037542,0.396360431225606,0.3153438975837322,38,200
1722,ESM-2 3B Sawhney,viral,Site Split,SARS2_PRD0038_RBD_Starr,3,0.0937920427027015,0.7283655486217967,0.9758767297362918,-0.0239603150096936,0.699315905816832,0.893458393949776,0.2844258459766382,0.1576356582760938,4,200
1723,ESM-2 3B Sawhney,viral,Site Split,SARS2_PRD0038_RBD_Starr,4,0.1870952827496659,0.6501664450004061,0.8827418803115451,0.0801557708438406,0.7446292141279749,1.0325361034860836,0.3660661750106179,0.2923493005624176,20,200
1724,ESM-2 3B Sawhney,viral,Site Split,SARS2_PRD0038_RBD_Starr,5,0.1158946039843462,0.7111581138037445,0.9493880714213432,0.1544428123898792,0.6428517317725618,0.8794668339701458,0.3261512482867524,0.383534247229428,15,200
1725,ESM-2 3B Sawhney,viral,Site Split,CVB3_3A_Alvarez,1,0.2626258394459998,0.7801277664987962,0.8627027274244374,0.2179102057539709,0.7815960495340589,0.8675812648270855,0.5489329760379823,0.4249686973344008,25,89
1726,ESM-2 3B Sawhney,viral,Site Split,CVB3_3A_Alvarez,2,0.2734518268883104,0.7687175236924223,0.8541466053213709,0.0933186028671979,0.8575204229662967,0.9389495486889122,0.5568312214033058,0.3193855999570283,25,89
1727,ESM-2 3B Sawhney,viral,Site Split,CVB3_3A_Alvarez,3,0.3000100927987924,0.7483509126258351,0.8361196756875092,0.0577693185288175,0.8593725933734494,0.9589162246447924,0.5822160856004491,0.3232562976639637,29,89
1728,ESM-2 3B Sawhney,viral,Site Split,CVB3_3A_Alvarez,4,0.2296364260372064,0.7946161400252905,0.8768823831221481,0.0291146615033536,0.8490785640956043,0.9333755480188112,0.5095834326934606,0.1618951680600104,24,89
1729,ESM-2 3B Sawhney,viral,Site Split,CVB3_3A_Alvarez,5,0.4607555386951626,0.639609876115433,0.7361654589260208,0.1126220485855318,0.8185706853279168,0.922965611323982,0.7346317781984212,0.4090502184947983,76,89
1730,ESM-2 3B Sawhney,viral,Site Split,NIPAH_F_Larsen,1,0.1999900627221953,0.7658975682006216,0.9009984760947448,0.1586934463732028,0.7489930019634686,0.8850847946619066,0.4205864047727088,0.3864937451360482,30,602
1731,ESM-2 3B Sawhney,viral,Site Split,NIPAH_F_Larsen,2,0.1846986211985141,0.7762452825656634,0.9122076922621144,0.1759275830578271,0.7268760132957951,0.8670622602089826,0.4100507402723973,0.3770177461045587,24,602
1732,ESM-2 3B Sawhney,viral,Site Split,NIPAH_F_Larsen,3,0.1619738616753224,0.7824546638062728,0.9198226636998956,0.1593453827682819,0.7495126199743847,0.8984545891165671,0.3794992397620491,0.3698850042311036,20,602
1733,ESM-2 3B Sawhney,viral,Site Split,NIPAH_F_Larsen,4,0.2278800701951354,0.7588051524478837,0.8942212349262489,0.1155870761642268,0.7302489899427896,0.8539507000958839,0.445368755571689,0.3767872471846528,39,602
1734,ESM-2 3B Sawhney,viral,Site Split,NIPAH_F_Larsen,5,0.1893421171576932,0.7625867768688297,0.9022022814762672,0.2092811417121572,0.7504195257539946,0.8819983210041525,0.411501119451774,0.4302705948635279,34,602
1735,ESM-2 3B Sawhney,viral,Site Split,SARS2_RBD_binding_Starr,1,0.0449366680534054,0.7777413170468449,1.005491027060966,-0.0865663377775243,0.7078570941927809,0.8818367548728221,0.1644844994286322,-0.0074664216332632,5,1273
1736,ESM-2 3B Sawhney,viral,Site Split,SARS2_RBD_binding_Starr,2,0.0619734830392723,0.7508240273123388,0.9857756552106354,-0.0471128351606242,0.7110188557213148,0.9463534537484656,0.1572693270973634,0.0600170372994828,4,1273
1737,ESM-2 3B Sawhney,viral,Site Split,SARS2_RBD_binding_Starr,3,0.0249792366274732,0.7264812135718426,0.9753183930421152,0.0216851906807223,0.7807933929301698,1.0307367808509715,0.1333065825726208,0.0582048854817267,4,1273
1738,ESM-2 3B Sawhney,viral,Site Split,SARS2_RBD_binding_Starr,4,0.1114620655154724,0.7124528588997214,0.9488304720099112,0.0090122828483919,0.727221079057076,0.9692136298643964,0.2668469195976151,0.1754433835945605,14,1273
1739,ESM-2 3B Sawhney,viral,Site Split,SARS2_RBD_binding_Starr,5,0.0282117201192207,0.703646101850931,0.9364474766964516,0.0431230550226309,0.8511832541037894,1.1443369801934284,0.0956301504534843,0.2783069790507673,4,1273
1740,ESM-2 3B Sawhney,viral,Site Split,SARS2_BA1_SPIKE_Dadonaite,1,0.1711767898511002,0.7502096247279392,0.912702922302403,0.1248660701101844,0.7539927130627084,0.9257041189033264,0.3636919888320625,0.283638922943518,67,1249
1741,ESM-2 3B Sawhney,viral,Site Split,SARS2_BA1_SPIKE_Dadonaite,2,0.1993605592541221,0.728737368676736,0.8932210556494338,0.1307154734562999,0.7632121073210586,0.9387859169890724,0.4034240218164172,0.319434931529455,96,1249
1742,ESM-2 3B Sawhney,viral,Site Split,SARS2_BA1_SPIKE_Dadonaite,3,0.1656311233706576,0.7472241615325265,0.9133713898235296,0.1113528271331495,0.7670224138776548,0.9428566527884776,0.36594025796969,0.2841471807516809,58,1249
1743,ESM-2 3B Sawhney,viral,Site Split,SARS2_BA1_SPIKE_Dadonaite,4,0.1401233302524774,0.7651399741221331,0.9263574119119006,0.1262750855956058,0.7736993023651699,0.9384266129775912,0.329335696252816,0.2781176790896221,45,1249
1744,ESM-2 3B Sawhney,viral,Site Split,SARS2_BA1_SPIKE_Dadonaite,5,0.0959276541324536,0.7941602165762153,0.9543894702491506,0.0617571604168856,0.7953590441168344,0.9530054844132104,0.2729670079928335,0.1732115446182984,14,1249
1745,ESM-2 3B Sawhney,viral,Site Split,SARS2_MRPO_Flynn,1,0.3694677436596213,0.6757953600206252,0.7961515925112098,0.2240584853101834,0.7260199560207953,0.8710179304002089,0.5900684029971361,0.5050554655774103,62,306
1746,ESM-2 3B Sawhney,viral,Site Split,SARS2_MRPO_Flynn,2,0.4688850131051348,0.6013425042640091,0.722486100044238,0.1281798035419628,0.8218927562162488,0.9649805416765918,0.6727028432140011,0.347068716817877,104,306
1747,ESM-2 3B Sawhney,viral,Site Split,SARS2_MRPO_Flynn,3,0.3942655202296763,0.6630592353562713,0.7831521002910068,0.2437294111303168,0.7243590599164029,0.8470419124134168,0.6242575519921016,0.4751706271028384,64,306
1748,ESM-2 3B Sawhney,viral,Site Split,SARS2_MRPO_Flynn,4,0.3945130656830509,0.6665185817826909,0.7851981788635405,0.2322571820027782,0.7304803668437456,0.8427373014956197,0.6237918268280808,0.4858053409763407,67,306
1749,ESM-2 3B Sawhney,viral,Site Split,SARS2_MRPO_Flynn,5,0.3779754711085672,0.6702441424092198,0.7891128500154299,0.2894269003484881,0.7146301321937438,0.841067078932858,0.6174259180376577,0.5097360161781703,84,306
1750,ESM-2 3B Sawhney,viral,Site Split,SARS2_XBB15_RBD_Taylor,1,0.1300903691039618,0.7526822908434819,0.927584707518628,0.1263603187518736,0.7910825879502005,0.9527227953611132,0.3526906458303216,0.3970106088277601,23,201
1751,ESM-2 3B Sawhney,viral,Site Split,SARS2_XBB15_RBD_Taylor,2,0.18539222373993,0.7100728866526292,0.8886458379010879,0.0384029509048918,0.821955710920005,1.031864979258315,0.407315992174467,0.2991170160328635,32,201
1752,ESM-2 3B Sawhney,viral,Site Split,SARS2_XBB15_RBD_Taylor,3,0.1361238556684197,0.7352890395034792,0.9115058033125996,0.0880118932878808,0.8261169960836998,1.0209593526837797,0.3730302862663679,0.3277019655289524,25,201
1753,ESM-2 3B Sawhney,viral,Site Split,SARS2_XBB15_RBD_Taylor,4,0.1953636679021732,0.738421820368663,0.9066176325761592,0.0097758315943126,0.7736789285670786,0.950131172114316,0.4049727495655695,0.1645078470231912,33,201
1754,ESM-2 3B Sawhney,viral,Site Split,SARS2_XBB15_RBD_Taylor,5,0.2078534183699341,0.6992498486594757,0.8837558720712368,0.0093122285743085,0.8224820203665001,1.0175769921046367,0.4319997998428045,0.1770289254551909,40,201
1755,ESM-2 3B Sawhney,viral,Site Split,IAV_RDRP_Li,1,0.2386463309232982,0.7155104920899706,0.8784894919978566,0.1546406401131445,0.724174817151076,0.89148893047986,0.5022413921897084,0.4030510501859877,168,757
1756,ESM-2 3B Sawhney,viral,Site Split,IAV_RDRP_Li,2,0.2033244223456106,0.7212965302723316,0.8867768089667892,0.1141172036368503,0.8010118836261311,0.9636018157895594,0.4635424875001012,0.356795029858069,85,757
1757,ESM-2 3B Sawhney,viral,Site Split,IAV_RDRP_Li,3,0.1993303713830934,0.7202770272895921,0.8867973852693909,0.1312978898038772,0.7834323972526975,0.9603589416679388,0.4587124463530885,0.3844387536701457,86,757
1758,ESM-2 3B Sawhney,viral,Site Split,IAV_RDRP_Li,4,0.2224851678721795,0.7207830210564092,0.8849626588968712,0.1581382575255769,0.7336563779525608,0.9041628385905692,0.4840707343281046,0.4189974513692462,132,757
1759,ESM-2 3B Sawhney,viral,Site Split,IAV_RDRP_Li,5,0.2070395236224903,0.7255677078386835,0.8912908183687821,0.187149368485838,0.7315491800850303,0.898310252549548,0.4661573064278005,0.4547391034505375,118,757
1760,ESM-2 3B Sawhney,viral,Site Split,SARS2_PLPRO_abundance_Wu,1,0.1609618765474073,0.7574934173040536,0.9152433302006754,0.1322121029291825,0.7766123844300329,0.9327691215739942,0.4157706761119083,0.3969830765764878,40,316
1761,ESM-2 3B Sawhney,viral,Site Split,SARS2_PLPRO_abundance_Wu,2,0.2262379950772671,0.7184330448594032,0.8748518192180251,0.0682558761571442,0.8137630600463946,0.9852208567640182,0.4985031286496266,0.2313719312580067,60,316
1762,ESM-2 3B Sawhney,viral,Site Split,SARS2_PLPRO_abundance_Wu,3,0.1645447555953976,0.7528831102423218,0.910766484868781,0.0882439236329123,0.8068868410580695,0.968153356666834,0.4146491819611866,0.2862718461891595,33,316
1763,ESM-2 3B Sawhney,viral,Site Split,SARS2_PLPRO_abundance_Wu,4,0.1659531525026857,0.7473535791007401,0.9082496362499544,0.1094854094066908,0.8021482472988005,0.9611274439125582,0.4211854347732676,0.3291730295224715,38,316
1764,ESM-2 3B Sawhney,viral,Site Split,SARS2_PLPRO_abundance_Wu,5,0.1516370678058176,0.760469955583964,0.9190267479867256,0.0848663952901164,0.8117705587436472,0.964808632928598,0.4070119575411218,0.2834519260649137,28,316
1765,ESM-2 3B Sawhney,viral,Site Split,IAV_PB2_Soh,1,0.0378845768311805,0.685997706800331,1.0273644289645911,0.03704313475231,0.6123385313050183,0.7628116775467155,0.2495280868864186,0.2529447595319364,11,759
1766,ESM-2 3B Sawhney,viral,Site Split,IAV_PB2_Soh,2,0.0402349250132825,0.6690560692357295,1.009448166153776,0.0467755903993066,0.6478714597459099,0.8475325093760553,0.2787550545228696,0.2150347621530328,11,759
1767,ESM-2 3B Sawhney,viral,Site Split,IAV_PB2_Soh,3,0.0478309573830711,0.6675670754019,0.9926263312510551,0.0250932183046868,0.6490996802681516,0.9161784684173596,0.2732754017667726,0.2111963553399885,14,759
1768,ESM-2 3B Sawhney,viral,Site Split,IAV_PB2_Soh,4,0.0444156342504775,0.6696193736605107,1.0089183992395665,0.0331208727830246,0.6471625153284368,0.844759173830344,0.2906712618991257,0.1893809259242114,15,759
1769,ESM-2 3B Sawhney,viral,Site Split,IAV_PB2_Soh,5,0.0526954982265872,0.6575036585127545,0.9637792290344894,0.0295986218921063,0.6646779555829192,1.0226313688711413,0.2800584541632231,0.2724110464091657,16,759
1770,ESM-2 3B Sawhney,viral,Site Split,SARS2_RBD_expression_Starr,1,0.0,0.8663422648249407,0.9848516021317644,-0.0569547618268919,0.9131761307078904,1.0641431446297251,,,0,1273
1771,ESM-2 3B Sawhney,viral,Site Split,SARS2_RBD_expression_Starr,2,0.0,0.8736388372350489,0.992052144624532,-0.000844558594031,0.9233336009918456,1.031245887279682,,,0,1273
1772,ESM-2 3B Sawhney,viral,Site Split,SARS2_RBD_expression_Starr,3,2.402890331154594e-09,0.8754102401537742,0.9968893492013032,-0.0040525339088284,0.9014127156319792,1.0124591781216763,0.0674563169847576,0.0703589789220935,1,1273
1773,ESM-2 3B Sawhney,viral,Site Split,SARS2_RBD_expression_Starr,4,0.1583374341873896,0.800250581977127,0.910745332312212,0.0915350350301885,0.8572341219940776,0.980040123675014,0.4101359003608183,0.3118994629609621,24,1273
1774,ESM-2 3B Sawhney,viral,Site Split,SARS2_RBD_expression_Starr,5,0.201272264497889,0.7847730684270531,0.8955111880698725,0.0220941382707943,0.8450368389422821,0.9720759707063992,0.4443777055292888,0.1945234425637106,28,1273
1775,ESM-2 3B Sawhney,viral,Site Split,LASSA_GP_Carr,1,0.1547255636336411,0.7950188160958355,0.9203662525033404,0.0877647115497155,0.8211166078657299,0.9495491754814518,0.3914212618152514,0.3042530625395993,15,491
1776,ESM-2 3B Sawhney,viral,Site Split,LASSA_GP_Carr,2,0.1958445655626015,0.7680207741497832,0.8974015477316045,0.0940043140612141,0.8132562234776984,0.9471609867409746,0.4487383668900596,0.3008416391197135,37,491
1777,ESM-2 3B Sawhney,viral,Site Split,LASSA_GP_Carr,3,0.1505901041289367,0.7943000571791843,0.9217374169915604,0.1328857172781112,0.8058578694337231,0.929719737554176,0.3946131441315911,0.3661446653301053,21,491
1778,ESM-2 3B Sawhney,viral,Site Split,LASSA_GP_Carr,4,0.161208288254153,0.7867263484159864,0.9130424225225184,0.1295463623340033,0.8082771418485513,0.9441929087167864,0.4077688442566321,0.3512911272512213,22,491
1779,ESM-2 3B Sawhney,viral,Site Split,LASSA_GP_Carr,5,0.1389885568387746,0.8001453981962747,0.925814027630592,0.1206601452519109,0.8200445643156444,0.9441546635242868,0.3743950564753218,0.3703946869056471,17,491
1780,ESM-2 3B Sawhney,viral,Site Split,RmYN02_RBD_Starr,1,0.1255084474689988,0.4740294157899959,0.914267481133745,-0.0277059635388989,0.6012391276520049,1.0881105938976914,0.3841314124603026,0.2319666752396652,41,491
1781,ESM-2 3B Sawhney,viral,Site Split,RmYN02_RBD_Starr,2,1.3990104630323683e-09,0.5993908620638425,1.0185622510023142,-0.0064259084407436,0.5397210553776068,0.924267631663851,0.0515873806010105,-0.1025481352907654,1,491
1782,ESM-2 3B Sawhney,viral,Site Split,RmYN02_RBD_Starr,3,0.0516149168909896,0.5725054651774173,0.9960891055126454,-0.0358736827687846,0.5232168272699208,0.915366020041,0.2855398192021811,0.0077011712616032,11,491
1783,ESM-2 3B Sawhney,viral,Site Split,RmYN02_RBD_Starr,4,0.0191678621135495,0.5852903320889488,1.035790203988094,0.0139792843167499,0.5282367038788217,0.7873509197602913,0.2130915422576177,0.1741270667956545,4,491
1784,ESM-2 3B Sawhney,viral,Site Split,RmYN02_RBD_Starr,5,0.0233187403327295,0.580411934047693,1.0201699464192868,0.004383864176808,0.5396751280886847,0.8577194629035902,0.2412657493777178,0.1128975511599866,5,491
1785,ESM-2 3B Sawhney,viral,Site Split,HIV1_HV1B9_ENV_DuenasDecamp,1,0.1651737379883511,0.6578945542266197,0.9283764820769226,-0.0172128382992717,0.7099063865781005,0.9408022571244512,0.4107619325519817,0.0604044235557738,10,853
1786,ESM-2 3B Sawhney,viral,Site Split,HIV1_HV1B9_ENV_DuenasDecamp,2,0.2392549425435541,0.5321946463298067,0.7887029116529389,-0.1577374501913426,0.954211880341592,1.261474050261962,0.4976764089067472,-0.0808563691404446,17,853
1787,ESM-2 3B Sawhney,viral,Site Split,HIV1_HV1B9_ENV_DuenasDecamp,3,0.2527493475518354,0.6124929966497921,0.8855423165558436,-0.0740858421123513,0.715925926763431,0.9505231908994038,0.4874647481620165,0.1367785401454813,11,853
1788,ESM-2 3B Sawhney,viral,Site Split,HIV1_HV1B9_ENV_DuenasDecamp,4,0.3167725104264846,0.6363787269885692,0.8718449768763672,-0.2270655726246522,0.6576601665699143,0.7681542078134679,0.5756043755432745,0.0338992998430937,21,853
1789,ESM-2 3B Sawhney,viral,Site Split,HIV1_HV1B9_ENV_DuenasDecamp,5,0.1954952091186538,0.657335125763633,0.9121036142977073,-0.0351842514847937,0.7200353815021,0.9409304978087206,0.4442738229524516,0.1217214639185971,10,853
1790,ESM-2 3B Sawhney,viral,Site Split,CVB3_VP3_Alvarez,1,0.1492873010404547,0.7144902672021507,0.9161637764716056,0.1794391628014063,0.7168207621050307,0.929210166226064,0.4229811602457385,0.4801408594854464,8,238
1791,ESM-2 3B Sawhney,viral,Site Split,CVB3_VP3_Alvarez,2,0.2455302216660916,0.6456793604709877,0.8494785967684869,0.1749816621417766,0.7639601044505837,0.9784620646444216,0.51140609927851,0.4706307231038588,73,238
1792,ESM-2 3B Sawhney,viral,Site Split,CVB3_VP3_Alvarez,3,0.2279082066347119,0.6975411854291407,0.896111517370525,0.1904367022484654,0.6625382917389022,0.8217493946932243,0.5020119017271385,0.4782124271747949,53,238
1793,ESM-2 3B Sawhney,viral,Site Split,CVB3_VP3_Alvarez,4,0.2466023491766436,0.6518541590137781,0.8522086468773554,0.1752164095883875,0.7417851127060957,0.9664444382503692,0.5194193231574641,0.4477907166568823,71,238
1794,ESM-2 3B Sawhney,viral,Site Split,CVB3_VP3_Alvarez,5,0.2462988941182187,0.6628807504170715,0.8622587909480475,0.1899442420112742,0.7206543863313732,0.922483771868122,0.519662210250262,0.4540144382503628,70,238
1795,ESM-2 3B Sawhney,viral,Site Split,BPP22_COAT_Tsuboyama,1,0.7708394103235574,0.3334555200156139,0.4841421228593148,0.677408342620512,0.4212026625935365,0.5385077834636454,0.8622103387750844,0.870366871358841,41,40
1796,ESM-2 3B Sawhney,viral,Site Split,BPP22_COAT_Tsuboyama,2,0.909523663838644,0.1996578772598931,0.2908540784297606,0.5221778638769095,0.5952892686152192,0.7700395656919328,0.9404619657017664,0.7481341521020312,137,40
1797,ESM-2 3B Sawhney,viral,Site Split,BPP22_COAT_Tsuboyama,3,0.8905527014091205,0.2337476425203566,0.3346078191828484,0.689241527264987,0.3989645090954452,0.5312651552415988,0.9250210503639053,0.8644870758373694,128,40
1798,ESM-2 3B Sawhney,viral,Site Split,BPP22_COAT_Tsuboyama,4,0.9024174941816122,0.1993971775305263,0.3009430249098956,0.491491069741079,0.4936685693630981,0.6722933735704864,0.9270357022419898,0.7906746968981262,133,40
1799,ESM-2 3B Sawhney,viral,Site Split,BPP22_COAT_Tsuboyama,5,0.8696378507384146,0.2332012969709429,0.3376111671822384,0.653837424055487,0.5139954704556912,0.7207997086379647,0.9266001972636204,0.7572350810895921,113,40
1800,ESM-2 3B Sawhney,viral,Site Split,CVB3_3D_Alvarez,1,0.4404686669366225,0.6172712016496269,0.7447666200304872,0.2877600132773458,0.7167419630215353,0.8574483997688025,0.6781041331700104,0.5807428439358227,146,462
1801,ESM-2 3B Sawhney,viral,Site Split,CVB3_3D_Alvarez,2,0.3863104238141523,0.6565544645862872,0.7853748622182569,0.3722597911506805,0.6631302890753993,0.784136354095638,0.648262128133397,0.6428602801429055,110,462
1802,ESM-2 3B Sawhney,viral,Site Split,CVB3_3D_Alvarez,3,0.4202311403464536,0.6404420499706035,0.7681995079970209,0.3201748984847039,0.6713911329447383,0.7912521202256576,0.6717477818727268,0.6162518763983847,130,462
1803,ESM-2 3B Sawhney,viral,Site Split,CVB3_3D_Alvarez,4,0.4394883176951633,0.6091622445342869,0.7406039535137825,0.3185007189197105,0.7234693187428052,0.8543586854174671,0.6725244531776716,0.5920638515157537,157,462
1804,ESM-2 3B Sawhney,viral,Site Split,CVB3_3D_Alvarez,5,0.3766489689362312,0.6626316211158572,0.7905573336520204,0.3385823843495072,0.6890986446813124,0.8079618689689763,0.6398370574656504,0.6130807847959229,93,462
1805,ESM-2 3B Sawhney,viral,Site Split,EV_REP_Bakhache,1,0.269010427952069,0.7168864760046125,0.8545700992110826,0.2135080439182043,0.7444176592164987,0.8881494225713535,0.507541994400785,0.4545460789725066,229,1331
1806,ESM-2 3B Sawhney,viral,Site Split,EV_REP_Bakhache,2,0.2908845286755602,0.7029972409025571,0.8397790615500395,0.1882238860737622,0.767202993031846,0.910750980190714,0.5252081242019883,0.427564610627147,267,1331
1807,ESM-2 3B Sawhney,viral,Site Split,EV_REP_Bakhache,3,0.2478252539017135,0.7293866105147156,0.8663298064672204,0.1925017962613003,0.7600309742013858,0.9022528335691496,0.4896098548564332,0.4344326680734156,152,1331
1808,ESM-2 3B Sawhney,viral,Site Split,EV_REP_Bakhache,4,0.251499072344357,0.7339600441405211,0.8709089911083895,0.1910343398255557,0.7313133723417709,0.8739476215555162,0.4915916837371026,0.4385234666988653,153,1331
1809,ESM-2 3B Sawhney,viral,Site Split,EV_REP_Bakhache,5,0.2752816797423751,0.7216492181750532,0.858181500334611,0.165959981543755,0.7371109672197715,0.8802823187076673,0.5147613686706916,0.4102809313137753,204,1331
1810,ESM-2 3B Sawhney,viral,Site Split,IAV_NA_Jiang,1,0.187610299974168,0.7118392402312018,0.8808004983574429,0.1152626151771961,0.780228943396259,1.0071520100019022,0.4432682649283874,0.3599358974358974,3,453
1811,ESM-2 3B Sawhney,viral,Site Split,IAV_NA_Jiang,2,0.1928220328533796,0.6888147667672079,0.8728352328894611,-0.0340340892217498,0.862042383522746,1.0807795572435237,0.4462287442092706,0.2933467741935484,1,453
1812,ESM-2 3B Sawhney,viral,Site Split,IAV_NA_Jiang,3,0.1805347684928874,0.7366105234931656,0.9215280438419912,0.1161312128111357,0.6668676962490853,0.8704927500505381,0.4098541799587598,0.5249135944700462,2,453
1813,ESM-2 3B Sawhney,viral,Site Split,IAV_NA_Jiang,4,0.1509908155256224,0.7768565221339636,0.978230660151249,0.1595316035384303,0.5223602860537574,0.6673961270552192,0.418860972287049,0.3944055944055943,1,453
1814,ESM-2 3B Sawhney,viral,Site Split,IAV_NA_Jiang,5,0.1613225411131157,0.7321170951722837,0.9260875987322786,0.0755068593899624,0.6743654291235475,0.8584239969623666,0.4222179071079178,0.4376920122887865,4,453
1815,ESM-2 3B Sawhney,viral,Site Split,HIV1_BF520_ENV_Haddox,1,0.1446374397907056,0.76307715939909,0.9188297165153638,0.1251120677414443,0.8018864433533771,0.954210553564388,0.3916610837330747,0.3578551321046045,16,852
1816,ESM-2 3B Sawhney,viral,Site Split,HIV1_BF520_ENV_Haddox,2,0.2051681222519793,0.7355403104059612,0.8880952374158017,0.1394927478478385,0.7899982964405252,0.9416347575143788,0.4477973614698791,0.3708113275334609,47,852
1817,ESM-2 3B Sawhney,viral,Site Split,HIV1_BF520_ENV_Haddox,3,0.1439308756948257,0.7717548662080519,0.9258505561388438,0.1372816491378603,0.7684519012998495,0.923833331583044,0.3815512140211554,0.3785320830513827,17,852
1818,ESM-2 3B Sawhney,viral,Site Split,HIV1_BF520_ENV_Haddox,4,0.2519317463419934,0.7188218804314017,0.8724675929905137,0.1810918510580376,0.7294407645578338,0.8701927301007254,0.4951523982517447,0.4197633542183742,82,852
1819,ESM-2 3B Sawhney,viral,Site Split,HIV1_BF520_ENV_Haddox,5,0.1887080220807945,0.7517430829564858,0.9024771996709484,0.1547300869042716,0.7543040363584069,0.9121978351233704,0.4280046984124371,0.4004561381586642,35,852
1820,ESM-2 3B Sawhney,viral,Site Split,CVB3_VP1_Alvarez,1,0.2137392288955861,0.7554145259484847,0.8877232067953573,0.2232894101689779,0.7383302417256188,0.8772183249188314,0.5026876779698016,0.510141603653013,50,281
1821,ESM-2 3B Sawhney,viral,Site Split,CVB3_VP1_Alvarez,2,0.1770272656490866,0.7767491652342453,0.9101895305807696,0.1321828345911482,0.7929039677424733,0.9183807791568154,0.4517678632615836,0.3975357026956912,20,281
1822,ESM-2 3B Sawhney,viral,Site Split,CVB3_VP1_Alvarez,3,0.2163973920850066,0.7644374766598581,0.8959430157227448,0.1742758226251165,0.7396936389813543,0.8592430848222428,0.4974395743123551,0.4714829234139595,39,281
1823,ESM-2 3B Sawhney,viral,Site Split,CVB3_VP1_Alvarez,4,0.2400541672904371,0.7312108907209742,0.8688286893522739,0.1214590800460618,0.8200711666451532,0.9483465493236511,0.5248646923204777,0.3652254329322711,41,281
1824,ESM-2 3B Sawhney,viral,Site Split,CVB3_VP1_Alvarez,5,0.206686282247665,0.7540100950006008,0.8887774207417366,0.2075495441365852,0.7758262068801431,0.8972897493307442,0.4958904766985144,0.4868508412651792,41,281
1825,ESM-2 3B Sawhney,viral,Site Split,IAV_H1_HA_Wu,1,0.0288171395993545,0.4464004251288197,0.9778246172770636,0.0236469362689482,0.4688546873821698,1.0176018157037192,0.3159942314211528,0.3834253748836495,9,565
1826,ESM-2 3B Sawhney,viral,Site Split,IAV_H1_HA_Wu,2,0.066407091808903,0.45695344159384,0.9361729212045612,0.0277122515331184,0.4247679638944218,1.0985846878521557,0.3838254695215308,0.3898428244116797,31,565
1827,ESM-2 3B Sawhney,viral,Site Split,IAV_H1_HA_Wu,3,0.0498148613198782,0.452469098950694,0.9936543943171788,0.0303681308651356,0.4474997174373635,0.9045817621757802,0.3685505176728595,0.3442426129175582,21,565
1828,ESM-2 3B Sawhney,viral,Site Split,IAV_H1_HA_Wu,4,0.0798987585406949,0.4271699974796513,0.9235490365958772,0.0264326594189181,0.4867834796481631,1.1200957443566404,0.4273615083804852,0.3222063337036012,43,565
1829,ESM-2 3B Sawhney,viral,Site Split,IAV_H1_HA_Wu,5,0.0513089878507705,0.4496628069622255,0.9960054729717251,0.0210732647701269,0.4527132370086257,0.8946368861396192,0.3736116771191668,0.348168893825715,23,565
1830,ESM-2 3B Sawhney,viral,Site Split,SARS2_DELTA_SPIKE_Dadonaite,1,0.0572927803328805,0.3985380873673522,0.9854838192611968,0.0273330548497768,0.4075689439239862,0.9254268592150252,0.250186858552051,0.2106268268024595,60,1250
1831,ESM-2 3B Sawhney,viral,Site Split,SARS2_DELTA_SPIKE_Dadonaite,2,0.0385441943405183,0.4013166111140968,0.9826461403334316,0.0410204087200918,0.4177324011610553,0.9708009622098864,0.2535660179469746,0.2413863331133544,45,1250
1832,ESM-2 3B Sawhney,viral,Site Split,SARS2_DELTA_SPIKE_Dadonaite,3,0.0447996446909108,0.4126720588821616,0.9799150117902026,0.0181815233687243,0.3910081807166209,0.9799154858546364,0.2249046989823817,0.2507021680348169,36,1250
1833,ESM-2 3B Sawhney,viral,Site Split,SARS2_DELTA_SPIKE_Dadonaite,4,0.0604807184166396,0.4006822766023696,0.9659524564896502,0.0180971364477773,0.4108702867320201,1.0044147906398,0.24877871849851,0.2394021461196228,58,1250
1834,ESM-2 3B Sawhney,viral,Site Split,SARS2_DELTA_SPIKE_Dadonaite,5,0.0476963364683803,0.4113537373197656,1.0032600872871535,0.0345354536290453,0.3853978158050091,0.863731126130553,0.2321991816667061,0.2720281478920663,47,1250
1835,ESM-2 3B Sawhney,viral,Site Split,EV_CAPSD_Bakhache,1,0.1604921721678164,0.7442069385230182,0.9175793844969312,0.1012003908262779,0.7576551146668261,0.9419655073681512,0.425138336952031,0.3302068535554536,148,862
1836,ESM-2 3B Sawhney,viral,Site Split,EV_CAPSD_Bakhache,2,0.1654144093513571,0.7486100571850121,0.9237298974779958,0.085576601221101,0.7450755627788429,0.9113549473088108,0.4252631491228961,0.3231779144799667,173,862
1837,ESM-2 3B Sawhney,viral,Site Split,EV_CAPSD_Bakhache,3,0.1550184714523654,0.7584535904129196,0.9322233537812004,0.0690113260896272,0.7391398453037961,0.9038943620009252,0.4163574317797551,0.3082735788339764,122,862
1838,ESM-2 3B Sawhney,viral,Site Split,EV_CAPSD_Bakhache,4,0.1607495350431056,0.7400944557328648,0.914870264877824,0.1111000130177554,0.7628010793478537,0.9478340415798804,0.4246606141888343,0.3449406198635404,153,862
1839,ESM-2 3B Sawhney,viral,Site Split,EV_CAPSD_Bakhache,5,0.1545561302211829,0.7394133419942034,0.9157092870984924,0.1016229382481248,0.782032236765499,0.962987257542319,0.4196890517406035,0.3386525398646292,141,862
1840,ESM-2 3B Sawhney,viral,Site Split,RsYN04_RBD_Starr,1,3.4905278667451967e-10,0.439961296460174,1.0923713977530312,-0.1129069528900634,0.3624020421058604,0.4964592075880393,0.0823269717805612,0.1614528434613247,1,517
1841,ESM-2 3B Sawhney,viral,Site Split,RsYN04_RBD_Starr,2,5.728106877711524e-10,0.4366512774136261,1.0841883209918997,-0.0288708724845443,0.3405797470936532,0.5595412445800444,0.1109087618591789,0.0508583094838423,1,517
1842,ESM-2 3B Sawhney,viral,Site Split,RsYN04_RBD_Starr,3,-4.440892098500626e-16,0.4326986582001306,1.0732004154554329,-0.0164520803053762,0.3493307666540156,0.6369290810049313,,,0,517
1843,ESM-2 3B Sawhney,viral,Site Split,RsYN04_RBD_Starr,4,4.927332986071065e-10,0.4202046180915777,1.0225685104538496,-0.0067054632700465,0.3946402532257475,0.9066144073277808,0.0974133059020765,0.0860567122203874,1,517
1844,ESM-2 3B Sawhney,viral,Site Split,RsYN04_RBD_Starr,5,0.032509708364783,0.4143808881620809,1.0473068910595469,-0.0077514005831971,0.3445291493122587,0.690352967451385,0.1871013851610299,0.0995988499933196,9,517
1845,ESM-2 3B Sawhney,viral,Site Split,IAV_H1_HA_Doud,1,0.4106850299808413,0.6230825498463908,0.759766386788507,0.2459779086513928,0.730631373974015,0.9003192139235215,0.6702812562331162,0.5241555713525087,180,565
1846,ESM-2 3B Sawhney,viral,Site Split,IAV_H1_HA_Doud,2,0.3206188949489785,0.6808656381313684,0.8263233124832134,0.2137421310193544,0.7354516408578737,0.8768564035271058,0.6004657766511349,0.5022053057522184,85,565
1847,ESM-2 3B Sawhney,viral,Site Split,IAV_H1_HA_Doud,3,0.4053400781466486,0.6301249193030652,0.7710767634236143,0.2481204336108254,0.7085743424371787,0.8613051457595007,0.6715666953693553,0.5123691845000861,177,565
1848,ESM-2 3B Sawhney,viral,Site Split,IAV_H1_HA_Doud,4,0.3630016316841887,0.6584697473841009,0.8002106178705464,0.213180055729606,0.7204325558570052,0.8767786631457883,0.6353715154719316,0.49341571333332,114,565
1849,ESM-2 3B Sawhney,viral,Site Split,IAV_H1_HA_Doud,5,0.3983202350936555,0.632233609597511,0.771108112135367,0.2770177816581465,0.7163584039414055,0.8698712063925232,0.6641744971870368,0.5325299050313782,162,565
1850,ESM-2 3B Sawhney,viral,Site Split,IAV_H3_NP_Doud,1,0.1620114288891437,0.727458054562605,0.9300189526836462,0.0176991326766814,0.7215383054872904,0.924379031403732,0.3914372557891267,0.1904733812362478,82,498
1851,ESM-2 3B Sawhney,viral,Site Split,IAV_H3_NP_Doud,2,0.2277252640359872,0.6917068319649757,0.8818757530682126,0.0097773997765515,0.769535891143883,0.9807910881537668,0.4654440500438385,0.1652695690351627,122,498
1852,ESM-2 3B Sawhney,viral,Site Split,IAV_H3_NP_Doud,3,0.1292069515997839,0.7358043854623749,0.9423187156052526,0.1162906900773486,0.7212017186079434,0.9020578600052352,0.3483307236287863,0.2974781287036276,67,498
1853,ESM-2 3B Sawhney,viral,Site Split,IAV_H3_NP_Doud,4,0.1503499016165064,0.7174144100272527,0.9143333089696558,0.0030037697353695,0.8114037090436468,1.029860656126483,0.3679690807068402,0.1556886572107375,60,498
1854,ESM-2 3B Sawhney,viral,Site Split,IAV_H3_NP_Doud,5,0.1026620886337583,0.7460779169734111,0.9517322238871204,0.0612276572745885,0.7485735233036749,0.94953377693562,0.3093474107174865,0.2089008778118775,42,498
1855,ESM-2 3B Sawhney,viral,Site Split,IAV_H3_HA_Lee,1,0.3495948716480005,0.6577356869825538,0.8051936512490537,0.2457440581240386,0.7228087191991588,0.8734946620701576,0.6292646127418571,0.5471613424796762,128,566
1856,ESM-2 3B Sawhney,viral,Site Split,IAV_H3_HA_Lee,2,0.2774782275343788,0.6912841393227134,0.8376685230989593,0.1827836285081895,0.7787323701487485,0.9516762217985804,0.5680698692524673,0.4835793000179597,67,566
1857,ESM-2 3B Sawhney,viral,Site Split,IAV_H3_HA_Lee,3,0.3623331881043536,0.662450707408388,0.8079970480414799,0.1790416352785588,0.702683922809062,0.8584182807765891,0.6415868394831163,0.4592785817939699,143,566
1858,ESM-2 3B Sawhney,viral,Site Split,IAV_H3_HA_Lee,4,0.3595322325835073,0.6434974997111885,0.7891253265356022,0.245822670106209,0.7592686311810425,0.9087761381894076,0.6363987207049818,0.5105923596452875,149,566
1859,ESM-2 3B Sawhney,viral,Site Split,IAV_H3_HA_Lee,5,0.4312263683375399,0.6171444514514567,0.7572960360989284,0.2668749483810153,0.6891722269176196,0.8417801808251137,0.6853746491021555,0.5531567193630464,251,566
1860,ESM-2 3B Sawhney,viral,Site Split,CVB3_2B_Alvarez,1,0.2981634959348768,0.7275076979987624,0.8322727327209556,0.3244380671102503,0.7358071621805579,0.8326389506992717,0.5696897619999347,0.6411084429707709,29,99
1861,ESM-2 3B Sawhney,viral,Site Split,CVB3_2B_Alvarez,2,0.2856851970536115,0.7495723562714154,0.8497969423903542,0.2433462876319927,0.7400764402794848,0.8505969364075112,0.5567373547948907,0.5072285927744681,20,99
1862,ESM-2 3B Sawhney,viral,Site Split,CVB3_2B_Alvarez,3,0.2331814837371681,0.7876953567744304,0.8816551862926675,0.2438456340162305,0.7388464740425017,0.8450808368607894,0.508517410733492,0.5436272764296514,12,99
1863,ESM-2 3B Sawhney,viral,Site Split,CVB3_2B_Alvarez,4,0.2794703585010123,0.7518702642744591,0.8535646159088174,0.2969613568215403,0.6974310763996615,0.8177101193911596,0.5479108479981637,0.5640855293718264,23,99
1864,ESM-2 3B Sawhney,viral,Site Split,CVB3_2B_Alvarez,5,0.2432991460409652,0.7599373994273345,0.8600416492051153,0.233524580278377,0.8314443651179625,0.9095840225394376,0.5207018427647735,0.5255467860301979,18,99
1865,ESM-2 3B Sawhney,viral,Site Split,CVB3_3B_Alvarez,1,0.5479133834783332,0.5679218922341868,0.6887090761903629,-0.4063731855273436,0.8494673450855731,0.9677450495801874,0.7625669359756319,0.5077851248033087,37,22
1866,ESM-2 3B Sawhney,viral,Site Split,CVB3_3B_Alvarez,2,0.8621294083994886,0.3018574822492051,0.3824411968902375,-0.4957598258932056,0.9067071688071954,1.034281602295866,0.8774637785779419,0.3777100858989366,126,22
1867,ESM-2 3B Sawhney,viral,Site Split,CVB3_3B_Alvarez,3,0.2425187086484539,0.667635747891656,0.8126767848425522,-0.3409328670615286,1.1761165825241715,1.288453276003228,0.5331512183670931,-0.1604522237626448,8,22
1868,ESM-2 3B Sawhney,viral,Site Split,CVB3_3B_Alvarez,4,0.4264938942191958,0.6321302425920611,0.7614289200018312,-0.4095150503219866,0.9753007832341296,1.124608146569971,0.6872104888098954,-0.1643970236270866,22,22
1869,ESM-2 3B Sawhney,viral,Site Split,CVB3_3B_Alvarez,5,0.1117515913056546,0.8440083961644802,0.9501014320432905,-0.034568800807504,0.8773707622341463,0.9868432682291765,0.3900652868629128,0.0197186828465081,4,22
1870,ESM-2 3B Sawhney,viral,Site Split,IAV_H5_HA_Dadonaite,1,0.486850572351334,0.6012079763721169,0.7177973287763832,0.2424007253030019,0.726746135838412,0.8627123035084473,0.7017924885282133,0.516165782857099,301,567
1871,ESM-2 3B Sawhney,viral,Site Split,IAV_H5_HA_Dadonaite,2,0.2701858380629302,0.7492372474611952,0.8506740449556262,0.2632417134767856,0.7688717267543953,0.8725124083821769,0.5487000572559894,0.5243424981718458,54,567
1872,ESM-2 3B Sawhney,viral,Site Split,IAV_H5_HA_Dadonaite,3,0.2978751999625945,0.7262167846463244,0.8333059983116052,0.2504631794786336,0.7788043442926996,0.8808794385642472,0.5648024361804543,0.5273702339955886,68,567
1873,ESM-2 3B Sawhney,viral,Site Split,IAV_H5_HA_Dadonaite,4,0.4264095108142421,0.6465251553008887,0.7580178133420306,0.2887608799549324,0.7113372674648173,0.84008257492725,0.6660295551379081,0.5616837112529022,220,567
1874,ESM-2 3B Sawhney,viral,Site Split,IAV_H5_HA_Dadonaite,5,0.2868407802067758,0.7410803593761229,0.8441960174156456,0.2677348641241353,0.7516207089338569,0.8568979333086069,0.5643995722586781,0.5093332800071511,61,567
1875,ESM-2 3B Sawhney,viral,Site Split,DENV_POLG_Suphatrakul,1,0.1679150582376308,0.7919629839335709,0.9085700409706152,0.1394501809064677,0.8324750354014212,0.9421279755224952,0.4321118901753105,0.3717544979105734,38,900
1876,ESM-2 3B Sawhney,viral,Site Split,DENV_POLG_Suphatrakul,2,0.1832173595323618,0.7820303243421991,0.9011750133402878,0.1283766572253927,0.8215251554028212,0.9440154470022452,0.4474745592254861,0.3616526922738994,43,900
1877,ESM-2 3B Sawhney,viral,Site Split,DENV_POLG_Suphatrakul,3,0.1775690798734734,0.7910293336696026,0.90867485800524,0.1440868300680413,0.8002869444753197,0.9174418709918816,0.4396105079567342,0.3910622310081122,48,900
1878,ESM-2 3B Sawhney,viral,Site Split,DENV_POLG_Suphatrakul,4,0.1861962356140358,0.7828671087422758,0.901683146549624,0.1574262137491955,0.8012966936148734,0.9195757467075087,0.4442862983332262,0.4207379352163244,63,900
1879,ESM-2 3B Sawhney,viral,Site Split,DENV_POLG_Suphatrakul,5,0.1772831359130287,0.7900355604496453,0.9066556294532572,0.1373422524801464,0.8183965634135818,0.9298938768356236,0.4389430501462889,0.3839659084033173,45,900
1880,ESM-2 3B Sawhney,viral,Site Split,HIV1_BG505_ENV_Haddox,1,0.2462615688368479,0.7248373935327488,0.8633489108008641,0.1405904430209332,0.7876425728713055,0.9399862016577284,0.4851769054019782,0.4018565000498644,88,860
1881,ESM-2 3B Sawhney,viral,Site Split,HIV1_BG505_ENV_Haddox,2,0.2313770892356286,0.7453265678968303,0.8831249527169103,0.06872468195182,0.7777368074818979,0.9222800724269768,0.4805859610312803,0.3097047105372425,60,860
1882,ESM-2 3B Sawhney,viral,Site Split,HIV1_BG505_ENV_Haddox,3,0.2372393195250376,0.7374246678420023,0.8760398956862666,0.129025268659055,0.7772805948065131,0.9206655129513014,0.4886711120588935,0.3391888523629329,69,860
1883,ESM-2 3B Sawhney,viral,Site Split,HIV1_BG505_ENV_Haddox,4,0.1511296010689783,0.7852246926858717,0.9220447993617696,0.1752209065290954,0.7718412489454717,0.9047077036448918,0.3849190877963021,0.4483885844301343,24,860
1884,ESM-2 3B Sawhney,viral,Site Split,HIV1_BG505_ENV_Haddox,5,0.2331351460195536,0.7300276079202387,0.8692998386443643,0.1368762322072862,0.8079125509473902,0.9461251901375342,0.4740665879010604,0.405700521445104,73,860
1885,ESM-2 3B Sawhney,viral,Site Split,IAV_H1_NP_Doud,1,0.0733609857856477,0.7708578929888817,0.9615927181605588,0.0266301073442182,0.7988599055170794,0.99039914533235,0.2772942979110223,0.16442300595664,43,498
1886,ESM-2 3B Sawhney,viral,Site Split,IAV_H1_NP_Doud,2,0.0554728614238321,0.7739557993020376,0.9686572897480816,0.0100508959095276,0.7981184390918774,0.9964471646725336,0.2431752668898372,0.1848766009360215,40,498
1887,ESM-2 3B Sawhney,viral,Site Split,IAV_H1_NP_Doud,3,0.0626862190813524,0.7668792295472254,0.9602798509103844,0.0327721823711381,0.815499022516266,1.010734649414214,0.265007616107917,0.2089717670651972,37,498
1888,ESM-2 3B Sawhney,viral,Site Split,IAV_H1_NP_Doud,4,0.0455192169536197,0.7848245929286564,0.9784458063556168,0.0185658072222818,0.789088042179054,0.9846239978751604,0.227214010376405,0.1362478777197421,26,498
1889,ESM-2 3B Sawhney,viral,Site Split,IAV_H1_NP_Doud,5,0.0793541288965495,0.7699011315063519,0.9597133871439568,0.0358510773444544,0.7868576671382377,0.979622601037908,0.2939411177176798,0.1928293956392775,40,498
1890,ESM-2 3B Sawhney,cellular,Pooled Split,KKA2_KLEPN_Mikkelsen2014,1,0.6213358256480659,0.4673913770931803,0.6116689292567364,0.4944703689645319,0.5585065730034874,0.7271054842619621,0.8259868991066233,0.7514858805382977,591,264
1891,ESM-2 3B Sawhney,cellular,Pooled Split,KKA2_KLEPN_Mikkelsen2014,2,0.6229378278831899,0.466741903187023,0.6119436461214266,0.494847444804313,0.5586697765288885,0.7204253580480947,0.828298001839345,0.7629159512472042,610,264
1892,ESM-2 3B Sawhney,cellular,Pooled Split,KKA2_KLEPN_Mikkelsen2014,3,0.6096719446936865,0.4783444083886072,0.6269817491085322,0.5175661233063351,0.5366659646442171,0.6845512842206666,0.8226886219326572,0.7609290826078098,599,264
1893,ESM-2 3B Sawhney,cellular,Pooled Split,KKA2_KLEPN_Mikkelsen2014,4,0.6347107245216614,0.4625336952485692,0.6060283818071291,0.4766341201398416,0.5511265692431777,0.7152987542572439,0.8348960445059429,0.7495407244992146,644,264
1894,ESM-2 3B Sawhney,cellular,Pooled Split,KKA2_KLEPN_Mikkelsen2014,5,0.646385196287509,0.454287312808202,0.6001692367454311,0.514185541838676,0.5251908410628474,0.6697662749722278,0.8419314818779463,0.7505527336280291,725,264
1895,ESM-2 3B Sawhney,cellular,Pooled Split,RL401_YEAST_Bolon2014,1,0.8662107976544808,0.2598907610175994,0.3663328937667929,0.6789649026401936,0.4119542435551143,0.5630100640905249,0.8138457372177134,0.6828994112418977,385,128
1896,ESM-2 3B Sawhney,cellular,Pooled Split,RL401_YEAST_Bolon2014,2,0.889257095101044,0.2403998050610207,0.3371116656354951,0.712933900828145,0.3651982434000694,0.5047734624802716,0.8202927839363302,0.6746586466613307,445,128
1897,ESM-2 3B Sawhney,cellular,Pooled Split,RL401_YEAST_Bolon2014,3,0.8724085613833272,0.2577452615586669,0.3583809947769291,0.6116406454666421,0.4337363342959485,0.6146722417941369,0.8094548542821619,0.6935986811147553,356,128
1898,ESM-2 3B Sawhney,cellular,Pooled Split,RL401_YEAST_Bolon2014,4,0.8903255337996718,0.2446141261893116,0.3364520391043019,0.6367573763021803,0.3920187324808278,0.560517362238323,0.8220222254290239,0.7117076762744993,429,128
1899,ESM-2 3B Sawhney,cellular,Pooled Split,RL401_YEAST_Bolon2014,5,0.8918428233051143,0.239837399663111,0.3318698629245835,0.6202377892961758,0.4041963619908292,0.5926212773262356,0.8204565607542351,0.6463165890874172,410,128
1900,ESM-2 3B Sawhney,cellular,Pooled Split,RL401_YEAST_Bolon2013,1,0.8723530421034232,0.2579734347996531,0.3592769748003714,0.6077977457422997,0.4587024348986922,0.6115573096052925,0.884763473641959,0.7413615009096125,356,128
1901,ESM-2 3B Sawhney,cellular,Pooled Split,RL401_YEAST_Bolon2013,2,0.8115380335408361,0.3152305740174086,0.4360836459418964,0.7151674648987392,0.3720369109600983,0.5222682115098116,0.8661750853985468,0.8097285601698393,281,128
1902,ESM-2 3B Sawhney,cellular,Pooled Split,RL401_YEAST_Bolon2013,3,0.8697838805940584,0.2653443853363453,0.3653485271437677,0.5830103335073993,0.4173182689526321,0.6109840343878,0.8819001231637298,0.7927444664675718,332,128
1903,ESM-2 3B Sawhney,cellular,Pooled Split,RL401_YEAST_Bolon2013,4,0.8024248836782466,0.3148061803526893,0.4378573421899784,0.6281504911851528,0.4432753722725736,0.6418370880121681,0.8539684349744159,0.8124830039131056,229,128
1904,ESM-2 3B Sawhney,cellular,Pooled Split,RL401_YEAST_Bolon2013,5,0.8183557217609706,0.304566340585942,0.4263022488238314,0.5809395521971412,0.4436833707626118,0.646703742424394,0.8654112122282717,0.8004112867100024,239,128
1905,ESM-2 3B Sawhney,cellular,Pooled Split,BG_STRSQ_hmmerbit,1,0.6293160882275584,0.4539675690906244,0.6028707876251698,0.4677210527151438,0.5482498093790799,0.7569586140367326,0.7633791499049146,0.706652919601262,404,501
1906,ESM-2 3B Sawhney,cellular,Pooled Split,BG_STRSQ_hmmerbit,2,0.6550563423104645,0.4400214045457247,0.5862082831108718,0.4451198197992226,0.5545045237138215,0.7504961803934717,0.7831624043706326,0.6720390763582627,444,501
1907,ESM-2 3B Sawhney,cellular,Pooled Split,BG_STRSQ_hmmerbit,3,0.6848976915819801,0.4241595777885087,0.5619164607636662,0.4734936062387895,0.5257109822886161,0.7225332140886727,0.7979658318204346,0.6814784785475755,533,501
1908,ESM-2 3B Sawhney,cellular,Pooled Split,BG_STRSQ_hmmerbit,4,0.6950117693301532,0.4140728748212559,0.5505538183749656,0.4565116552607802,0.5518098825353506,0.7462239135534986,0.801952894967018,0.6801085081567109,555,501
1909,ESM-2 3B Sawhney,cellular,Pooled Split,BG_STRSQ_hmmerbit,5,0.66580843390888,0.4388177762381159,0.5812274845837587,0.4604382179973101,0.5412387634065489,0.7182976539251779,0.7872100692066654,0.6514180362809381,463,501
1910,ESM-2 3B Sawhney,cellular,Pooled Split,PABP_YEAST_Fields2013_singles,1,0.8362282326489372,0.3057232904294512,0.4118454286579951,0.678049792821365,0.4063531973692716,0.522466535838824,0.898663527066668,0.7740211915495504,277,577
1911,ESM-2 3B Sawhney,cellular,Pooled Split,PABP_YEAST_Fields2013_singles,2,0.8414767074982271,0.2970832224872236,0.4012611527373881,0.6303774355285907,0.4594822409413607,0.5885747007573939,0.8983737283565347,0.7809838622170971,276,577
1912,ESM-2 3B Sawhney,cellular,Pooled Split,PABP_YEAST_Fields2013_singles,3,0.8528815225880815,0.2845781818555242,0.3865988283469354,0.6897484376462486,0.4150436713858169,0.5386370372507936,0.903285679292233,0.7998930942537495,325,577
1913,ESM-2 3B Sawhney,cellular,Pooled Split,PABP_YEAST_Fields2013_singles,4,0.8241718839730569,0.3192834810180943,0.4249799689500974,0.6657430318553688,0.4103798868197908,0.5418314220039427,0.8885532526709142,0.7789329809568021,247,577
1914,ESM-2 3B Sawhney,cellular,Pooled Split,PABP_YEAST_Fields2013_singles,5,0.8393160355781667,0.2948737198195454,0.4027847015002233,0.6372480242190446,0.46617977516978,0.5897107432209758,0.901354810887261,0.747302766241818,278,577
1915,ESM-2 3B Sawhney,cellular,Pooled Split,B3VI55_LIPSTSTABLE,1,0.6396782688099165,0.4709096236428337,0.600114392679411,0.5500467129576103,0.5245158051311235,0.67131939357499,0.8145808008252278,0.7647487657411794,886,439
1916,ESM-2 3B Sawhney,cellular,Pooled Split,B3VI55_LIPSTSTABLE,2,0.6445669906394016,0.4666041308987124,0.5940529231531564,0.4916437850060046,0.5635257555632659,0.723028247771722,0.8181700967169032,0.7253028429265131,853,439
1917,ESM-2 3B Sawhney,cellular,Pooled Split,B3VI55_LIPSTSTABLE,3,0.6425069700112516,0.4688829942493203,0.5955480875065423,0.5032801192557252,0.5542250865610282,0.7157907612490019,0.8168136996696678,0.7357230844990439,828,439
1918,ESM-2 3B Sawhney,cellular,Pooled Split,B3VI55_LIPSTSTABLE,4,0.6391460751613431,0.4722374586607156,0.6014993428899922,0.5483478739226082,0.5271611272021436,0.6685083629233437,0.8150637435341191,0.7590800730944587,878,439
1919,ESM-2 3B Sawhney,cellular,Pooled Split,B3VI55_LIPSTSTABLE,5,0.6355157828803872,0.4743892528525995,0.6031391386368934,0.524780331380913,0.5365403203932814,0.691943443588182,0.812435440576621,0.7490615228932603,823,439
1920,ESM-2 3B Sawhney,cellular,Pooled Split,BLAT_ECOLX_Tenaillon2013,1,0.7430849063150056,0.4031538786611452,0.5081826877463569,0.475063744120174,0.5831349348354764,0.7157383649001393,0.8027272181195874,0.6590540994921615,225,286
1921,ESM-2 3B Sawhney,cellular,Pooled Split,BLAT_ECOLX_Tenaillon2013,2,0.7567177129268375,0.3797119284181393,0.4825367987337453,0.534775667462589,0.5667360304964306,0.732652166287122,0.8160226609020216,0.6849953607825888,242,286
1922,ESM-2 3B Sawhney,cellular,Pooled Split,BLAT_ECOLX_Tenaillon2013,3,0.8366115028010451,0.3146299094044722,0.4035842643157923,0.4852815118061736,0.5646100580089656,0.7218826927998705,0.852534910006244,0.651327857436845,321,286
1923,ESM-2 3B Sawhney,cellular,Pooled Split,BLAT_ECOLX_Tenaillon2013,4,0.8396034805967865,0.311349343967284,0.3998031075062077,0.5182846160741463,0.550935155826378,0.6985919374035346,0.8456791383097173,0.7123067412215621,342,286
1924,ESM-2 3B Sawhney,cellular,Pooled Split,BLAT_ECOLX_Tenaillon2013,5,0.8424366777407795,0.3107045185129916,0.3977370420080376,0.4048945519061974,0.5889601272596472,0.7642024670875333,0.8730077899360518,0.57725154740078,332,286
1925,ESM-2 3B Sawhney,cellular,Pooled Split,B3VI55_LIPST_Whitehead2015,1,0.3828880880945351,0.5872274134825755,0.7825735679276625,0.3061217785338808,0.6511483438853799,0.8453584349077302,0.5903412491764835,0.5119664052321962,507,439
1926,ESM-2 3B Sawhney,cellular,Pooled Split,B3VI55_LIPST_Whitehead2015,2,0.3978722445131809,0.5862061882620938,0.7738914813234997,0.3025877882163037,0.6331620538672831,0.8433560186988288,0.5992487380330183,0.5154166815615704,564,439
1927,ESM-2 3B Sawhney,cellular,Pooled Split,B3VI55_LIPST_Whitehead2015,3,0.4319015424465775,0.574028178453673,0.7546151399744955,0.276857053273384,0.6375446022540937,0.8460440023846548,0.6259286798257021,0.4757878869058795,676,439
1928,ESM-2 3B Sawhney,cellular,Pooled Split,B3VI55_LIPST_Whitehead2015,4,0.4203831044707311,0.5802567570347497,0.7653550371144561,0.2839510714541239,0.6256804734402996,0.8279863245765463,0.6076629248287339,0.51343900041669,641,439
1929,ESM-2 3B Sawhney,cellular,Pooled Split,B3VI55_LIPST_Whitehead2015,5,0.4252987588098386,0.5763861391866573,0.7620014467067256,0.2796187192498113,0.6288909051760557,0.8309645845687742,0.6150425480597427,0.5039003023882935,668,439
1930,ESM-2 3B Sawhney,cellular,Pooled Split,BLAT_ECOLX_Ranganathan2015,1,0.8299713588336832,0.3250354250788744,0.4117362475763356,0.7392195058047935,0.4066220449881184,0.5135558347714432,0.8991248018316549,0.8573488013488013,633,286
1931,ESM-2 3B Sawhney,cellular,Pooled Split,BLAT_ECOLX_Ranganathan2015,2,0.834112938461919,0.3223662992171994,0.4058852435130801,0.7490523409321874,0.3904870410451527,0.5076339038016098,0.9043271538905688,0.8527291327291328,681,286
1932,ESM-2 3B Sawhney,cellular,Pooled Split,BLAT_ECOLX_Ranganathan2015,3,0.8276959651087865,0.3288466286243208,0.4158547387162015,0.7487909595610549,0.388990382553927,0.4966956142732593,0.9005551499731761,0.8531967723159529,661,286
1933,ESM-2 3B Sawhney,cellular,Pooled Split,BLAT_ECOLX_Ranganathan2015,4,0.831393060388421,0.3224345255546099,0.4079462494296099,0.7668587219326758,0.3859267929434866,0.4941654215268293,0.8998583339929633,0.8687725487725487,680,286
1934,ESM-2 3B Sawhney,cellular,Pooled Split,BLAT_ECOLX_Ranganathan2015,5,0.8315130621649641,0.3239381044394819,0.4111948889757262,0.7465810701391395,0.396392690358804,0.4998373491393797,0.9003426720772858,0.8620665820665822,660,286
1935,ESM-2 3B Sawhney,cellular,Pooled Split,TPK1_HUMAN_Roth2017,1,0.2764700898856833,0.7015655576559996,0.8530862572476878,0.1223447258903447,0.7576305282154893,0.9257804471440464,0.5658854694819955,0.3824149218856852,250,243
1936,ESM-2 3B Sawhney,cellular,Pooled Split,TPK1_HUMAN_Roth2017,2,0.2567770833121441,0.7110235706870737,0.8621448839563846,0.1066235535024907,0.7878844696029951,0.9445966985817592,0.5472630390912702,0.3650803819096417,202,243
1937,ESM-2 3B Sawhney,cellular,Pooled Split,TPK1_HUMAN_Roth2017,3,0.275254929911351,0.7048664299758408,0.8544682891593521,0.120216107885378,0.7511441500841646,0.9239289269553695,0.5613666519694944,0.3793837111176277,246,243
1938,ESM-2 3B Sawhney,cellular,Pooled Split,TPK1_HUMAN_Roth2017,4,0.266998225320616,0.6982955360960429,0.8454564079625282,0.1376824562468399,0.7935373561993826,0.973256331451435,0.5580191112811289,0.3975265304026074,236,243
1939,ESM-2 3B Sawhney,cellular,Pooled Split,TPK1_HUMAN_Roth2017,5,0.2839421158400699,0.6993221500672353,0.85308795129169,0.0886002122750222,0.7530932417143952,0.920880125015476,0.5674971276236788,0.347409067620044,231,243
1940,ESM-2 3B Sawhney,cellular,Pooled Split,MK01_HUMAN_Johannessen,1,0.3230364739104938,0.6004470244111281,0.8220135066077141,0.2040572709319775,0.6410310705625711,0.8953013092152463,0.6235846357373398,0.5111869309416246,501,360
1941,ESM-2 3B Sawhney,cellular,Pooled Split,MK01_HUMAN_Johannessen,2,0.314188089294238,0.6060907356832137,0.8328969295864607,0.2155720265150583,0.6297745572414367,0.8644910590329817,0.6172504876643357,0.5230876312093925,482,360
1942,ESM-2 3B Sawhney,cellular,Pooled Split,MK01_HUMAN_Johannessen,3,0.3055268810782396,0.6036937715878805,0.8328848949965452,0.1970800222824306,0.654853015671765,0.8976045287151799,0.6126667165172576,0.5001073481654018,452,360
1943,ESM-2 3B Sawhney,cellular,Pooled Split,MK01_HUMAN_Johannessen,4,0.3181035940287993,0.5998809090715368,0.8289238000381074,0.1535683655946639,0.6565697776534171,0.9057593472526816,0.6206456990850224,0.4652368311763879,463,360
1944,ESM-2 3B Sawhney,cellular,Pooled Split,MK01_HUMAN_Johannessen,5,0.3290847028899138,0.5950811581995726,0.823537315954288,0.1938236423875072,0.6498348911064353,0.8781249505151808,0.6340678667418796,0.4883990737756994,527,360
1945,ESM-2 3B Sawhney,cellular,Pooled Split,RL401_YEAST_Fraser2016,1,0.6703554284058637,0.4364487282370053,0.5844971628064802,0.503928536512741,0.4931565406501114,0.6434931545233463,0.7871322459330115,0.668024988518581,166,128
1946,ESM-2 3B Sawhney,cellular,Pooled Split,RL401_YEAST_Fraser2016,2,0.7779906332648803,0.351756994378651,0.4701284787140258,0.5772147802898496,0.4795709779861724,0.655719208531544,0.8381266718032416,0.7002898886090941,285,128
1947,ESM-2 3B Sawhney,cellular,Pooled Split,RL401_YEAST_Fraser2016,3,0.7315398375437253,0.385220017422784,0.5132023992152547,0.4959924688957057,0.5474436981078796,0.7358445420955074,0.818384630968349,0.6308542528106186,217,128
1948,ESM-2 3B Sawhney,cellular,Pooled Split,RL401_YEAST_Fraser2016,4,0.7721185937565512,0.3478689510789683,0.469484984190921,0.5885566032722374,0.4919018644228435,0.6705644554997037,0.8222628990169184,0.7545629860651949,295,128
1949,ESM-2 3B Sawhney,cellular,Pooled Split,RL401_YEAST_Fraser2016,5,0.7531113050038548,0.3733284298677769,0.4943907821324827,0.4958771454784522,0.5077188042484194,0.7220641592207255,0.8266098751257983,0.6590753034187021,241,128
1950,ESM-2 3B Sawhney,cellular,Pooled Split,BRCA1_HUMAN_BRCT,1,0.6984965224029367,0.4100749305874898,0.561482007605225,0.4383019899968152,0.4896480189255868,0.6682436748321496,0.7139916292417795,0.5516483398886535,251,1863
1951,ESM-2 3B Sawhney,cellular,Pooled Split,BRCA1_HUMAN_BRCT,2,0.7113114174086808,0.3900368173594428,0.536310939348118,0.4128733737369069,0.5411274774255439,0.7701160389769812,0.7247012663516146,0.5232509985380183,254,1863
1952,ESM-2 3B Sawhney,cellular,Pooled Split,BRCA1_HUMAN_BRCT,3,0.7242490075155759,0.3795821121134423,0.52097889650419,0.4913004576846852,0.5106829846505689,0.7351667890679081,0.7362432529291694,0.5763662691248163,275,1863
1953,ESM-2 3B Sawhney,cellular,Pooled Split,BRCA1_HUMAN_BRCT,4,0.7164737836660731,0.3905244710579601,0.5404252809150756,0.4857089560561152,0.4825924966518808,0.671757590810607,0.73130579092083,0.538582361924629,261,1863
1954,ESM-2 3B Sawhney,cellular,Pooled Split,BRCA1_HUMAN_BRCT,5,0.6331161731504927,0.4370924123674369,0.6002864717150421,0.5024621139865589,0.5467622729120394,0.7300215148565072,0.6745122281123287,0.6084424280285248,181,1863
1955,ESM-2 3B Sawhney,cellular,Pooled Split,UBE4B_MOUSE_Klevit2013_singles,1,0.4207471303303473,0.5687407145587973,0.7717153104689346,0.1713917912298842,0.6271736278308888,0.8575704731535564,0.6440902690336859,0.400172433571717,84,1173
1956,ESM-2 3B Sawhney,cellular,Pooled Split,UBE4B_MOUSE_Klevit2013_singles,2,0.4183776221278215,0.5638379791380665,0.7406345220364684,0.1989852967380562,0.6810518409693214,0.990635994987572,0.6402275255250788,0.4739041395106246,87,1173
1957,ESM-2 3B Sawhney,cellular,Pooled Split,UBE4B_MOUSE_Klevit2013_singles,3,0.473475243679851,0.5465729096228169,0.7328350277053045,0.2337351392670776,0.6082143766995224,0.839697148996442,0.6892149985646548,0.4902784865347955,109,1173
1958,ESM-2 3B Sawhney,cellular,Pooled Split,UBE4B_MOUSE_Klevit2013_singles,4,0.4133967375234803,0.5666689500886914,0.7598751908668986,0.2933356727629793,0.6018345512580511,0.8635138439376634,0.6521498652118226,0.5349324232911308,97,1173
1959,ESM-2 3B Sawhney,cellular,Pooled Split,UBE4B_MOUSE_Klevit2013_singles,5,0.4669691394848806,0.544463689420678,0.725003120768384,0.1512678469560608,0.6407181330631702,0.9409304124179,0.6846256207021454,0.4490744551270453,99,1173
1960,ESM-2 3B Sawhney,cellular,Pooled Split,GAL4_YEAST_Shendure2015,1,0.6012135164464256,0.510998675976176,0.6315308826911906,0.4223920769470797,0.6027851053043607,0.7575680591630971,0.8031379411444916,0.6817548227776793,153,881
1961,ESM-2 3B Sawhney,cellular,Pooled Split,GAL4_YEAST_Shendure2015,2,0.6458638799181653,0.4684097402439992,0.589818497789353,0.5107323646288064,0.5827259017990394,0.7235079848677926,0.8303318408171237,0.7459974016339549,191,881
1962,ESM-2 3B Sawhney,cellular,Pooled Split,GAL4_YEAST_Shendure2015,3,0.6617595465506545,0.4680839331788037,0.586771616646185,0.3490966084493545,0.618799387800804,0.7771901727709191,0.831815814076625,0.6670937225949252,175,881
1963,ESM-2 3B Sawhney,cellular,Pooled Split,GAL4_YEAST_Shendure2015,4,0.5965450299185637,0.5109853852257689,0.6371096590899059,0.4780693499958981,0.5761452067529493,0.7135078271288398,0.8029160611048163,0.7195418914387078,143,881
1964,ESM-2 3B Sawhney,cellular,Pooled Split,GAL4_YEAST_Shendure2015,5,0.6344758337506868,0.4808419710268988,0.6036089802230779,0.3820401829430491,0.6418389004532373,0.7911284917256203,0.8265302682557788,0.6500487413846167,148,881
1965,ESM-2 3B Sawhney,cellular,Pooled Split,AMIE_PSEAE_Whitehead,1,0.6924455170495829,0.3971964398628927,0.5510235276002673,0.5078142506742644,0.5064331612674167,0.7192222516611364,0.8509523579320534,0.7642448752817693,655,346
1966,ESM-2 3B Sawhney,cellular,Pooled Split,AMIE_PSEAE_Whitehead,2,0.6796050216583616,0.409066986858333,0.5664784406111272,0.5548051029670595,0.4737952347175055,0.6651298781038588,0.8430050302089613,0.7874893911947062,657,346
1967,ESM-2 3B Sawhney,cellular,Pooled Split,AMIE_PSEAE_Whitehead,3,0.6799170719368892,0.4044982424238529,0.5602478629781916,0.5702351337726573,0.4751858563802196,0.6791927248024501,0.8435728373034284,0.8037134230749425,657,346
1968,ESM-2 3B Sawhney,cellular,Pooled Split,AMIE_PSEAE_Whitehead,4,0.6911244884384418,0.406217989638912,0.5589252914608672,0.5311712128649502,0.4733393898898034,0.6686682519947207,0.8483470495177378,0.7765581168816124,692,346
1969,ESM-2 3B Sawhney,cellular,Pooled Split,AMIE_PSEAE_Whitehead,5,0.6874559724411832,0.4062112552930045,0.563068716961509,0.5396316309370148,0.4700936069818974,0.6586009623763999,0.846925847748283,0.780749659788877,682,346
1970,ESM-2 3B Sawhney,cellular,Pooled Split,HSP82_YEAST_Bolon2016,1,0.8492804536788562,0.2675990733637203,0.3935931461582038,0.6528813182679448,0.3644257336301395,0.5544811431449054,0.7212583474676423,0.6577033592419235,844,709
1971,ESM-2 3B Sawhney,cellular,Pooled Split,HSP82_YEAST_Bolon2016,2,0.8344342027061454,0.2733694744067192,0.4076275971140389,0.7099881656553518,0.3586408997106154,0.5346481277675291,0.7178400677041958,0.6330363009920107,751,709
1972,ESM-2 3B Sawhney,cellular,Pooled Split,HSP82_YEAST_Bolon2016,3,0.8528975193746268,0.2606959980701168,0.3850110116133488,0.710223145938512,0.3538777855163708,0.5299593154699516,0.732195825383929,0.6162218461467566,863,709
1973,ESM-2 3B Sawhney,cellular,Pooled Split,HSP82_YEAST_Bolon2016,4,0.8255493118651953,0.2805924484494644,0.4154415594149246,0.7188780563258437,0.3520948027979245,0.5412876578335142,0.7118218362862918,0.6560915137870146,720,709
1974,ESM-2 3B Sawhney,cellular,Pooled Split,HSP82_YEAST_Bolon2016,5,0.8349684632196407,0.2730564797971856,0.4042540490825271,0.6967358285532264,0.3673403563299303,0.5612077118815438,0.7127143836111064,0.6476602079514918,736,709
1975,ESM-2 3B Sawhney,cellular,Pooled Split,BLAT_ECOLX_Ostermeier2014,1,0.8328338654222758,0.3091146744864949,0.4082536314778637,0.7268591740971546,0.4064819174494976,0.5256583829007156,0.9083179438249704,0.8493881264777626,938,286
1976,ESM-2 3B Sawhney,cellular,Pooled Split,BLAT_ECOLX_Ostermeier2014,2,0.8451908477169522,0.2965136526253993,0.3923228658159796,0.740880077955852,0.3931857093827391,0.5148323733875925,0.9141953633345016,0.8565720752571518,1105,286
1977,ESM-2 3B Sawhney,cellular,Pooled Split,BLAT_ECOLX_Ostermeier2014,3,0.8413289996638686,0.301528306118076,0.3984115864535341,0.7331616335957429,0.3886648519894962,0.5155756078086092,0.9132209408754146,0.8532875294561877,1018,286
1978,ESM-2 3B Sawhney,cellular,Pooled Split,BLAT_ECOLX_Ostermeier2014,4,0.8344271831678234,0.3080390233437451,0.4070164097785431,0.720251420240368,0.4105831134410734,0.5283272153615799,0.9090772855115544,0.8531432892173314,942,286
1979,ESM-2 3B Sawhney,cellular,Pooled Split,BLAT_ECOLX_Ostermeier2014,5,0.8299695550232595,0.316767258512958,0.4128718660435758,0.7002993244642988,0.3985474374884957,0.5423410027155685,0.9056140790474516,0.8505219366177847,886,286
1980,ESM-2 3B Sawhney,cellular,Pooled Split,CALM1_HUMAN_Roth2017,1,0.1538421061293999,0.7317637593424285,0.9224108972102876,0.0773088149050921,0.7454918411169532,0.949548787640934,0.4129076906262168,0.2722515243336996,65,149
1981,ESM-2 3B Sawhney,cellular,Pooled Split,CALM1_HUMAN_Roth2017,2,0.158029546786837,0.7239121393360965,0.9206873055508746,0.0621672549998376,0.7446980265903613,0.9498490569059188,0.4091248224549306,0.2823166458109789,74,149
1982,ESM-2 3B Sawhney,cellular,Pooled Split,CALM1_HUMAN_Roth2017,3,0.1762231564250167,0.7239653741994657,0.9136822271167,0.0640944428575622,0.7427425404289247,0.9396192510223752,0.4180211226701141,0.2515953693842258,88,149
1983,ESM-2 3B Sawhney,cellular,Pooled Split,CALM1_HUMAN_Roth2017,4,0.200691638310972,0.6822839847786862,0.8750586464380118,0.0865669606519636,0.8096906218839947,1.0283598638554767,0.4526161047341144,0.290357956191676,105,149
1984,ESM-2 3B Sawhney,cellular,Pooled Split,CALM1_HUMAN_Roth2017,5,0.1990323460893487,0.6943344432736167,0.8821639086880171,0.052126699228347,0.7987766809630772,1.0266687060132167,0.4450545896215587,0.2613815069284254,101,149
1985,ESM-2 3B Sawhney,cellular,Pooled Split,SUMO1_HUMAN_Roth2017,1,0.5797030564714805,0.5065332661009686,0.6464166488963478,0.4083868894438972,0.6059025979803149,0.777630971992965,0.7704446713792015,0.6581777354078008,193,101
1986,ESM-2 3B Sawhney,cellular,Pooled Split,SUMO1_HUMAN_Roth2017,2,0.586331530035564,0.5041027914509032,0.643888506404888,0.4432502788164142,0.5809260497577192,0.7425142525517219,0.7825832294508838,0.6644858041483988,202,101
1987,ESM-2 3B Sawhney,cellular,Pooled Split,SUMO1_HUMAN_Roth2017,3,0.6086007105627015,0.4907470254169901,0.6281499100508956,0.3734747012568508,0.6044525343548204,0.7779968041568542,0.7963859210246048,0.6239357797343872,226,101
1988,ESM-2 3B Sawhney,cellular,Pooled Split,SUMO1_HUMAN_Roth2017,4,0.5924269768186181,0.4964149315823958,0.6347518769857564,0.4509717667409757,0.5941700699356881,0.7575588733904255,0.7870273212283698,0.6749183594029295,222,101
1989,ESM-2 3B Sawhney,cellular,Pooled Split,SUMO1_HUMAN_Roth2017,5,0.5702263482631273,0.5191195069739555,0.6552354687202058,0.383471456779256,0.5738924377382655,0.7867511835624197,0.7712085661114885,0.6318873353255008,189,101
1990,ESM-2 3B Sawhney,cellular,Pooled Split,UBC9_HUMAN_Roth2017,1,0.6336551503347163,0.4514862732263903,0.6015160876971898,0.3956128970723442,0.5667141649834502,0.7955189685088477,0.8187633317475909,0.6861303811450078,342,159
1991,ESM-2 3B Sawhney,cellular,Pooled Split,UBC9_HUMAN_Roth2017,2,0.6438244138623632,0.4405018597607418,0.6074117214756506,0.4248625317717521,0.543020957340323,0.7018012479109081,0.8285868783026871,0.686229343110054,381,159
1992,ESM-2 3B Sawhney,cellular,Pooled Split,UBC9_HUMAN_Roth2017,3,0.6113404065776165,0.4562346495920139,0.6120761113657583,0.4751899367081287,0.5430639708080491,0.7748043102108326,0.8129558996442188,0.7292699950446471,328,159
1993,ESM-2 3B Sawhney,cellular,Pooled Split,UBC9_HUMAN_Roth2017,4,0.6225661533967997,0.4556556001715771,0.6088310189871275,0.4591109456205978,0.5386317156396818,0.761102445614674,0.814882429628701,0.7303543202268112,334,159
1994,ESM-2 3B Sawhney,cellular,Pooled Split,UBC9_HUMAN_Roth2017,5,0.6637511096201133,0.4334069939785051,0.5621403582318928,0.4004681900873517,0.5637948072777007,0.8623187461928085,0.8324239475900176,0.7198728975127768,384,159
1995,ESM-2 3B Sawhney,cellular,Pooled Split,YAP1_HUMAN_Fields2012_singles,1,0.8805295729874193,0.2512181567546916,0.338486706403067,0.3295809405111898,0.6012601611207717,0.8809855976511235,0.9434728353816172,0.6012017247010623,142,504
1996,ESM-2 3B Sawhney,cellular,Pooled Split,YAP1_HUMAN_Fields2012_singles,2,0.9147453849003092,0.2148858265904321,0.2905113300130514,0.4358525661940785,0.5120857564787936,0.7656402882650508,0.9548379463019038,0.7069295322719981,162,504
1997,ESM-2 3B Sawhney,cellular,Pooled Split,YAP1_HUMAN_Fields2012_singles,3,0.8676777016399676,0.2685076855143648,0.3630858039938039,0.4839018184793784,0.5314554032748777,0.7207792455703154,0.938264129181084,0.6895902752067137,145,504
1998,ESM-2 3B Sawhney,cellular,Pooled Split,YAP1_HUMAN_Fields2012_singles,4,0.7653490947023014,0.3604042504100818,0.4905876520373008,0.5278136517411447,0.4904366765218879,0.6498364947533883,0.8874532673109812,0.7088732568184625,77,504
1999,ESM-2 3B Sawhney,cellular,Pooled Split,YAP1_HUMAN_Fields2012_singles,5,0.7501634137683197,0.3669509585960592,0.4916788063327715,0.3584759762727517,0.5626983518957651,0.8502392075565265,0.8750681104084636,0.6511168702949526,74,504
2000,ESM-2 3B Sawhney,cellular,Pooled Split,BRCA1_HUMAN_RING,1,0.7982163784396733,0.3283468751010924,0.4495767608918097,0.5416565361861843,0.5099657440646147,0.674038159173912,0.7510899534374592,0.6727890786122659,159,1863
2001,ESM-2 3B Sawhney,cellular,Pooled Split,BRCA1_HUMAN_RING,2,0.7219263943192646,0.3969832394004148,0.5373391088169149,0.6066194738657189,0.4156293725399062,0.5748049027445004,0.7358169667020891,0.542481149584082,119,1863
2002,ESM-2 3B Sawhney,cellular,Pooled Split,BRCA1_HUMAN_RING,3,0.8596007340256341,0.2729457924759985,0.3748620527676307,0.5573316756693276,0.4567026878000913,0.6614421511737786,0.8187830679743759,0.6246695371158825,215,1863
2003,ESM-2 3B Sawhney,cellular,Pooled Split,BRCA1_HUMAN_RING,4,0.7926865522383703,0.3377545973807828,0.4464599767174319,0.5426709407561281,0.5097383449598828,0.7199994225159908,0.7689941685513875,0.642268705107998,161,1863
2004,ESM-2 3B Sawhney,cellular,Pooled Split,BRCA1_HUMAN_RING,5,0.8199294964092452,0.3110908242912331,0.4174888015463006,0.460720099247508,0.5251541214881702,0.779697119920559,0.7896464682354836,0.588072723899341,167,1863
2005,ESM-2 3B Sawhney,cellular,Pooled Split,PTEN_HUMAN_Fowler2018,1,0.6921767752835708,0.4345866036809721,0.5558885703163227,0.5171332252279643,0.5436741194002157,0.6894611383093151,0.8164249143854704,0.6949816685968507,567,403
2006,ESM-2 3B Sawhney,cellular,Pooled Split,PTEN_HUMAN_Fowler2018,2,0.6707864540395458,0.4465886766863138,0.5730029920638479,0.5498632348343793,0.5280503660365737,0.6742835784366369,0.806655387790588,0.7233104354667526,529,403
2007,ESM-2 3B Sawhney,cellular,Pooled Split,PTEN_HUMAN_Fowler2018,3,0.7149970576257038,0.4145175105944821,0.5311329570896454,0.531157761282921,0.5424016916353425,0.6984324241900275,0.8293127967257785,0.6956099961616645,661,403
2008,ESM-2 3B Sawhney,cellular,Pooled Split,PTEN_HUMAN_Fowler2018,4,0.7117945516626585,0.4178465417320838,0.5364436879408374,0.5153832638815908,0.5375805523384797,0.6981257039183149,0.8231805647731689,0.7151479870995787,642,403
2009,ESM-2 3B Sawhney,cellular,Pooled Split,PTEN_HUMAN_Fowler2018,5,0.6878022590954682,0.4363473874523078,0.5573326904690947,0.5253612682004334,0.5386309302998515,0.695428675583594,0.8106363053363507,0.7061884722988456,582,403
2010,ESM-2 3B Sawhney,cellular,Pooled Split,TPMT_HUMAN_Fowler2018,1,0.6093224081587316,0.473734118433125,0.6254455900040949,0.5059325448404889,0.5217382459951712,0.7005463240386662,0.7208875322339154,0.6466444793748087,474,245
2011,ESM-2 3B Sawhney,cellular,Pooled Split,TPMT_HUMAN_Fowler2018,2,0.5981855120256347,0.4808499923602509,0.6399682176606479,0.4705641232528704,0.5392944775054933,0.6990133801741807,0.7152819783579978,0.6065459375834132,413,245
2012,ESM-2 3B Sawhney,cellular,Pooled Split,TPMT_HUMAN_Fowler2018,3,0.6030154895867463,0.4692095413516765,0.6254119486298431,0.5364801108597073,0.5395980870810897,0.7005542042482967,0.7192452719209373,0.6514626809917924,480,245
2013,ESM-2 3B Sawhney,cellular,Pooled Split,TPMT_HUMAN_Fowler2018,4,0.592691814753206,0.4791216150138946,0.6329381513064801,0.4769503242590909,0.5588546877681804,0.7465151868562093,0.7064029572093834,0.6307263393703748,415,245
2014,ESM-2 3B Sawhney,cellular,Pooled Split,TPMT_HUMAN_Fowler2018,5,0.5914341734233788,0.4850269235138561,0.6416421621526402,0.4578741594171429,0.5452259662494114,0.7244452030793731,0.706450696478018,0.6075874246985933,378,245
2015,ESM-2 3B Sawhney,cellular,Pooled Split,RASH_HUMAN_Kuriyan,1,0.8157977755545185,0.3102638150538568,0.4313887911601393,0.6290874204042648,0.438822928433779,0.5959145005902151,0.8968250354956815,0.7930522939117972,689,189
2016,ESM-2 3B Sawhney,cellular,Pooled Split,RASH_HUMAN_Kuriyan,2,0.7616033999502244,0.3495468526987051,0.4883686387068133,0.6817442958832327,0.4283528263369559,0.562643752293185,0.8690666250714899,0.8340901958810255,509,189
2017,ESM-2 3B Sawhney,cellular,Pooled Split,RASH_HUMAN_Kuriyan,3,0.8036534722577063,0.3188240490199981,0.4452707177844239,0.6572580513778724,0.4225666215229601,0.5737836402089038,0.8938567173002667,0.8051670765960153,639,189
2018,ESM-2 3B Sawhney,cellular,Pooled Split,RASH_HUMAN_Kuriyan,4,0.8116623138253751,0.3135743830631268,0.4353728084915926,0.6358352701238544,0.4356165719744385,0.5929083465861562,0.8937979973722316,0.7986073469478366,676,189
2019,ESM-2 3B Sawhney,cellular,Pooled Split,RASH_HUMAN_Kuriyan,5,0.8026332002282881,0.3240587616948279,0.4422252956479632,0.6361582967237582,0.4272019199242061,0.6138864721172664,0.8890040094247188,0.8038358180604487,633,189
2020,ESM-2 3B Sawhney,cellular,Pooled Split,BLAT_ECOLX_Palzkill2012,1,0.7871868424407222,0.3657916712710222,0.4610174105084491,0.6369915325158106,0.4852008462155532,0.6036881895327574,0.8927025246095072,0.8051824971437295,1009,286
2021,ESM-2 3B Sawhney,cellular,Pooled Split,BLAT_ECOLX_Palzkill2012,2,0.7722087020427609,0.3778632608325873,0.4769333828072349,0.6341816569281342,0.4840118929562402,0.6050079664813678,0.8852697951131862,0.7981955863978134,888,286
2022,ESM-2 3B Sawhney,cellular,Pooled Split,BLAT_ECOLX_Palzkill2012,3,0.7669382952799031,0.3834576199101286,0.4820587156319073,0.6352746275271042,0.4857527358132408,0.6074425005559428,0.8806395804762074,0.7995370500421777,859,286
2023,ESM-2 3B Sawhney,cellular,Pooled Split,BLAT_ECOLX_Palzkill2012,4,0.7827185687177409,0.3702834899786756,0.4674764887107293,0.6245648862671493,0.4829239467048616,0.6054527444916278,0.8898359171703235,0.7977664154926385,969,286
2024,ESM-2 3B Sawhney,cellular,Pooled Split,BLAT_ECOLX_Palzkill2012,5,0.7762517750589231,0.3754429105773695,0.4706702853190632,0.6163723914274988,0.4925538773019594,0.6314669589163553,0.8863080172815838,0.7917207290931222,904,286
2025,ESM-2 3B Sawhney,cellular,Pooled Split,DLG4_RAT_Ranganathan2012,1,0.8353755644442953,0.273069029208966,0.4014111564812595,0.6019587204676017,0.4466169439184943,0.6570383178842998,0.8113621465766558,0.7133828200829484,408,724
2026,ESM-2 3B Sawhney,cellular,Pooled Split,DLG4_RAT_Ranganathan2012,2,0.7975287772441368,0.3188750513008802,0.463585246741713,0.5529201563876012,0.4039580098076154,0.5750869816690396,0.7866294001689276,0.6639322221417621,345,724
2027,ESM-2 3B Sawhney,cellular,Pooled Split,DLG4_RAT_Ranganathan2012,3,0.8153295053876592,0.293686243709657,0.4291541912996156,0.621208715817654,0.4139560976557575,0.6187531836523563,0.7967215863079157,0.6984302089152401,385,724
2028,ESM-2 3B Sawhney,cellular,Pooled Split,DLG4_RAT_Ranganathan2012,4,0.8159167017423746,0.2933708975672344,0.427612484609448,0.6855235979434309,0.398892359047547,0.5681044498834068,0.8091604094939212,0.6704915396297892,391,724
2029,ESM-2 3B Sawhney,cellular,Pooled Split,DLG4_RAT_Ranganathan2012,5,0.8066774689976632,0.2996155090067511,0.4380949683109345,0.5640314563417821,0.4160943535316695,0.6697034348677817,0.7999671410012691,0.7065355240941423,341,724
2030,ESM-2 3B Sawhney,cellular,Pooled Split,MTH3_HAEAESTABILIZED_Tawfik2015,1,0.4872113482944761,0.5850190401997585,0.7136305456820193,0.4261045455079963,0.6460941959987956,0.7672787867222844,0.7228307816375312,0.6715314869664109,173,331
2031,ESM-2 3B Sawhney,cellular,Pooled Split,MTH3_HAEAESTABILIZED_Tawfik2015,2,0.537851896391168,0.5571983435107429,0.6814931161092435,0.4397773785124983,0.5980722396475157,0.7407813696353207,0.7591513210641742,0.6687614672853432,254,331
2032,ESM-2 3B Sawhney,cellular,Pooled Split,MTH3_HAEAESTABILIZED_Tawfik2015,3,0.5470094182220316,0.5469410487697277,0.6743972976069614,0.2925414322980481,0.689466003707178,0.8309174707161361,0.7615102386879017,0.5574948516372931,198,331
2033,ESM-2 3B Sawhney,cellular,Pooled Split,MTH3_HAEAESTABILIZED_Tawfik2015,4,0.551239363045227,0.5457965544863904,0.6707045038017061,0.3324640497645812,0.6731522353121575,0.8126832266932649,0.7640186553065059,0.583991578594586,210,331
2034,ESM-2 3B Sawhney,cellular,Pooled Split,MTH3_HAEAESTABILIZED_Tawfik2015,5,0.5556748805349526,0.5446678664897415,0.6676706457970553,0.3236007316279728,0.6572775282063443,0.8168493231902741,0.7717140375852659,0.572991066484427,237,331
2035,ESM-2 3B Sawhney,cellular,Pooled Split,TIM_THETH,1,0.8520658104481991,0.3036293333585209,0.387920173093416,0.6519310311047352,0.456502633408321,0.5689268943549338,0.901942185039564,0.8107710641642248,377,254
2036,ESM-2 3B Sawhney,cellular,Pooled Split,TIM_THETH,2,0.8861677787854968,0.2610110440518993,0.3387359646427449,0.637874422811245,0.4753770523759211,0.5920146504441793,0.9194296555951744,0.8096951110123954,451,254
2037,ESM-2 3B Sawhney,cellular,Pooled Split,TIM_THETH,3,0.8644028921173896,0.2837575492484267,0.365591442274305,0.6912420309551862,0.4475996589962184,0.5678399492216578,0.9098999979774892,0.8254697231171639,420,254
2038,ESM-2 3B Sawhney,cellular,Pooled Split,TIM_THETH,4,0.8716834744306449,0.2784970299281867,0.3575113889087435,0.7008490179228779,0.4252088801768492,0.5475748724980922,0.9136707902121162,0.8309677171340948,448,254
2039,ESM-2 3B Sawhney,cellular,Pooled Split,TIM_THETH,5,0.8801308866803282,0.2726465864408482,0.3514070656866501,0.6516881276028901,0.4419442150171849,0.551301907422308,0.918078609502153,0.80741164711812,441,254
2040,ESM-2 3B Sawhney,cellular,Pooled Split,TIM_SULSO,1,0.8145053960593249,0.3246555443350157,0.428050059058447,0.5326748759757252,0.4837207030978023,0.6997125097213912,0.8856200929649828,0.7591259021360813,359,248
2041,ESM-2 3B Sawhney,cellular,Pooled Split,TIM_SULSO,2,0.7834248116819171,0.3520194860493432,0.4678821417742788,0.5827486418166665,0.4934603493508913,0.6316643522584876,0.8665719757351283,0.7584837560546391,329,248
2042,ESM-2 3B Sawhney,cellular,Pooled Split,TIM_SULSO,3,0.7961168667871182,0.3384398125314399,0.4507497956835437,0.6045538980672482,0.4817894374414381,0.6330869564371788,0.8748036962733473,0.7835871052071215,359,248
2043,ESM-2 3B Sawhney,cellular,Pooled Split,TIM_SULSO,4,0.8105849860154019,0.330783882112755,0.4386685427260832,0.5494581170107797,0.4904590162949975,0.6493266779572839,0.8839229705700083,0.7439937065917342,370,248
2044,ESM-2 3B Sawhney,cellular,Pooled Split,TIM_SULSO,5,0.8059187068655249,0.3363544800875724,0.4446096513905197,0.6255405925432205,0.454594208629734,0.5888115692887135,0.8790056991202568,0.7671541701193416,366,248
2045,ESM-2 3B Sawhney,cellular,Pooled Split,IF1_ECOLI,1,0.8704001379280497,0.2661858333208976,0.363949954950756,0.6523816392124855,0.4037412809709746,0.562348332886084,0.8147227091273925,0.6604778796543457,409,72
2046,ESM-2 3B Sawhney,cellular,Pooled Split,IF1_ECOLI,2,0.8894199182729419,0.2481002711191325,0.3361490382283924,0.5977518623621212,0.4465365741260361,0.6047588413608335,0.8297817320248758,0.6726277156627234,438,72
2047,ESM-2 3B Sawhney,cellular,Pooled Split,IF1_ECOLI,3,0.8913591418692094,0.2388694096253946,0.3285176251381366,0.6888332496756471,0.4191065423710347,0.5650804242645793,0.8343631567036881,0.6333448429688546,474,72
2048,ESM-2 3B Sawhney,cellular,Pooled Split,IF1_ECOLI,4,0.8685527100020238,0.2632850483166067,0.362277879268967,0.6743690940336389,0.4078795546053572,0.5722115412015485,0.820633802383316,0.7077760310154633,397,72
2049,ESM-2 3B Sawhney,cellular,Pooled Split,IF1_ECOLI,5,0.8697859817481268,0.2634961616449472,0.3597252445407427,0.6694557895279776,0.4033333798795299,0.5819864477187038,0.8142414552013039,0.651244187379233,418,72
2050,ESM-2 3B Sawhney,cellular,Pooled Split,TIM_THEMA,1,0.7871267154356758,0.3324074658358825,0.455466524021468,0.5525571504723141,0.494442551243057,0.7021226514124331,0.8579626755949924,0.7640891307043,404,252
2051,ESM-2 3B Sawhney,cellular,Pooled Split,TIM_THEMA,2,0.8247271441746638,0.3065300382889332,0.4190849289532842,0.5551327929933582,0.4949079614203276,0.6637609637557063,0.8775346375060699,0.738921398610957,470,252
2052,ESM-2 3B Sawhney,cellular,Pooled Split,TIM_THEMA,3,0.80152813145045,0.3249746843400062,0.4419062647222062,0.5564420783732185,0.5012262452646078,0.685427692906728,0.86142603877638,0.7836980479606533,396,252
2053,ESM-2 3B Sawhney,cellular,Pooled Split,TIM_THEMA,4,0.8325938926386125,0.2979149921668887,0.4047288878046435,0.5481755846335974,0.5004833140675795,0.7004620160280949,0.88033266202932,0.7681042004570602,470,252
2054,ESM-2 3B Sawhney,cellular,Pooled Split,TIM_THEMA,5,0.7924623740042253,0.3326971206374493,0.453417482818635,0.5363810893277896,0.5056779803134667,0.6935435973276192,0.8628713828015715,0.7293923853339735,394,252
2055,ESM-2 3B Sawhney,cellular,Site Split,DLG4_RAT_Ranganathan2012,1,0.8077191450302514,0.290688358176824,0.4290399386001082,0.1241437524320415,0.700227804609609,0.9971804321713784,0.7842503402605311,0.4369065395214726,331,724
2056,ESM-2 3B Sawhney,cellular,Site Split,DLG4_RAT_Ranganathan2012,2,0.7209264885584887,0.3572732192762501,0.5321824647968848,0.3083984987929197,0.5887563944499592,0.8047112309386075,0.7227014471005434,0.5751548630587628,195,724
2057,ESM-2 3B Sawhney,cellular,Site Split,DLG4_RAT_Ranganathan2012,3,0.4774266000109781,0.5333030410057031,0.7625488457244728,-0.0792698941128939,0.5070021945658201,0.70067748408568,0.6605751255830015,0.1361201002950883,54,724
2058,ESM-2 3B Sawhney,cellular,Site Split,DLG4_RAT_Ranganathan2012,4,0.5133811716581869,0.498299731679301,0.7275095107088502,0.0997955305390396,0.5604738661986445,0.7603378967470895,0.6748727168664793,0.2944046848492457,66,724
2059,ESM-2 3B Sawhney,cellular,Site Split,DLG4_RAT_Ranganathan2012,5,0.8007030170177858,0.2824069088960896,0.4189001325178175,0.3858460365812135,0.6863777621154301,0.9393287353952804,0.7778726380635669,0.5547673571447376,310,724
2060,ESM-2 3B Sawhney,cellular,Site Split,YAP1_HUMAN_Fields2012_singles,1,0.558628790857073,0.4994356606503468,0.6852616393860456,0.2467246766021241,0.579088184532244,0.7330608654299563,0.7720473889352901,0.5085462174503271,30,504
2061,ESM-2 3B Sawhney,cellular,Site Split,YAP1_HUMAN_Fields2012_singles,2,0.6513434853751918,0.4178062235354874,0.5754863884256565,0.1208160863460278,0.7671442099385483,1.0000555165174256,0.818733890122332,0.4754152823920266,44,504
2062,ESM-2 3B Sawhney,cellular,Site Split,YAP1_HUMAN_Fields2012_singles,3,0.7519461570697881,0.3808657551118546,0.5244514214471994,-0.0851780367717844,0.6289358591293469,0.8121973196190031,0.8945581394439588,0.2437987243090007,60,504
2063,ESM-2 3B Sawhney,cellular,Site Split,YAP1_HUMAN_Fields2012_singles,4,0.6043948009152398,0.4600565228431928,0.6224263992303203,0.2686924246196869,0.6768246728608376,0.8816152238276166,0.7886104596815193,0.5751025783350203,42,504
2064,ESM-2 3B Sawhney,cellular,Site Split,YAP1_HUMAN_Fields2012_singles,5,0.3107939373868922,0.5773443269826378,0.7809901285157131,-0.0847329944986809,0.8799458490129912,1.1453517890621163,0.622681209870813,0.3332353805465766,16,504
2065,ESM-2 3B Sawhney,cellular,Site Split,PTEN_HUMAN_Fowler2018,1,0.5347800814697516,0.5270711814183395,0.6689432196345139,0.3923518007495086,0.6703021228237201,0.8314533358841875,0.7338923283806814,0.6584948634570598,219,403
2066,ESM-2 3B Sawhney,cellular,Site Split,PTEN_HUMAN_Fowler2018,2,0.4136482007817774,0.6201653105439253,0.7703525628380776,0.2785382498114267,0.6689099506874324,0.8287000267258148,0.6663244645913211,0.5339200969629793,93,403
2067,ESM-2 3B Sawhney,cellular,Site Split,PTEN_HUMAN_Fowler2018,3,0.5935394358147108,0.5056084963987153,0.643712063587285,0.3440747084704477,0.6241393883208104,0.7769195207473653,0.7638982686120809,0.5990438672176017,281,403
2068,ESM-2 3B Sawhney,cellular,Site Split,PTEN_HUMAN_Fowler2018,4,0.5194365940510144,0.5548162159787015,0.6992326380035644,0.3784945868209087,0.614549825701482,0.7606721883539017,0.726553586070389,0.6204936679643114,182,403
2069,ESM-2 3B Sawhney,cellular,Site Split,PTEN_HUMAN_Fowler2018,5,0.5362706282607799,0.5395969177947825,0.6788633510135786,0.3044933843766866,0.6719508202944516,0.8435580908532772,0.7359339897756517,0.5873016249036337,207,403
2070,ESM-2 3B Sawhney,cellular,Site Split,TPMT_HUMAN_Fowler2018,1,0.4874291013487406,0.5406764186068389,0.7080033956587914,0.2627606019502159,0.6724063999379766,0.8950869925381911,0.6427728776703313,0.5165234978228563,173,245
2071,ESM-2 3B Sawhney,cellular,Site Split,TPMT_HUMAN_Fowler2018,2,0.5237012721378338,0.5250711331505121,0.6935985179564905,0.3120972078643621,0.6248867268600811,0.8129419278031804,0.6655489024091022,0.5331852866223676,250,245
2072,ESM-2 3B Sawhney,cellular,Site Split,TPMT_HUMAN_Fowler2018,3,0.5742302988029762,0.4894935925650436,0.6511746427015026,0.3032166536708566,0.6460108292453165,0.8404956479665413,0.6960090571498645,0.5094420610894344,349,245
2073,ESM-2 3B Sawhney,cellular,Site Split,TPMT_HUMAN_Fowler2018,4,0.4715697424508109,0.5599852544534482,0.728305751617392,0.3196871539486681,0.6270864247414037,0.8188192049731795,0.6332652274054161,0.513715320843568,166,245
2074,ESM-2 3B Sawhney,cellular,Site Split,TPMT_HUMAN_Fowler2018,5,0.435935810784591,0.5795410639747783,0.7539531469463245,0.213035964830762,0.6738805518350865,0.8718121378311651,0.6184040702250899,0.4594732251290832,121,245
2075,ESM-2 3B Sawhney,cellular,Site Split,UBC9_HUMAN_Roth2017,1,0.6125953525321307,0.448397676824962,0.5815553271832893,0.1441171206587934,0.7524250270968713,1.0920464625626851,0.8105055979403271,0.4524535405978714,277,159
2076,ESM-2 3B Sawhney,cellular,Site Split,UBC9_HUMAN_Roth2017,2,0.636579004128405,0.4513916298966355,0.6205202136635498,0.1327432223458849,0.6600011935761652,0.8153948488205724,0.8252201236904789,0.5194093833736692,345,159
2077,ESM-2 3B Sawhney,cellular,Site Split,UBC9_HUMAN_Roth2017,3,0.6406875612933842,0.447531599777544,0.602891269503636,0.1839463359939446,0.6384940055811253,0.8640224290966684,0.8204809994414354,0.4865705874631831,342,159
2078,ESM-2 3B Sawhney,cellular,Site Split,UBC9_HUMAN_Roth2017,4,0.5654152238404654,0.4846231470926038,0.6600658356476496,0.1900728177249594,0.7181493677078873,0.8907815165768223,0.7838899506872195,0.4573194349049257,264,159
2079,ESM-2 3B Sawhney,cellular,Site Split,UBC9_HUMAN_Roth2017,5,0.6698212841428772,0.4279280033861772,0.5746425354510248,0.2241926968515277,0.6453624435205727,0.875281885744925,0.8379976277877205,0.5607404999240023,420,159
2080,ESM-2 3B Sawhney,cellular,Site Split,UBE4B_MOUSE_Klevit2013_singles,1,0.2637101378938902,0.6489166952858999,0.8669201185336036,0.0724720826502168,0.6703648280730242,0.9157380383637224,0.5348972364009519,0.3739139478985248,30,1173
2081,ESM-2 3B Sawhney,cellular,Site Split,UBE4B_MOUSE_Klevit2013_singles,2,0.260935311674925,0.632265581172053,0.8655892774952999,0.1730187032725461,0.6841287614799556,0.8858517184192596,0.5327548416883412,0.4340733079966782,31,1173
2082,ESM-2 3B Sawhney,cellular,Site Split,UBE4B_MOUSE_Klevit2013_singles,3,0.2119433226481991,0.6589376542649967,0.8843041500811675,0.1965918391322204,0.699596256101151,0.9088666066819354,0.5046911589762312,0.4217104915260604,28,1173
2083,ESM-2 3B Sawhney,cellular,Site Split,UBE4B_MOUSE_Klevit2013_singles,4,0.2233815127792042,0.6486192965849009,0.8808029287067605,0.1183558241664581,0.7120471194984006,0.939082234296408,0.5152649489059284,0.3726739153286175,19,1173
2084,ESM-2 3B Sawhney,cellular,Site Split,UBE4B_MOUSE_Klevit2013_singles,5,0.2719600650764735,0.6297630574980781,0.8509946235455217,0.0260030169512953,0.7507464382762566,0.9969420079771336,0.5488213729998345,0.2079255123267977,24,1173
2085,ESM-2 3B Sawhney,cellular,Site Split,RL401_YEAST_Fraser2016,1,0.5326768640659727,0.5247584134147977,0.6810489421305462,0.3288657690860924,0.6278554784578205,0.8285846480037462,0.719378360862438,0.4866314814894791,68,128
2086,ESM-2 3B Sawhney,cellular,Site Split,RL401_YEAST_Fraser2016,2,0.6508857441137608,0.4083620514400514,0.5593292694491537,0.1723037879630785,0.8280474896064555,1.03728271506109,0.7785989283743906,0.5035294742445728,134,128
2087,ESM-2 3B Sawhney,cellular,Site Split,RL401_YEAST_Fraser2016,3,0.5634420563963313,0.5052653267452715,0.6562249309975732,0.4281975201363431,0.5840793824807752,0.7755108160261823,0.7370218256782647,0.5711634137880313,81,128
2088,ESM-2 3B Sawhney,cellular,Site Split,RL401_YEAST_Fraser2016,4,0.5203584329319847,0.5392484730321312,0.6968483126011015,0.3523385281484005,0.6153655855530045,0.78256965170233,0.717308203678602,0.6035462330758711,72,128
2089,ESM-2 3B Sawhney,cellular,Site Split,RL401_YEAST_Fraser2016,5,0.567615826805836,0.4860037785079592,0.6347695148560284,0.3209639927535972,0.6908085089906771,0.9211733365283324,0.724946840389841,0.6094392979159434,90,128
2090,ESM-2 3B Sawhney,cellular,Site Split,HSP82_YEAST_Bolon2016,1,5.580532036475461e-09,0.7100185604095031,1.0046807984507422,-3.5846438706244044e-08,0.7048201763308753,0.9815280040580912,0.1237651874910858,0.1066009501564019,1,709
2091,ESM-2 3B Sawhney,cellular,Site Split,HSP82_YEAST_Bolon2016,2,0.74320400755804,0.3521022125940671,0.5188932737907808,0.4028793174270205,0.4554728754023485,0.6925145494527523,0.6736518925689161,0.5172215273627713,321,709
2092,ESM-2 3B Sawhney,cellular,Site Split,HSP82_YEAST_Bolon2016,3,0.5871482467231494,0.4247379705518887,0.6297198821609354,0.1778891732590061,0.6429963331617448,0.9724704689192942,0.5748727963934676,0.4805164489103283,117,709
2093,ESM-2 3B Sawhney,cellular,Site Split,HSP82_YEAST_Bolon2016,4,0.727453781083347,0.3712233472669039,0.5472056373245321,0.1470050967722863,0.4609627711405359,0.6804724166544804,0.6677284593049485,0.4265964811255761,285,709
2094,ESM-2 3B Sawhney,cellular,Site Split,HSP82_YEAST_Bolon2016,5,0.6839017430500562,0.3991854741846614,0.5868262986272125,0.2825458910614322,0.4487225716834114,0.6620356882725317,0.6469890890563618,0.4323988703649433,229,709
2095,ESM-2 3B Sawhney,cellular,Site Split,BRCA1_HUMAN_RING,1,0.3499160295354333,0.6305843612047454,0.8102275092620618,0.0661192852779747,0.6558108150581471,0.9331954200386569,0.5354166749745561,0.225834188019244,15,1863
2096,ESM-2 3B Sawhney,cellular,Site Split,BRCA1_HUMAN_RING,2,0.4085091827310331,0.5803678233967081,0.7669866271760892,0.36596457240316,0.5995128861321547,0.8043374166906636,0.5963169272281551,0.508612322147062,26,1863
2097,ESM-2 3B Sawhney,cellular,Site Split,BRCA1_HUMAN_RING,3,0.34011054418553,0.5925527509810201,0.8019620301980177,0.205915960175203,0.7213657489022297,0.92717343166941,0.5366953572162678,0.4391068336160992,18,1863
2098,ESM-2 3B Sawhney,cellular,Site Split,BRCA1_HUMAN_RING,4,0.7004337345731636,0.4063889236590839,0.555825956736114,0.2392483252625029,0.5739429370938159,0.8188481216387827,0.7046519741778179,0.3861756106578617,94,1863
2099,ESM-2 3B Sawhney,cellular,Site Split,BRCA1_HUMAN_RING,5,0.3628096889049633,0.5587176498403029,0.7410935187832466,0.1537181160139521,0.7833110253556543,1.0908493517001918,0.5476413926434117,0.5446359192028734,20,1863
2100,ESM-2 3B Sawhney,cellular,Site Split,MK01_HUMAN_Johannessen,1,0.1949132946607759,0.6603972040182241,0.8966111489196019,0.0766492751654706,0.70899092719649,0.9622254196157544,0.5104959811585678,0.3243467042558496,141,360
2101,ESM-2 3B Sawhney,cellular,Site Split,MK01_HUMAN_Johannessen,2,0.2649285174425909,0.6190076243206771,0.854221316907686,0.0480785033736396,0.7217787683399955,0.9796334044022328,0.5776680957231908,0.3028424962962155,270,360
2102,ESM-2 3B Sawhney,cellular,Site Split,MK01_HUMAN_Johannessen,3,0.2355207657005067,0.6359120807558506,0.873045234689331,0.0899460449723641,0.7271646992462404,0.9593114810832266,0.5593513154651505,0.3495965721596806,217,360
2103,ESM-2 3B Sawhney,cellular,Site Split,MK01_HUMAN_Johannessen,4,0.2290964231706381,0.642797494185321,0.8801077495820915,0.055206441210971,0.7168041511325879,0.9624944333624894,0.5481874237445826,0.2659876665802602,193,360
2104,ESM-2 3B Sawhney,cellular,Site Split,MK01_HUMAN_Johannessen,5,0.2168816392268886,0.6479930106522492,0.8867521506054071,0.0731853958895998,0.7115540110873448,0.9498001723404852,0.5387305160931661,0.3166551381912584,173,360
2105,ESM-2 3B Sawhney,cellular,Site Split,TIM_THETH,1,0.5343655763881491,0.5531857161951154,0.6566465393448252,0.2499456567068557,0.7938205737964781,0.9762956051672164,0.7658659948325853,0.5051090690130926,62,254
2106,ESM-2 3B Sawhney,cellular,Site Split,TIM_THETH,2,0.7356938912432394,0.4086882583920873,0.513384773387148,0.2408123309521141,0.742422343893105,0.8737116654796402,0.8587036130427423,0.5006806762876427,171,254
2107,ESM-2 3B Sawhney,cellular,Site Split,TIM_THETH,3,0.6476382629864292,0.4883522032986802,0.6059617111555271,0.0920218392266349,0.7436136350591195,0.8676899334755321,0.8128524810105142,0.3440965666885929,104,254
2108,ESM-2 3B Sawhney,cellular,Site Split,TIM_THETH,4,0.7991721664293341,0.3506568933831644,0.4476494560126316,0.0072882778670222,0.8423543269418918,0.9946773455485936,0.8755394987506229,0.3342727101582031,253,254
2109,ESM-2 3B Sawhney,cellular,Site Split,TIM_THETH,5,0.4456888427459899,0.6344104035954675,0.7526805416078212,0.0734270273513252,0.7742717622895041,0.9104632106322426,0.7043868916807601,0.3308092500363064,43,254
2110,ESM-2 3B Sawhney,cellular,Site Split,TIM_THEMA,1,0.0775072865096927,0.7742740038271329,0.9849419477279724,0.0269298905275822,0.7070424653381914,0.8698142312280235,0.3292130099085772,0.189336146729427,7,252
2111,ESM-2 3B Sawhney,cellular,Site Split,TIM_THEMA,2,0.4905165680724389,0.5256741780747993,0.7214008895252383,-0.4570309790167239,0.9396364367125508,1.1432354099629394,0.7278403097014744,-0.0151449269171956,87,252
2112,ESM-2 3B Sawhney,cellular,Site Split,TIM_THEMA,3,0.121328724250931,0.7424714843506096,0.960598957621398,0.0529949132414064,0.7075633006265827,0.8701158614971445,0.4110544214853891,0.1756287615250398,9,252
2113,ESM-2 3B Sawhney,cellular,Site Split,TIM_THEMA,4,0.1039773341921046,0.7395893123392336,0.9490639382070544,-0.0964477049723768,0.8469686886078742,1.0275847973615653,0.4056450721621927,-0.0366029096438548,11,252
2114,ESM-2 3B Sawhney,cellular,Site Split,TIM_THEMA,5,1.2561609530337135e-09,0.7744689254067353,0.988271876775045,-0.0034506400370988,0.8377962417833318,1.045921098808114,0.0870851797284311,-0.0914853543098655,1,252
2115,ESM-2 3B Sawhney,cellular,Site Split,RASH_HUMAN_Kuriyan,1,0.528157846593883,0.5101884951872393,0.6725116102594024,0.1665641330728698,0.7266838971660652,0.9721390074226116,0.7548375898737201,0.4774221605654036,122,189
2116,ESM-2 3B Sawhney,cellular,Site Split,RASH_HUMAN_Kuriyan,2,0.5770421740651964,0.4793169180253153,0.6467995419240193,0.2540842694355424,0.6653777803270484,0.8817690594532063,0.7840325552587055,0.5052489692838997,141,189
2117,ESM-2 3B Sawhney,cellular,Site Split,RASH_HUMAN_Kuriyan,3,0.5343394291114036,0.5114696000202117,0.6728684423281158,0.2059650789024483,0.6662177848551659,0.928632496826588,0.7622757644978095,0.5167721468801978,114,189
2118,ESM-2 3B Sawhney,cellular,Site Split,RASH_HUMAN_Kuriyan,4,0.5368772033018587,0.5126697993418198,0.6874984012847637,0.3577679633607726,0.5821609461243699,0.768410487845762,0.7559621306015963,0.6497353758407428,136,189
2119,ESM-2 3B Sawhney,cellular,Site Split,RASH_HUMAN_Kuriyan,5,0.5535472086857316,0.5160605821845056,0.6904848811899443,0.1678110333321705,0.5627215884590386,0.7660298570394857,0.7790988047242049,0.4549843999941908,119,189
2120,ESM-2 3B Sawhney,cellular,Site Split,IF1_ECOLI,1,0.3242848457727089,0.5862431318546112,0.8230190759311955,0.1092787688985662,0.7404541087439751,0.9359089746908038,0.5031704854774789,0.3540797037623134,27,72
2121,ESM-2 3B Sawhney,cellular,Site Split,IF1_ECOLI,2,0.2940941169554302,0.5648312323513877,0.7947105343011968,0.0722422270131399,0.8701640852454875,1.1350812209121282,0.5412606771946965,0.23077809430318,29,72
2122,ESM-2 3B Sawhney,cellular,Site Split,IF1_ECOLI,3,0.652375756047486,0.3911693069671828,0.5532722850943099,0.1191965025624424,0.8314694926208612,1.1111441907107915,0.6850071098593006,0.2541593457690829,115,72
2123,ESM-2 3B Sawhney,cellular,Site Split,IF1_ECOLI,4,0.3032115190887637,0.6416655588745175,0.8670651516695778,-0.1167276714981038,0.6605604946012903,0.8007980240300208,0.5407525386773645,0.3860615814848615,32,72
2124,ESM-2 3B Sawhney,cellular,Site Split,IF1_ECOLI,5,0.3307843907449107,0.6011573453151493,0.8306234825049933,0.0367620090772167,0.6614388609000799,0.9215180361718864,0.5569773160816657,0.1722938959329626,29,72
2125,ESM-2 3B Sawhney,cellular,Site Split,TIM_SULSO,1,0.4687526803083899,0.5906801091849023,0.7367222916008884,0.1844448863993235,0.7101532307698655,0.8628063797965486,0.7061771811938692,0.4800058602933014,60,248
2126,ESM-2 3B Sawhney,cellular,Site Split,TIM_SULSO,2,0.4107050030537819,0.6244262665379823,0.764874543281365,0.1946439613731443,0.7573867477296311,0.898914468743181,0.673278118662066,0.4539574060943627,55,248
2127,ESM-2 3B Sawhney,cellular,Site Split,TIM_SULSO,3,0.3108221515116697,0.6639967429017456,0.8243175157634784,-0.0219842120320703,0.8298424126492465,0.9724386556871876,0.5731811104703876,0.275513245507696,26,248
2128,ESM-2 3B Sawhney,cellular,Site Split,TIM_SULSO,4,0.4295622853444397,0.6061530368791074,0.7584875582697697,0.0812837788910032,0.7597724515429507,0.9279915519004298,0.6683363732938793,0.4480702039142655,50,248
2129,ESM-2 3B Sawhney,cellular,Site Split,TIM_SULSO,5,0.4385334198234193,0.5972060945180647,0.7406035780882544,0.2695361644752926,0.7290939934706484,0.8921073676287763,0.7058400296043963,0.478885860976089,58,248
2130,ESM-2 3B Sawhney,cellular,Site Split,BLAT_ECOLX_Ostermeier2014,1,0.5871254382632558,0.5258703094563236,0.6479493747307805,0.3033346763701847,0.6598228547868588,0.8005555280500861,0.7896957073851778,0.5958407083736476,142,286
2131,ESM-2 3B Sawhney,cellular,Site Split,BLAT_ECOLX_Ostermeier2014,2,0.6175125639947565,0.4948425401685129,0.6114782733379268,0.4660697159596713,0.6147623482801321,0.755293267206741,0.8053212465414684,0.7040406401423762,207,286
2132,ESM-2 3B Sawhney,cellular,Site Split,BLAT_ECOLX_Ostermeier2014,3,0.6741728038276356,0.4588752959140239,0.5751297141046964,0.4209430133457872,0.6018840764660052,0.7280317552742198,0.8372284516387941,0.7135851984303132,254,286
2133,ESM-2 3B Sawhney,cellular,Site Split,BLAT_ECOLX_Ostermeier2014,4,0.6271111607357425,0.4962845163038577,0.6102461920955153,0.3622087606898821,0.6546718069806484,0.7884902869582335,0.8154287091739677,0.6308921389607317,191,286
2134,ESM-2 3B Sawhney,cellular,Site Split,BLAT_ECOLX_Ostermeier2014,5,0.7012525823031102,0.4298775304362333,0.5422235742377706,0.3921366679218488,0.6358496601537125,0.8035917638628978,0.8457124312252741,0.6408390072822975,301,286
2135,ESM-2 3B Sawhney,cellular,Site Split,MTH3_HAEAESTABILIZED_Tawfik2015,1,0.4185479433194545,0.6408656748671889,0.7681051152705884,0.301892202693184,0.6830810596966561,0.8058259616435018,0.6677535735112322,0.5705609142866109,81,331
2136,ESM-2 3B Sawhney,cellular,Site Split,MTH3_HAEAESTABILIZED_Tawfik2015,2,0.3819173740024661,0.662813203053954,0.7852301985335618,0.2208701469940401,0.7609042733020435,0.8842306292299623,0.6415794093430374,0.4853987286924348,64,331
2137,ESM-2 3B Sawhney,cellular,Site Split,MTH3_HAEAESTABILIZED_Tawfik2015,3,0.4113450604578493,0.643371711796883,0.768617269073213,0.2488728031036357,0.7192120864399224,0.8582106868394753,0.6668277826988163,0.5137393522492808,80,331
2138,ESM-2 3B Sawhney,cellular,Site Split,MTH3_HAEAESTABILIZED_Tawfik2015,4,0.3951781002399748,0.6455924618342884,0.771627076140973,0.3227809655854758,0.7069073481642009,0.847442202828867,0.650683805194993,0.5629926634123981,74,331
2139,ESM-2 3B Sawhney,cellular,Site Split,MTH3_HAEAESTABILIZED_Tawfik2015,5,0.427607932835548,0.6322812304646319,0.7589975611132913,0.2887035563232628,0.6983772495561381,0.8291551347541997,0.6802393073450741,0.5294483119184035,96,331
2140,ESM-2 3B Sawhney,cellular,Site Split,SUMO1_HUMAN_Roth2017,1,0.554619332034982,0.5156666963878666,0.6600065226948729,0.1342768959523762,0.7620445549581378,0.9537385030607868,0.7619443663536294,0.5027367805370495,170,101
2141,ESM-2 3B Sawhney,cellular,Site Split,SUMO1_HUMAN_Roth2017,2,0.6340715846421732,0.466391793899695,0.6021510724237803,0.1900380018218675,0.7434728341003733,0.9146098139368608,0.8104104705780532,0.4519303052224849,216,101
2142,ESM-2 3B Sawhney,cellular,Site Split,SUMO1_HUMAN_Roth2017,3,0.5689280944548382,0.506126884564215,0.6482235016675187,0.2312457079153732,0.7420918713147809,0.919093799524997,0.7652365593276141,0.5327537162383557,188,101
2143,ESM-2 3B Sawhney,cellular,Site Split,SUMO1_HUMAN_Roth2017,4,0.5541422692885257,0.5224083540589682,0.6618408868111562,0.2882038095615202,0.6972604110041464,0.8716526171918274,0.7604390158363866,0.5597306619879998,158,101
2144,ESM-2 3B Sawhney,cellular,Site Split,SUMO1_HUMAN_Roth2017,5,0.5708011025553079,0.5186003312374245,0.6599166187839732,0.1543614640885618,0.7087474306859316,0.8905536204172158,0.7694172267976723,0.4331346056721453,159,101
2145,ESM-2 3B Sawhney,cellular,Site Split,GAL4_YEAST_Shendure2015,1,0.393661605044474,0.653876620888669,0.7808438520049584,0.192700967748578,0.745096051220026,0.8876765892320321,0.6877622531975561,0.5199781852996339,27,881
2146,ESM-2 3B Sawhney,cellular,Site Split,GAL4_YEAST_Shendure2015,2,0.4210400978221916,0.6386689608906773,0.7684776528532657,0.2556618704833538,0.7039986165784852,0.8213755671957965,0.6967628068929663,0.5555555323308912,34,881
2147,ESM-2 3B Sawhney,cellular,Site Split,GAL4_YEAST_Shendure2015,3,0.4750621827146704,0.5943079419197308,0.7236463607854933,0.2366682492003385,0.731804154613751,0.8764487847455495,0.7264729169621479,0.5372744316605146,52,881
2148,ESM-2 3B Sawhney,cellular,Site Split,GAL4_YEAST_Shendure2015,4,0.3813707092362256,0.6568610009427428,0.7885533458532836,0.1940980940031261,0.7601497700067535,0.8835236334786541,0.6603944511195562,0.4947451872805976,29,881
2149,ESM-2 3B Sawhney,cellular,Site Split,GAL4_YEAST_Shendure2015,5,0.4721539080446028,0.5911825963761159,0.7228543688680645,0.2174506464793825,0.773094344202773,0.8845442283805312,0.7304474127916756,0.5123354753613651,53,881
2150,ESM-2 3B Sawhney,cellular,Site Split,CALM1_HUMAN_Roth2017,1,0.1788616327856157,0.7081049511266411,0.9043023097486051,0.0557782418383384,0.7814658101740832,0.97864064041983,0.4349810019673915,0.2702396113365677,87,149
2151,ESM-2 3B Sawhney,cellular,Site Split,CALM1_HUMAN_Roth2017,2,0.1407985139393919,0.7304382971766511,0.9214719634908032,0.0536121017134452,0.7588717843901985,0.9921063271607812,0.4025965052757178,0.2456245465424648,63,149
2152,ESM-2 3B Sawhney,cellular,Site Split,CALM1_HUMAN_Roth2017,3,0.1684998449491376,0.7126006654106438,0.9037198558375384,0.0581142577439461,0.7758222948645497,1.000972169551644,0.414002230034575,0.2971549940115238,75,149
2153,ESM-2 3B Sawhney,cellular,Site Split,CALM1_HUMAN_Roth2017,4,0.1508248593303491,0.7443309179181543,0.9367307014468056,0.0623028117775612,0.7186597660913203,0.8996203634828084,0.3937986793646229,0.2985854727571259,76,149
2154,ESM-2 3B Sawhney,cellular,Site Split,CALM1_HUMAN_Roth2017,5,0.1950066764131498,0.6989388293099208,0.8899883363887364,-0.0262116588649039,0.7817725863091601,1.0374374539545343,0.4414266226407665,0.1633226293808952,88,149
2155,ESM-2 3B Sawhney,cellular,Site Split,AMIE_PSEAE_Whitehead,1,0.4883745480823708,0.5315128373078603,0.7243897031472303,0.2809716414925201,0.5881859848530079,0.8028641772858113,0.7474809701934859,0.5976104598281359,163,346
2156,ESM-2 3B Sawhney,cellular,Site Split,AMIE_PSEAE_Whitehead,2,0.4191730261572495,0.5803588774461006,0.7724333821703078,0.3125689401995812,0.5731138258592646,0.7725426527375587,0.7062377655527091,0.5695161529076671,92,346
2157,ESM-2 3B Sawhney,cellular,Site Split,AMIE_PSEAE_Whitehead,3,0.3790461328889396,0.5874453846134428,0.7855293444176062,0.3335301474454608,0.6202722225980027,0.8191913450421727,0.6755927860585397,0.6289118845146232,77,346
2158,ESM-2 3B Sawhney,cellular,Site Split,AMIE_PSEAE_Whitehead,4,0.3461767329897667,0.6117372930607761,0.8109299220054083,0.2399234363005303,0.6469442822598321,0.8569512683679879,0.660350733995967,0.5427077350904417,49,346
2159,ESM-2 3B Sawhney,cellular,Site Split,AMIE_PSEAE_Whitehead,5,0.3837736478242676,0.5931429288313415,0.7903655005388635,0.2910974578913621,0.6101874706560507,0.8146789106460548,0.6732692444434373,0.598360190890748,76,346
2160,ESM-2 3B Sawhney,cellular,Site Split,PABP_YEAST_Fields2013_singles,1,0.8319868954041425,0.298757181126368,0.408580602905064,0.2511882794469965,0.7008935610753636,0.8663300712847145,0.8829796051581001,0.5848778855804617,223,577
2161,ESM-2 3B Sawhney,cellular,Site Split,PABP_YEAST_Fields2013_singles,2,0.7325102460194647,0.3988950579617211,0.50254776574029,0.4573029405629409,0.6173757336965274,0.8097268102209739,0.8452161413317075,0.6931489280971354,126,577
2162,ESM-2 3B Sawhney,cellular,Site Split,PABP_YEAST_Fields2013_singles,3,0.5936757431317545,0.5221176185997745,0.6500440628680367,0.2570065273588915,0.6558300067511788,0.7785977100546027,0.7933032020277612,0.4977233672065811,67,577
2163,ESM-2 3B Sawhney,cellular,Site Split,PABP_YEAST_Fields2013_singles,4,0.801922356119068,0.3287109623511482,0.4438714542001709,0.38585656012019,0.6604180706472975,0.7864912532079558,0.8766846641834777,0.6202650800726999,198,577
2164,ESM-2 3B Sawhney,cellular,Site Split,PABP_YEAST_Fields2013_singles,5,0.6790090371659199,0.4339387376831158,0.5614457285649774,0.2186467722993921,0.73528639034608,0.8915143356086991,0.8069919343585971,0.516848702033538,94,577
2165,ESM-2 3B Sawhney,cellular,Site Split,B3VI55_LIPSTSTABLE,1,0.3841837926979442,0.6352231534717117,0.7847387012644078,0.3312797364997958,0.6568200854053099,0.8170711560668609,0.6708035678158549,0.6278563507691773,126,439
2166,ESM-2 3B Sawhney,cellular,Site Split,B3VI55_LIPSTSTABLE,2,0.4751709144571364,0.5813795556312747,0.7274106946909051,0.3066057438966239,0.6562471427658664,0.8187605644830905,0.7249428581546009,0.6071498672939522,233,439
2167,ESM-2 3B Sawhney,cellular,Site Split,B3VI55_LIPSTSTABLE,3,0.3956464701144416,0.6237038409502129,0.7734807416392998,0.2703111184887289,0.6818229591600499,0.864712995146165,0.6763289755320195,0.5974746138929556,136,439
2168,ESM-2 3B Sawhney,cellular,Site Split,B3VI55_LIPSTSTABLE,4,0.4137575143756404,0.6212065073121823,0.7676108714835712,0.3101463892636882,0.6578818913105421,0.8211893642284085,0.6880278035370004,0.6151530288037794,159,439
2169,ESM-2 3B Sawhney,cellular,Site Split,B3VI55_LIPSTSTABLE,5,0.3948162502044465,0.6258466900343094,0.7761363572168868,0.2535677591845406,0.7101669900648764,0.870941108486759,0.6772213162466475,0.5562963219017442,123,439
2170,ESM-2 3B Sawhney,cellular,Site Split,RL401_YEAST_Bolon2014,1,0.5594129047084051,0.5088099548388729,0.6712047748622191,0.2652234920209629,0.6466209496792822,0.8136087565968373,0.7178969513604044,0.4903197151695485,57,128
2171,ESM-2 3B Sawhney,cellular,Site Split,RL401_YEAST_Bolon2014,2,0.5484048956870502,0.519847073620863,0.6798159124794446,0.2888252922664118,0.5451427255311139,0.796810041434702,0.7053061957695422,0.4631094907122256,60,128
2172,ESM-2 3B Sawhney,cellular,Site Split,RL401_YEAST_Bolon2014,3,0.5690639877153227,0.5094491808901821,0.6653212112364704,0.2848164839623202,0.588037129216906,0.7726507960593246,0.7312149024950726,0.5468137573521799,71,128
2173,ESM-2 3B Sawhney,cellular,Site Split,RL401_YEAST_Bolon2014,4,0.6618310050088037,0.4022375933743672,0.5445170874766588,0.0360578915410924,0.8436461778068785,1.1404314696943654,0.7145970849141162,0.3644369227203914,83,128
2174,ESM-2 3B Sawhney,cellular,Site Split,RL401_YEAST_Bolon2014,5,0.6278939999111748,0.4815782259730408,0.6398944830747442,0.0440452442586607,0.5317127924045041,0.713482840908294,0.751519048061328,0.198289323107195,83,128
2175,ESM-2 3B Sawhney,cellular,Site Split,B3VI55_LIPST_Whitehead2015,1,0.2157692621436734,0.6595792303450831,0.8778058023160293,0.1299393186897902,0.6993365344226034,0.9619820490124746,0.4676126664532331,0.3792361212843387,91,439
2176,ESM-2 3B Sawhney,cellular,Site Split,B3VI55_LIPST_Whitehead2015,2,0.2355587236310339,0.6587947413469548,0.8820577134834103,0.155844030015001,0.6786071850934078,0.8853749056033345,0.4752334536337791,0.4030675209878806,86,439
2177,ESM-2 3B Sawhney,cellular,Site Split,B3VI55_LIPST_Whitehead2015,3,0.2203237842720385,0.6655268473036299,0.8903870740774991,0.1644369352587601,0.6710416821744877,0.8823453387737812,0.4647718860808284,0.4258290127097004,79,439
2178,ESM-2 3B Sawhney,cellular,Site Split,B3VI55_LIPST_Whitehead2015,4,0.2440054267924567,0.6501710902683421,0.8694925206756414,0.1716943846419001,0.6820639554455814,0.9100197103781786,0.4890241322897301,0.4153242560738156,94,439
2179,ESM-2 3B Sawhney,cellular,Site Split,B3VI55_LIPST_Whitehead2015,5,0.2392676873785586,0.6583248071304939,0.8818360692005028,0.1468847994203299,0.6719767730754008,0.8817687903873485,0.482267095663455,0.3912682052821429,105,439
2180,ESM-2 3B Sawhney,cellular,Site Split,RL401_YEAST_Bolon2013,1,0.7330411132726806,0.3572216545323839,0.5049954266256879,0.1945957883055622,0.6752774010391623,0.9553293531366512,0.8208798295181123,0.5578389892547172,129,128
2181,ESM-2 3B Sawhney,cellular,Site Split,RL401_YEAST_Bolon2013,2,0.5947789260044825,0.4942916585367722,0.6570198523380733,0.3136313916452984,0.5150403500663303,0.6634489807939369,0.7803554562712747,0.5107359884033632,56,128
2182,ESM-2 3B Sawhney,cellular,Site Split,RL401_YEAST_Bolon2013,3,0.658613239145722,0.4382150813391102,0.5950798880387234,0.301215976570749,0.5498640919626561,0.7593550919048541,0.8151947912360136,0.4177181888373335,85,128
2183,ESM-2 3B Sawhney,cellular,Site Split,RL401_YEAST_Bolon2013,4,0.6742014845392714,0.4273684971580087,0.5841235810019689,0.0570689266794858,0.6717688180174984,0.8713214139316462,0.7882539624458372,0.5741990882189167,85,128
2184,ESM-2 3B Sawhney,cellular,Site Split,RL401_YEAST_Bolon2013,5,0.6402740002374374,0.4279072414108222,0.5839170541964323,0.2871661077077817,0.7239167689705294,0.9168946287026152,0.7943809236734474,0.5607686101087814,78,128
2185,ESM-2 3B Sawhney,cellular,Site Split,BLAT_ECOLX_Ranganathan2015,1,0.7417241862251149,0.4114365551446358,0.5074661944638632,0.3815376873519694,0.6264821510680668,0.7889103698067613,0.8599183631705035,0.628033508411864,316,286
2186,ESM-2 3B Sawhney,cellular,Site Split,BLAT_ECOLX_Ranganathan2015,2,0.7496903946307365,0.4017222407107182,0.4981733902672373,0.3662880978687013,0.669475349455629,0.8093796029671471,0.862881719254116,0.6316802843337499,321,286
2187,ESM-2 3B Sawhney,cellular,Site Split,BLAT_ECOLX_Ranganathan2015,3,0.7803281639674424,0.3790728137046897,0.4733124163415579,0.4473641386974015,0.5815193731710665,0.7016118806924591,0.8839681838536628,0.670604088619087,415,286
2188,ESM-2 3B Sawhney,cellular,Site Split,BLAT_ECOLX_Ranganathan2015,4,0.6965619361505432,0.4502138836896118,0.5521427468834307,0.3520932095242141,0.6467864498818326,0.7969241735369212,0.8443146288900121,0.607755345263267,246,286
2189,ESM-2 3B Sawhney,cellular,Site Split,BLAT_ECOLX_Ranganathan2015,5,0.6721839708625428,0.4711152927523389,0.5730602582745673,0.4089479934992229,0.6456516718520503,0.7619095798918819,0.832435129651562,0.6611422164964611,221,286
2190,ESM-2 3B Sawhney,cellular,Site Split,TPK1_HUMAN_Roth2017,1,0.2695577458974197,0.701446705169408,0.8540026539855716,-0.0636360356139309,0.8522542181677278,1.034362607690235,0.5581426776795567,0.2129257262901118,212,243
2191,ESM-2 3B Sawhney,cellular,Site Split,TPK1_HUMAN_Roth2017,2,0.2801021252273904,0.7037689463827167,0.8548191160243681,-0.0419435746688159,0.8155570779558852,0.9873453536725167,0.5686003110704375,0.24311757051472,264,243
2192,ESM-2 3B Sawhney,cellular,Site Split,TPK1_HUMAN_Roth2017,3,0.2679061023609114,0.6953069018633096,0.8455635793367955,0.0552756689256683,0.8289276791048115,1.01420922733829,0.5594624762493423,0.2966335789144761,213,243
2193,ESM-2 3B Sawhney,cellular,Site Split,TPK1_HUMAN_Roth2017,4,0.2620532037701202,0.7112153960285253,0.8602637197575148,0.0267866575985007,0.7910483861293512,0.9777461725845092,0.5538223992730785,0.3107715022302764,207,243
2194,ESM-2 3B Sawhney,cellular,Site Split,TPK1_HUMAN_Roth2017,5,0.2509904088181214,0.7204897293120305,0.8717575410168179,0.0661471218767666,0.7773506887856391,0.9375510413153448,0.5434884094528937,0.288794546184024,186,243
2195,ESM-2 3B Sawhney,cellular,Site Split,BLAT_ECOLX_Palzkill2012,1,0.2647589610988493,0.7281549021615604,0.861114822259637,0.1783612970217445,0.7490102554670893,0.880580230848056,0.5486993675318312,0.457514830041332,47,286
2196,ESM-2 3B Sawhney,cellular,Site Split,BLAT_ECOLX_Palzkill2012,2,0.2176875162042041,0.7535635296506016,0.886032387152896,0.1313653869896551,0.7830463672791682,0.9209635100415122,0.5081309486772633,0.3867480853795108,30,286
2197,ESM-2 3B Sawhney,cellular,Site Split,BLAT_ECOLX_Palzkill2012,3,0.2783687675414451,0.7134118814026491,0.8434138930120955,0.1497865831324634,0.8038650506735163,0.9433361359660196,0.5669246274541787,0.4569705880238657,45,286
2198,ESM-2 3B Sawhney,cellular,Site Split,BLAT_ECOLX_Palzkill2012,4,0.2619838621231777,0.7239120768093833,0.8521376308407677,0.1565698834044465,0.8017403459564776,0.9472064868610148,0.5521973111365325,0.4057186458064926,42,286
2199,ESM-2 3B Sawhney,cellular,Site Split,BLAT_ECOLX_Palzkill2012,5,0.1797767124426635,0.7779121795305065,0.9111101868854672,0.1319066291401514,0.7713765985811342,0.9058792113165433,0.4698217042446448,0.390075708451314,24,286
2200,ESM-2 3B Sawhney,cellular,Site Split,KKA2_KLEPN_Mikkelsen2014,1,0.46725502781741,0.5744115870558886,0.7319554269666002,0.2757726803462527,0.6603671097463848,0.8402105605278264,0.7406827224126727,0.5930271768393787,160,264
2201,ESM-2 3B Sawhney,cellular,Site Split,KKA2_KLEPN_Mikkelsen2014,2,0.5457220009976234,0.5258787607990095,0.6835948849829515,0.2790509964030391,0.6381934439464315,0.7961515877651747,0.7914719469188594,0.5961095675889284,295,264
2202,ESM-2 3B Sawhney,cellular,Site Split,KKA2_KLEPN_Mikkelsen2014,3,0.5355734161430423,0.5283692143035505,0.6831303547190518,0.3096821852625285,0.6529933487614882,0.8211893099059259,0.7848641953201242,0.6080888256081592,278,264
2203,ESM-2 3B Sawhney,cellular,Site Split,KKA2_KLEPN_Mikkelsen2014,4,0.5401642117152772,0.5271328098639848,0.6816411848995638,0.317063444012359,0.6376764418824589,0.8026546935227729,0.7830336671309406,0.6435676392844816,282,264
2204,ESM-2 3B Sawhney,cellular,Site Split,KKA2_KLEPN_Mikkelsen2014,5,0.456562158304504,0.5801871992232912,0.7425732636361912,0.3163881779635176,0.6495379775444562,0.8003282913934554,0.7351686443316079,0.62081185717598,155,264
2205,ESM-2 3B Sawhney,cellular,Site Split,BG_STRSQ_hmmerbit,1,0.5920572213010408,0.4715651670715647,0.6360938342485802,0.2983396740871841,0.619401491211747,0.8489412127735777,0.7469136803093607,0.5890937606577801,275,501
2206,ESM-2 3B Sawhney,cellular,Site Split,BG_STRSQ_hmmerbit,2,0.3895971894811353,0.5932351919953143,0.7854712480351289,0.3087242300491233,0.6167130991125261,0.8126142356062634,0.64026078437857,0.576443610489322,71,501
2207,ESM-2 3B Sawhney,cellular,Site Split,BG_STRSQ_hmmerbit,3,0.5569293676774985,0.4968567863885762,0.669026817098721,0.3453844267259329,0.6039217274681096,0.7924014485850066,0.733582784275839,0.581638884370588,232,501
2208,ESM-2 3B Sawhney,cellular,Site Split,BG_STRSQ_hmmerbit,4,0.4700573460424103,0.5506933836272316,0.7323434150300169,0.2864731495955207,0.6121518189979068,0.8197590594500497,0.6867224930051153,0.5547731858548142,127,501
2209,ESM-2 3B Sawhney,cellular,Site Split,BG_STRSQ_hmmerbit,5,0.5433173792214789,0.4999397928864972,0.6716572153733943,0.4262021931276478,0.5750996704972052,0.7739182583118367,0.7150331223403901,0.6465275758039143,266,501
2210,ESM-2 3B Sawhney,cellular,Site Split,BRCA1_HUMAN_BRCT,1,0.5543379616377577,0.4890655025721228,0.6617725652952767,0.3556114448168685,0.5980890777097032,0.8293944782928897,0.6328002864642704,0.4761955605616118,103,1863
2211,ESM-2 3B Sawhney,cellular,Site Split,BRCA1_HUMAN_BRCT,2,0.483094199945612,0.545272571600013,0.7338440920604254,0.0460142211955195,0.633569616096394,0.8914271861980214,0.5771306425008937,0.4261042269308647,60,1863
2212,ESM-2 3B Sawhney,cellular,Site Split,BRCA1_HUMAN_BRCT,3,0.430540432225395,0.5632805449915022,0.7520478600569066,0.3942622510902317,0.5868657708873217,0.7885627198112508,0.5478693201890681,0.5435169239678622,53,1863
2213,ESM-2 3B Sawhney,cellular,Site Split,BRCA1_HUMAN_BRCT,4,0.3571389896653337,0.581626974253491,0.7747673999070516,0.2277337675119215,0.7034332720266608,0.976891856438228,0.4957036232119901,0.5024413507104961,34,1863
2214,ESM-2 3B Sawhney,cellular,Site Split,BRCA1_HUMAN_BRCT,5,0.4346593200572497,0.5479738700262086,0.743886406260627,0.242426596532628,0.7013191365842513,0.9024661810324156,0.5475151244933837,0.4220374009611153,50,1863
2215,ESM-2 3B Sawhney,cellular,Site Split,BLAT_ECOLX_Tenaillon2013,1,0.4185847788094065,0.621532556700298,0.7666222909998943,0.3121638979404604,0.6557079157242559,0.8113086348400591,0.6319838723182817,0.6094323660447576,47,286
2216,ESM-2 3B Sawhney,cellular,Site Split,BLAT_ECOLX_Tenaillon2013,2,0.5763400534716973,0.514123552383249,0.6435115641475966,0.251526055590708,0.7165082675996773,0.9002877518964123,0.7101764198412709,0.5502292451243113,105,286
2217,ESM-2 3B Sawhney,cellular,Site Split,BLAT_ECOLX_Tenaillon2013,3,0.7298097161904566,0.4010128138849835,0.5058235589814138,0.4141178240608054,0.61840023202559,0.8343289898540733,0.7954141000887032,0.6463638687980328,205,286
2218,ESM-2 3B Sawhney,cellular,Site Split,BLAT_ECOLX_Tenaillon2013,4,0.5076358224117384,0.5614648106013704,0.6958053573175534,0.3627382510067465,0.6623616607228776,0.8244037661421914,0.678779312316642,0.6475339400830491,83,286
2219,ESM-2 3B Sawhney,cellular,Site Split,BLAT_ECOLX_Tenaillon2013,5,0.5251345561060664,0.5497537769181919,0.6833823641688596,0.2845390735687573,0.6887300116992199,0.8706040866345065,0.694493505265714,0.5380970717129038,80,286
2220,ESM-2-CRVDB,viral,Pooled Split,HIV1_BF520_ENV_Haddox,1,0.5293219463456759,0.5471389889775307,0.6844814016886374,0.4599138702515603,0.5905325494406435,0.7415679013248793,0.7427884873246731,0.6870154944327653,636,852
2221,ESM-2-CRVDB,viral,Pooled Split,HIV1_BF520_ENV_Haddox,2,0.5324618501014902,0.546207265202471,0.6836911137400213,0.4522850371924881,0.593611203137467,0.7403820943377848,0.7431029560590067,0.6826716591523954,635,852
2222,ESM-2-CRVDB,viral,Pooled Split,HIV1_BF520_ENV_Haddox,3,0.533289449221604,0.5442558590519238,0.6824352823830085,0.4676385890059953,0.5911842616464709,0.732657851362572,0.7447415270774667,0.6959293696753578,650,852
2223,ESM-2-CRVDB,viral,Pooled Split,HIV1_BF520_ENV_Haddox,4,0.5280566706199,0.548342916558847,0.6863744310278964,0.4522693931804504,0.5947058739837289,0.7426741812878468,0.7414971158083205,0.6873969081848805,602,852
2224,ESM-2-CRVDB,viral,Pooled Split,HIV1_BF520_ENV_Haddox,5,0.5352186298092199,0.5471783496089354,0.6840803123446324,0.4403060265588852,0.586861879033336,0.7375415431276978,0.7453695226590777,0.6831549195642089,614,852
2225,ESM-2-CRVDB,viral,Pooled Split,LAMBDA_HCP_Tsuboyama,1,0.9416411205903464,0.1798375110805099,0.241735313118973,0.8463484606633054,0.2849419747997869,0.3907549804341235,0.9482466896783706,0.8584862886922383,285,55
2226,ESM-2-CRVDB,viral,Pooled Split,LAMBDA_HCP_Tsuboyama,2,0.946818071051469,0.1759652125248451,0.2330175688060583,0.840200464045916,0.2791441255019702,0.3823166342425083,0.9507384528373972,0.8786105199148677,286,55
2227,ESM-2-CRVDB,viral,Pooled Split,LAMBDA_HCP_Tsuboyama,3,0.9450899993534112,0.1762254697809407,0.2340127168138226,0.834238665870301,0.3016872143719589,0.4089900996253897,0.948190370288632,0.881385586191078,292,55
2228,ESM-2-CRVDB,viral,Pooled Split,LAMBDA_HCP_Tsuboyama,4,0.9469723778941032,0.1708449653651968,0.2257032640139943,0.8255435479998625,0.3105456529248772,0.4367442923392492,0.9435326754973024,0.9174507795789258,298,55
2229,ESM-2-CRVDB,viral,Pooled Split,LAMBDA_HCP_Tsuboyama,5,0.9467057054199274,0.1713891228068682,0.2274848772249312,0.836201360282079,0.2970277007685685,0.4275253381538458,0.950896013779019,0.883753927232188,277,55
2230,ESM-2-CRVDB,viral,Pooled Split,SARS2_XBB15_RBD_Taylor,1,0.713295836218681,0.404310658691887,0.5337911927093518,0.5768840925417502,0.4902132953067006,0.6574470537908386,0.7126710773323985,0.6455785115103577,423,201
2231,ESM-2-CRVDB,viral,Pooled Split,SARS2_XBB15_RBD_Taylor,2,0.7232443126588968,0.4014001534547888,0.5298367370796194,0.5723592247875975,0.4650353156707635,0.6342371433372704,0.7207162347731694,0.6354407038394249,464,201
2232,ESM-2-CRVDB,viral,Pooled Split,SARS2_XBB15_RBD_Taylor,3,0.7306201074397198,0.3946996064790996,0.5191166083238498,0.6387189927239809,0.4446818219991609,0.6006085253588774,0.7246210379781528,0.6641085421904256,493,201
2233,ESM-2-CRVDB,viral,Pooled Split,SARS2_XBB15_RBD_Taylor,4,0.7453062346011532,0.3803685964964378,0.502426463957623,0.5340500714630876,0.4965055944955049,0.6946082134601869,0.7259066113492997,0.6474105205192011,504,201
2234,ESM-2-CRVDB,viral,Pooled Split,SARS2_XBB15_RBD_Taylor,5,0.7310722977314057,0.3977130024003542,0.5252592989259048,0.5127592234531372,0.4728826717717442,0.6601067454122229,0.7239728694572227,0.6497622233249478,457,201
2235,ESM-2-CRVDB,viral,Pooled Split,NIPAH_F_Larsen,1,0.5775681475709895,0.5168073957057153,0.6523035325864541,0.4579499959189582,0.569237779364394,0.7252903555441202,0.6996012064478091,0.606778849994539,721,602
2236,ESM-2-CRVDB,viral,Pooled Split,NIPAH_F_Larsen,2,0.5731470887866599,0.5170098246644641,0.6549777998186653,0.4855514964851289,0.5569694728644617,0.7098621569814355,0.6928595535075807,0.6455910353743296,730,602
2237,ESM-2-CRVDB,viral,Pooled Split,NIPAH_F_Larsen,3,0.5680732647149458,0.5199646865563755,0.6569304200996453,0.4839043708349415,0.5642525998725124,0.7195490432470196,0.6936367081625503,0.6330107085158696,703,602
2238,ESM-2-CRVDB,viral,Pooled Split,NIPAH_F_Larsen,4,0.573827990342415,0.5168641973563131,0.6536309186228456,0.4676004127879292,0.5730795063940939,0.725977853497246,0.694854785140897,0.616440351173059,730,602
2239,ESM-2-CRVDB,viral,Pooled Split,NIPAH_F_Larsen,5,0.5728382019769267,0.5150829816805436,0.651784217062183,0.4823777979820575,0.5751206643433936,0.7272794428275197,0.6962359965877376,0.6237172376117811,716,602
2240,ESM-2-CRVDB,viral,Pooled Split,SARS2_MRPO_Flynn,1,0.6819841091323617,0.4464838971798675,0.5622470457004348,0.5377314250844116,0.5449716001670429,0.687701715990755,0.7668840001754171,0.6987586639042138,603,306
2241,ESM-2-CRVDB,viral,Pooled Split,SARS2_MRPO_Flynn,2,0.6773219888241966,0.4520514614801584,0.5681462724353962,0.5490993596781923,0.5314518677696217,0.670975912855542,0.7643978265789422,0.6999052457061542,611,306
2242,ESM-2-CRVDB,viral,Pooled Split,SARS2_MRPO_Flynn,3,0.678028761061859,0.4519033481050972,0.5658281559194887,0.5716749114443594,0.5229951157274525,0.661687249128247,0.764353205675914,0.7169126354072742,629,306
2243,ESM-2-CRVDB,viral,Pooled Split,SARS2_MRPO_Flynn,4,0.6794163652401071,0.4524519721304647,0.5688836772050792,0.5697232469213622,0.5078127733667156,0.6426166207052089,0.7744641525963841,0.6889220779641503,639,306
2244,ESM-2-CRVDB,viral,Pooled Split,SARS2_MRPO_Flynn,5,0.679465465543855,0.4514417009081845,0.5676299128613712,0.5453167379276964,0.5253003492919989,0.6672332686748197,0.7670230170864387,0.7048952356168642,605,306
2245,ESM-2-CRVDB,viral,Pooled Split,SARS2_BA1_SPIKE_Dadonaite,1,0.4075692110776469,0.6027669340098158,0.7713034836096646,0.306604687343763,0.6435866391050127,0.8255244845071935,0.6092229467806305,0.525780844891527,555,1249
2246,ESM-2-CRVDB,viral,Pooled Split,SARS2_BA1_SPIKE_Dadonaite,2,0.4054052260662618,0.5980943752898061,0.768877706079137,0.295412382185645,0.660394516937091,0.848729668026481,0.6051546688642387,0.5341574424366716,529,1249
2247,ESM-2-CRVDB,viral,Pooled Split,SARS2_BA1_SPIKE_Dadonaite,3,0.3996596235325163,0.6057819723809394,0.7755775682904016,0.2863058293236026,0.6535687773424607,0.8414283227618559,0.6046788523274051,0.524754564789573,502,1249
2248,ESM-2-CRVDB,viral,Pooled Split,SARS2_BA1_SPIKE_Dadonaite,4,0.3953324207526875,0.6069706501316097,0.7791669788076071,0.2826299797306015,0.6578140885406998,0.8400738138329328,0.5944989015736869,0.5276600569612887,478,1249
2249,ESM-2-CRVDB,viral,Pooled Split,SARS2_BA1_SPIKE_Dadonaite,5,0.3991581097417453,0.6050684066167137,0.7741550709119367,0.329819812286888,0.6386761850909796,0.8226901892502942,0.6015523199031865,0.5503023549507131,550,1249
2250,ESM-2-CRVDB,viral,Pooled Split,SARS2_PLPRO_activity_Wu,1,0.647973644619694,0.4837111686073849,0.5949149751949024,0.5632920116891172,0.519452605815026,0.6535578074123463,0.7815832595224874,0.7299646614612159,541,316
2251,ESM-2-CRVDB,viral,Pooled Split,SARS2_PLPRO_activity_Wu,2,0.6476082559587127,0.4810876932244622,0.5932867659849902,0.5108012123224516,0.5603111448670295,0.7007779260186044,0.7802733040009496,0.6990540840444641,527,316
2252,ESM-2-CRVDB,viral,Pooled Split,SARS2_PLPRO_activity_Wu,3,0.6617833102469672,0.4726130806437372,0.5833918543594909,0.5259510372707487,0.5444848452383851,0.6795768182041421,0.7894773968497883,0.7044875520690106,562,316
2253,ESM-2-CRVDB,viral,Pooled Split,SARS2_PLPRO_activity_Wu,4,0.6502370486402339,0.4807100979796624,0.592016426389091,0.5164307019575612,0.565529049747091,0.6922759455987171,0.779811339628645,0.7072621688008476,535,316
2254,ESM-2-CRVDB,viral,Pooled Split,SARS2_PLPRO_activity_Wu,5,0.6486500785177569,0.4819392017518134,0.5941182036624846,0.5796245268210196,0.5235137032064104,0.6420279254214384,0.7823929707576383,0.7385247347940134,564,316
2255,ESM-2-CRVDB,viral,Pooled Split,DENV_POLG_Suphatrakul,1,0.3616409491651969,0.6753226385987842,0.7960652851045271,0.3053151374352301,0.7257621864522315,0.8454373004962147,0.631780564032131,0.5815669468501707,391,900
2256,ESM-2-CRVDB,viral,Pooled Split,DENV_POLG_Suphatrakul,2,0.3600137377579701,0.6800364025299263,0.8006559722626747,0.331623674013241,0.6918904964638642,0.8146607152638988,0.6309522668027978,0.6114596818514291,389,900
2257,ESM-2-CRVDB,viral,Pooled Split,DENV_POLG_Suphatrakul,3,0.3570341100612608,0.6826131938257604,0.8026004997831115,0.3355030846419714,0.6907943986422439,0.8121147133195858,0.6282286072877713,0.6107105060279523,396,900
2258,ESM-2-CRVDB,viral,Pooled Split,DENV_POLG_Suphatrakul,4,0.357502664721287,0.6815876358405,0.8010716612380595,0.3223097087301145,0.7013292935802729,0.8250757446224792,0.6287746209480753,0.5991530876193935,388,900
2259,ESM-2-CRVDB,viral,Pooled Split,DENV_POLG_Suphatrakul,5,0.3627289174045878,0.6793662120508417,0.7996172495900272,0.3208922801666979,0.6944507356942434,0.818588524573771,0.6322932504220241,0.5935812652788252,385,900
2260,ESM-2-CRVDB,viral,Pooled Split,IAV_H3_HA_Lee,1,0.5583855967749383,0.5291639685847862,0.6629572405605239,0.4705420909097008,0.5885538999251196,0.7345313738710046,0.7649924703522538,0.7032086772606966,784,566
2261,ESM-2-CRVDB,viral,Pooled Split,IAV_H3_HA_Lee,2,0.5515452789491604,0.5331986312371032,0.669414482680502,0.4527557202042455,0.597550742521006,0.7407994082495012,0.7625241100974035,0.6923882603072103,721,566
2262,ESM-2-CRVDB,viral,Pooled Split,IAV_H3_HA_Lee,3,0.5540151517135139,0.5330208515328455,0.6660913884081096,0.4726670448143263,0.5816059465399492,0.7336407033952884,0.7606463252167246,0.7093701924803664,765,566
2263,ESM-2-CRVDB,viral,Pooled Split,IAV_H3_HA_Lee,4,0.5484087212610647,0.5352649425580404,0.6717408088405252,0.4620974117479814,0.5904311077186017,0.7343324497968213,0.7592783368655075,0.6993777797383937,730,566
2264,ESM-2-CRVDB,viral,Pooled Split,IAV_H3_HA_Lee,5,0.5577042395750371,0.5298044025814558,0.6647223968840109,0.4778203568078366,0.5790940756883385,0.7240500787947017,0.7651034917904429,0.7119882109844676,776,566
2265,ESM-2-CRVDB,viral,Pooled Split,HIV1_BG505_ENV_Haddox,1,0.5366838573155093,0.5496608436254343,0.6814846902558365,0.5001322059821013,0.5672578499877013,0.7035422091588555,0.7444748647257378,0.7155012347341801,648,860
2266,ESM-2-CRVDB,viral,Pooled Split,HIV1_BG505_ENV_Haddox,2,0.547518833189564,0.5437061850689668,0.6739028321944398,0.4662268701413787,0.5848728822288599,0.7251932806938075,0.7515848417887309,0.6882894589535239,648,860
2267,ESM-2-CRVDB,viral,Pooled Split,HIV1_BG505_ENV_Haddox,3,0.5439114026026279,0.5430107112183217,0.672186358073714,0.4805390421169371,0.590390785395859,0.7340283021394663,0.7486312256127837,0.7005692630639683,643,860
2268,ESM-2-CRVDB,viral,Pooled Split,HIV1_BG505_ENV_Haddox,4,0.5466408078356841,0.5438727469578675,0.6745159336044831,0.474452804838091,0.5793859769171668,0.7197681612502528,0.7501509515594666,0.6990177500922353,662,860
2269,ESM-2-CRVDB,viral,Pooled Split,HIV1_BG505_ENV_Haddox,5,0.5434071857818452,0.5463241037334787,0.67576868409273,0.4720402329603077,0.5841229361105083,0.7263819589311694,0.7490074784333852,0.6925119501302158,636,860
2270,ESM-2-CRVDB,viral,Pooled Split,CVB3_3C_Alvarez,1,0.613225641446504,0.4961395941240138,0.6236331578413714,0.5209648832859164,0.5531782281367277,0.6841980236971824,0.7578916852538778,0.7135039170039474,373,183
2271,ESM-2-CRVDB,viral,Pooled Split,CVB3_3C_Alvarez,2,0.6050196375809709,0.5045010564595892,0.6288800042270835,0.5660812893207022,0.5270671091672219,0.6569458594242804,0.7587971315124684,0.7251294463813296,388,183
2272,ESM-2-CRVDB,viral,Pooled Split,CVB3_3C_Alvarez,3,0.6132850429410679,0.5016233047932597,0.6268185086486359,0.5031104258604138,0.5490724211803886,0.6812285467328922,0.7593928070653004,0.6976159898252543,363,183
2273,ESM-2-CRVDB,viral,Pooled Split,CVB3_3C_Alvarez,4,0.6139166991282876,0.497553009570493,0.6209076736224752,0.4931547010630708,0.5776914603142519,0.71392626303398,0.7567976952184435,0.6977345278017729,378,183
2274,ESM-2-CRVDB,viral,Pooled Split,CVB3_3C_Alvarez,5,0.614373145840522,0.4914504007944154,0.6170000839430191,0.5044192379717181,0.5755536798039286,0.7208682432991784,0.7551850504977452,0.7064051077482575,379,183
2275,ESM-2-CRVDB,viral,Pooled Split,CVB3_2C_Alvarez,1,0.6039194135112806,0.5120980435739253,0.6289936169948589,0.49108085231915,0.5898353300512672,0.7149557184327722,0.7790829533015482,0.7134585937087407,647,329
2276,ESM-2-CRVDB,viral,Pooled Split,CVB3_2C_Alvarez,2,0.6083454223501827,0.5070473850294078,0.6255199576615541,0.5063273045973025,0.5804380226878183,0.7039277651485915,0.7802643622368018,0.7192209548951646,719,329
2277,ESM-2-CRVDB,viral,Pooled Split,CVB3_2C_Alvarez,3,0.6148078337237423,0.501326441007751,0.6182757954990415,0.4986920487989806,0.585584931547161,0.718455717322748,0.783875999276259,0.7167306042449915,714,329
2278,ESM-2-CRVDB,viral,Pooled Split,CVB3_2C_Alvarez,4,0.6161023354812819,0.5053383008031175,0.6204772392711859,0.4799685843354367,0.5826698674122617,0.7162560329746729,0.7856448571861625,0.7017257551759606,696,329
2279,ESM-2-CRVDB,viral,Pooled Split,CVB3_2C_Alvarez,5,0.6113966522654507,0.5107038014366955,0.6259658657706811,0.4776662701468639,0.5807977478218878,0.7101836476924891,0.781399713425353,0.7046026942897485,683,329
2280,ESM-2-CRVDB,viral,Pooled Split,IAV_PB2_Soh,1,0.3714941150795924,0.5316560113621317,0.8144536817873403,0.293900535673627,0.5509020252876197,0.7406707927220479,0.611641245956359,0.5522403203790799,747,759
2281,ESM-2-CRVDB,viral,Pooled Split,IAV_PB2_Soh,2,0.3538075840858127,0.5343198952657431,0.817280902561342,0.3038523809312359,0.5446754744742018,0.7755792807311794,0.6122622148581484,0.546355290066206,682,759
2282,ESM-2-CRVDB,viral,Pooled Split,IAV_PB2_Soh,3,0.3626153977003337,0.5251027097786182,0.8014675796278419,0.3277493852852575,0.5488686985325466,0.807019538112883,0.612258433059287,0.5799577015950782,739,759
2283,ESM-2-CRVDB,viral,Pooled Split,IAV_PB2_Soh,4,0.3714870535960268,0.5242079441665701,0.8005994694198115,0.3025391966853743,0.5501629793118682,0.8013908280318638,0.6162009345509629,0.5620685953996853,768,759
2284,ESM-2-CRVDB,viral,Pooled Split,IAV_PB2_Soh,5,0.3747792437701808,0.5153898745676521,0.7592603231152494,0.2534375168805016,0.5707874098527916,0.9890750337321976,0.6237486624757254,0.5705246267429548,720,759
2285,ESM-2-CRVDB,viral,Pooled Split,SARS2_RBD_binding_Starr,1,0.6927573723535888,0.4014884757847594,0.5536945777495431,0.6395291704897978,0.4419690209248033,0.6029628427659249,0.7337811386305875,0.6926297880671134,412,1273
2286,ESM-2-CRVDB,viral,Pooled Split,SARS2_RBD_binding_Starr,2,0.7010135466807758,0.3907009343409,0.5403994995028472,0.6057375346497255,0.4652382934875548,0.6558510758953535,0.736081956466865,0.6827444453622704,418,1273
2287,ESM-2-CRVDB,viral,Pooled Split,SARS2_RBD_binding_Starr,3,0.6948541554840161,0.4006705266842915,0.5539930639908103,0.6211503127373621,0.4460972482584454,0.6083522755463961,0.7318687659774276,0.6784100523943548,406,1273
2288,ESM-2-CRVDB,viral,Pooled Split,SARS2_RBD_binding_Starr,4,0.6999000487837607,0.3901909084361613,0.5411297122012124,0.612333629434868,0.4745065715166919,0.6508769116872072,0.7309063068480601,0.6968490937409142,416,1273
2289,ESM-2-CRVDB,viral,Pooled Split,SARS2_RBD_binding_Starr,5,0.6994829668546725,0.3920635447313212,0.5433326874430559,0.6236639073540398,0.4547141331583205,0.6341381679203764,0.7301065128329558,0.7180277399057234,412,1273
2290,ESM-2-CRVDB,viral,Pooled Split,IAV_RDRP_Li,1,0.3205419472132044,0.6683821294076044,0.8267939354229636,0.2399715146934973,0.7051403633290018,0.8611193173917026,0.5709336246765173,0.4843551757674529,452,757
2291,ESM-2-CRVDB,viral,Pooled Split,IAV_RDRP_Li,2,0.3203053534320309,0.6702535176038229,0.8275781174929908,0.2565317894903393,0.6889250160314959,0.848736604282575,0.5716929867178928,0.4989733379152781,474,757
2292,ESM-2-CRVDB,viral,Pooled Split,IAV_RDRP_Li,3,0.3142761613701197,0.6705082772247541,0.8290854435083546,0.2627262312130922,0.6927487346106624,0.8541936324468652,0.5661191752147282,0.5104458753807998,456,757
2293,ESM-2-CRVDB,viral,Pooled Split,IAV_RDRP_Li,4,0.316000121802273,0.6696277396033729,0.8299725342348264,0.2424869089741705,0.7029145506600716,0.8576558624233993,0.5661110010825611,0.4938613294403051,462,757
2294,ESM-2-CRVDB,viral,Pooled Split,IAV_RDRP_Li,5,0.3161724057710611,0.6700277962662445,0.8270584350411395,0.2418208318112816,0.7046616096338881,0.8699388937064528,0.5674990882454773,0.4899097894943562,440,757
2295,ESM-2-CRVDB,viral,Pooled Split,CVB3_POLG_Mattenberger,1,0.3465962730931233,0.6340572868435062,0.8042769550322119,0.3122890044841578,0.6665664728202693,0.8455657342436937,0.5796615886605928,0.552713273513796,466,2185
2296,ESM-2-CRVDB,viral,Pooled Split,CVB3_POLG_Mattenberger,2,0.3450323543068638,0.6388748830991485,0.8104479957739942,0.2816919994521346,0.6648102837998768,0.8418963553722713,0.5784952724504347,0.5261286050643085,478,2185
2297,ESM-2-CRVDB,viral,Pooled Split,CVB3_POLG_Mattenberger,3,0.343949086059346,0.6353373505725873,0.8060150603358617,0.3084656148593032,0.6639512104421227,0.8475687881391375,0.5791144460373301,0.5494648710297578,463,2185
2298,ESM-2-CRVDB,viral,Pooled Split,CVB3_POLG_Mattenberger,4,0.3517228966586904,0.633330348707016,0.802619825392815,0.3039748576300386,0.6646263461955588,0.8447101392624027,0.583526203442283,0.5468143910746381,487,2185
2299,ESM-2-CRVDB,viral,Pooled Split,CVB3_POLG_Mattenberger,5,0.344851745079993,0.6344515146096888,0.8049476866180733,0.2986588866422826,0.6728142547257555,0.855399158599684,0.5768148738155069,0.5500344742627906,467,2185
2300,ESM-2-CRVDB,viral,Pooled Split,EV_CAPSD_Bakhache,1,0.2751861213377296,0.6900647393687566,0.8550373532369455,0.1854221242122041,0.7144330403870783,0.886738402313513,0.5348488498185004,0.4524012781242497,781,862
2301,ESM-2-CRVDB,viral,Pooled Split,EV_CAPSD_Bakhache,2,0.2778650888757744,0.687268501160624,0.8499556136092322,0.1787429127191087,0.7280366385072946,0.9053669893486748,0.5315370791463959,0.4363566237987659,772,862
2302,ESM-2-CRVDB,viral,Pooled Split,EV_CAPSD_Bakhache,3,0.2786648669187076,0.6858380153129964,0.8508551946187419,0.1780754037236668,0.7251895640954056,0.8998093670542793,0.5355584415724141,0.4349428450121151,774,862
2303,ESM-2-CRVDB,viral,Pooled Split,EV_CAPSD_Bakhache,4,0.2802340152602253,0.687430444520414,0.8536828704220398,0.1868502318669953,0.7122511573106471,0.8786341814481821,0.5359539436235486,0.4496406251082207,819,862
2304,ESM-2-CRVDB,viral,Pooled Split,EV_CAPSD_Bakhache,5,0.2717385876767688,0.6848574193118327,0.8514305343511583,0.2031619365739134,0.7285288493236906,0.9006083039845795,0.5306301860592356,0.4601266826550274,771,862
2305,ESM-2-CRVDB,viral,Pooled Split,CVB3_2A_Alvarez,1,0.7505740377295785,0.3879645464424365,0.5044572291951456,0.6196140635661807,0.4457529220634432,0.5880443242244265,0.7977115331262269,0.7054325916385272,416,150
2306,ESM-2-CRVDB,viral,Pooled Split,CVB3_2A_Alvarez,2,0.7585847328591923,0.3786851172794055,0.4929098919755977,0.6002309534072177,0.4586255937230827,0.6239952582896742,0.7998377545499558,0.7004490727531942,426,150
2307,ESM-2-CRVDB,viral,Pooled Split,CVB3_2A_Alvarez,3,0.7467788599457175,0.3870324100299892,0.5063469561702347,0.6297573096361371,0.4575544595618094,0.5930672093070073,0.7898710337073995,0.7370511135751332,400,150
2308,ESM-2-CRVDB,viral,Pooled Split,CVB3_2A_Alvarez,4,0.7466041771103815,0.3888660804409085,0.5065311095217454,0.6578650130320425,0.4314259749100477,0.5699691880133826,0.7958054026583166,0.7445442570046019,410,150
2309,ESM-2-CRVDB,viral,Pooled Split,CVB3_2A_Alvarez,5,0.7476903616317,0.3811126789930206,0.4995139293027737,0.6306744544279883,0.4793793232921345,0.6210169517732738,0.793042251853748,0.7396708175005781,401,150
2310,ESM-2-CRVDB,viral,Pooled Split,SARS2_PRD0038_RBD_Starr,1,0.6542858696039122,0.441729398056323,0.5947909109276425,0.487755311404052,0.4815192386477918,0.68064009355263,0.6443352577792887,0.5625105700470824,292,200
2311,ESM-2-CRVDB,viral,Pooled Split,SARS2_PRD0038_RBD_Starr,2,0.6495583091053854,0.4311518907833478,0.5848293159870652,0.5542109333890628,0.5046954433483587,0.6981097780411579,0.6349842421417481,0.6034491378714304,304,200
2312,ESM-2-CRVDB,viral,Pooled Split,SARS2_PRD0038_RBD_Starr,3,0.6538100425699831,0.4415082661430838,0.5936205200464783,0.5117990883131325,0.482101113453545,0.6719417166542476,0.6499945488054736,0.5521972187942753,296,200
2313,ESM-2-CRVDB,viral,Pooled Split,SARS2_PRD0038_RBD_Starr,4,0.6519207731947539,0.4347826052763075,0.5880277124824379,0.5610157168407217,0.493090851974116,0.6712555981225955,0.6373761601551426,0.5822731866051356,307,200
2314,ESM-2-CRVDB,viral,Pooled Split,SARS2_PRD0038_RBD_Starr,5,0.6595652696441681,0.4295456907260068,0.5839533423002229,0.4879957808909696,0.5017477556631584,0.7131585924058493,0.6397900889378747,0.5886618283913264,313,200
2315,ESM-2-CRVDB,viral,Pooled Split,CVB3_3A_Alvarez,1,0.6826731367718378,0.4548047710825928,0.5614226644906196,0.4456065845649135,0.6092106547739778,0.7545119501226332,0.8238943079507117,0.6953620478678063,268,89
2316,ESM-2-CRVDB,viral,Pooled Split,CVB3_3A_Alvarez,2,0.7071580958451519,0.4380286558700832,0.5404844871578652,0.5261201050656795,0.5490728137607032,0.691446447029048,0.8368225480433077,0.729882718228361,319,89
2317,ESM-2-CRVDB,viral,Pooled Split,CVB3_3A_Alvarez,3,0.7394837324621073,0.4058474313212458,0.5106622978153125,0.517540347076429,0.5596788838525834,0.6930850859097437,0.8461836770280801,0.7378058659680996,365,89
2318,ESM-2-CRVDB,viral,Pooled Split,CVB3_3A_Alvarez,4,0.7377746319842073,0.4103089851074334,0.5124580283732907,0.557793801396359,0.5232356567377484,0.6630129794362386,0.8481742980088703,0.7539990283512259,366,89
2319,ESM-2-CRVDB,viral,Pooled Split,CVB3_3A_Alvarez,5,0.7732484448552757,0.3780275396768444,0.4752649206254536,0.5091387309788473,0.5687414844305695,0.7059982722970164,0.8589530149142294,0.736494376716524,412,89
2320,ESM-2-CRVDB,viral,Pooled Split,IAV_H5_HA_Dadonaite,1,0.5536802221840742,0.5457376729307891,0.6671839587814703,0.4652834349643295,0.5998544014011606,0.7351142811932219,0.7406054754738652,0.684504594792178,786,567
2321,ESM-2-CRVDB,viral,Pooled Split,IAV_H5_HA_Dadonaite,2,0.5530978154879743,0.5490729011656652,0.669159033313951,0.4420643669528432,0.5976229316352494,0.7438185772299246,0.7412768009073337,0.6732192425483128,768,567
2322,ESM-2-CRVDB,viral,Pooled Split,IAV_H5_HA_Dadonaite,3,0.5545471699688429,0.5492297211271085,0.6683141940301071,0.4538364500341045,0.5955966898346439,0.7342761492077706,0.7425473531980977,0.6647109621059785,767,567
2323,ESM-2-CRVDB,viral,Pooled Split,IAV_H5_HA_Dadonaite,4,0.5613715349268804,0.5403099329639411,0.6613254496877317,0.4559312535109968,0.6016525582678413,0.7418916839928341,0.7472608322247791,0.6764239916065234,819,567
2324,ESM-2-CRVDB,viral,Pooled Split,IAV_H5_HA_Dadonaite,5,0.5552042195674598,0.5454588620051055,0.6662970378494073,0.4693093042277149,0.5952915820497132,0.7311454621102198,0.743864984960018,0.6792253781951391,811,567
2325,ESM-2-CRVDB,viral,Pooled Split,CVB3_2B_Alvarez,1,0.7067832922170896,0.43604511398605,0.542933513366149,0.5158724948604095,0.5581798636973238,0.6881802292702026,0.8518459528860879,0.7558433913432211,324,99
2326,ESM-2-CRVDB,viral,Pooled Split,CVB3_2B_Alvarez,2,0.6858272865366954,0.4534389788580136,0.5598701423371457,0.5144490475497063,0.5614450350742904,0.6999419176144269,0.8450634466565076,0.7424046207630203,284,99
2327,ESM-2-CRVDB,viral,Pooled Split,CVB3_2B_Alvarez,3,0.7073406735123926,0.4335845664227497,0.5392225532495863,0.4989290731903888,0.5854713124253494,0.7169653276616087,0.8522241901618148,0.7270762758360129,284,99
2328,ESM-2-CRVDB,viral,Pooled Split,CVB3_2B_Alvarez,4,0.7064690660660358,0.4413117224281612,0.5424223648659542,0.5396445136757413,0.5367184863246449,0.6749746819148318,0.8532798004319807,0.7649557596221367,328,99
2329,ESM-2-CRVDB,viral,Pooled Split,CVB3_2B_Alvarez,5,0.69919144956168,0.4424527686451405,0.5477525513928382,0.4877740647494158,0.5837918757817143,0.7128790261301144,0.848362912972616,0.713108726578967,290,99
2330,ESM-2-CRVDB,viral,Pooled Split,CVB3_3B_Alvarez,1,0.8884446184308318,0.2651685963073989,0.3339743178871408,0.5713605180379339,0.5041108114037144,0.6506124825543512,0.8608291926591126,0.7471094048144865,177,22
2331,ESM-2-CRVDB,viral,Pooled Split,CVB3_3B_Alvarez,2,0.7948056884233192,0.3642016770349895,0.4616740204974554,0.3707087250280645,0.5595053312591252,0.6907709762637173,0.8664305607140719,0.6925430088904571,104,22
2332,ESM-2-CRVDB,viral,Pooled Split,CVB3_3B_Alvarez,3,0.8262160590446328,0.3389654622100983,0.4175441812272353,0.5412990009070391,0.4878493323186521,0.6675339393909803,0.8718215204363216,0.757195222620948,135,22
2333,ESM-2-CRVDB,viral,Pooled Split,CVB3_3B_Alvarez,4,0.8128036131738879,0.3538474022540301,0.4363384759510793,0.5447278713813719,0.5322297270507851,0.6511007622214149,0.857688162017589,0.7541492404505521,113,22
2334,ESM-2-CRVDB,viral,Pooled Split,CVB3_3B_Alvarez,5,0.8113920570556838,0.3382526933340524,0.4297417263689118,0.5988905082849847,0.5171112110617332,0.6565769067375221,0.851823195698447,0.7574068332211702,133,22
2335,ESM-2-CRVDB,viral,Pooled Split,SARS2_DELTA_SPIKE_Dadonaite,1,0.0688627392271463,0.3914630013053173,0.9694457671693564,0.0258034511934106,0.3993743981708983,0.9684271157772236,0.3226008377002985,0.2965670483450331,68,1250
2336,ESM-2-CRVDB,viral,Pooled Split,SARS2_DELTA_SPIKE_Dadonaite,2,0.0809648781466646,0.3914117422788813,0.9895839970077016,0.029530043706001,0.3886680547358787,0.846118308566319,0.3575135991446542,0.3161155188125576,111,1250
2337,ESM-2-CRVDB,viral,Pooled Split,SARS2_DELTA_SPIKE_Dadonaite,3,0.0951737885727498,0.3782355574487162,0.8779307304534468,0.0364718617098345,0.4088577014451371,1.2386541247441196,0.3864921381965902,0.3596488843740992,148,1250
2338,ESM-2-CRVDB,viral,Pooled Split,SARS2_DELTA_SPIKE_Dadonaite,4,0.0673015165082639,0.39207230784527,1.002322403621457,0.0430461882507776,0.3917106073543633,0.8134796602083462,0.3412886853074354,0.3289807396428716,86,1250
2339,ESM-2-CRVDB,viral,Pooled Split,SARS2_DELTA_SPIKE_Dadonaite,5,0.070860844316684,0.392505838599088,1.0057701646016883,0.0254340347182223,0.3845920355642471,0.7929770674302297,0.3440229720756521,0.3268019144583313,83,1250
2340,ESM-2-CRVDB,viral,Pooled Split,IAV_H1_HA_Wu,1,0.054861206382536,0.4493018059642756,0.9989872279536576,0.0223539853795082,0.4609861603225656,0.8707170588775407,0.3863868887031014,0.3167402058021184,31,565
2341,ESM-2-CRVDB,viral,Pooled Split,IAV_H1_HA_Wu,2,0.0737813503377414,0.4146587876290118,0.8128224382848709,0.0190893805854904,0.5137688998409411,1.4470113165924718,0.3855833861772966,0.3677334287912046,36,565
2342,ESM-2-CRVDB,viral,Pooled Split,IAV_H1_HA_Wu,3,0.0421733481800357,0.4455133120790343,0.9681894135276078,0.00582705108228,0.4715842488128087,1.0386950721199666,0.360252253327312,0.312899688764139,14,565
2343,ESM-2-CRVDB,viral,Pooled Split,IAV_H1_HA_Wu,4,0.0440374680527216,0.4401362706118479,0.9881529923232044,0.0352406373306026,0.4697164484321259,0.938597328795038,0.3603705793822632,0.333340182750548,28,565
2344,ESM-2-CRVDB,viral,Pooled Split,IAV_H1_HA_Wu,5,0.0469234780863681,0.4439038543267776,0.99390753737949,0.0320904860880403,0.4627662990589881,0.9087434871481256,0.3514334388671732,0.4151634883051087,25,565
2345,ESM-2-CRVDB,viral,Pooled Split,RsYN04_RBD_Starr,1,0.5683270649900447,0.3471156601443693,0.6626642613153546,0.4502191125088868,0.4084307408688697,0.7154335874283597,0.4288185031713722,0.3088514233973058,611,517
2346,ESM-2-CRVDB,viral,Pooled Split,RsYN04_RBD_Starr,2,0.6156193214165325,0.3453955373906406,0.6396429961081647,0.1389474880206292,0.4440458631005919,0.7990160093773269,0.4499620186054243,0.2712111673336353,613,517
2347,ESM-2-CRVDB,viral,Pooled Split,RsYN04_RBD_Starr,3,0.5417256030489358,0.3466447943129608,0.6679054189287134,0.4041815931884026,0.4278075620015589,0.8118491273218992,0.435203525752902,0.2943818155827075,531,517
2348,ESM-2-CRVDB,viral,Pooled Split,RsYN04_RBD_Starr,4,0.5808920614075714,0.3566493144008869,0.6745953987852457,0.2324022248278003,0.4269804081887381,0.7090365218920518,0.4251971226160961,0.2873867254071171,573,517
2349,ESM-2-CRVDB,viral,Pooled Split,RsYN04_RBD_Starr,5,0.5560669827974472,0.3517949572481518,0.6719773547633517,0.4296307651141386,0.4471168838142375,0.7288027189288653,0.4257946484155373,0.2841434462916412,567,517
2350,ESM-2-CRVDB,viral,Pooled Split,SARS2_PLPRO_abundance_Wu,1,0.5535925811865348,0.522538196357159,0.6581235998218689,0.3963110812407651,0.6481022009699234,0.8218978805580862,0.7594849712376887,0.6487523048561694,642,316
2351,ESM-2-CRVDB,viral,Pooled Split,SARS2_PLPRO_abundance_Wu,2,0.5120358353804371,0.5524358036452173,0.6954483171625471,0.3626916995874223,0.6432431939079862,0.8116840973459176,0.7306385799210305,0.6265966266495256,524,316
2352,ESM-2-CRVDB,viral,Pooled Split,SARS2_PLPRO_abundance_Wu,3,0.5219487503144504,0.5466703178340717,0.6902271339688508,0.3656300300959071,0.6386234443996622,0.8018973989919997,0.7361640320946367,0.6184244975101131,561,316
2353,ESM-2-CRVDB,viral,Pooled Split,SARS2_PLPRO_abundance_Wu,4,0.5360185655548867,0.54040244665777,0.6833855613134702,0.3645072129312771,0.617603780818145,0.7863466287034689,0.7468745382795346,0.6189344822143527,570,316
2354,ESM-2-CRVDB,viral,Pooled Split,SARS2_PLPRO_abundance_Wu,5,0.555658614974585,0.526757577598317,0.663770490108043,0.3913691522020555,0.6235657485156842,0.7932057814554752,0.7569494240769352,0.6479001757942505,660,316
2355,ESM-2-CRVDB,viral,Pooled Split,IAV_PA_Wu,1,0.1211133083040388,0.6320658188837487,0.979691870949546,0.0507990125871656,0.5863462659560398,0.7699589666566513,0.412573316793924,0.2702062570057588,64,716
2356,ESM-2-CRVDB,viral,Pooled Split,IAV_PA_Wu,2,0.1288162917570905,0.6272461005217466,0.967922781818585,0.0114954820564308,0.6119452248983005,0.826681987142813,0.4239042274127578,0.231569675654358,65,716
2357,ESM-2-CRVDB,viral,Pooled Split,IAV_PA_Wu,3,0.14072459290592,0.5882783500635945,0.8510414067349606,0.0258169709097402,0.6913591662249776,1.2527827356798584,0.4021410322413881,0.309143907151379,75,716
2358,ESM-2-CRVDB,viral,Pooled Split,IAV_PA_Wu,4,0.1836842571159682,0.5784098186136165,0.8612661575952564,0.0333783655628635,0.682003174996177,1.147652789928976,0.4580845121167413,0.2905057502595325,110,716
2359,ESM-2-CRVDB,viral,Pooled Split,IAV_PA_Wu,5,0.1420822180308441,0.6048710797042858,0.9423213515420664,0.0664349116437884,0.6310785783570204,0.8957763012979354,0.4148451594830434,0.3183921931119938,78,716
2360,ESM-2-CRVDB,viral,Pooled Split,BPP22_COAT_Tsuboyama,1,0.898809457609114,0.2311015535527694,0.3178621720450688,0.8147799964825726,0.302476466832789,0.4316713521267225,0.9310685355141476,0.8594630766808377,131,40
2361,ESM-2-CRVDB,viral,Pooled Split,BPP22_COAT_Tsuboyama,2,0.9454132367359762,0.1749060322122211,0.2375856983732987,0.8077187400663797,0.2951074164715598,0.4068816230082083,0.951966808654257,0.8854078097937332,212,40
2362,ESM-2-CRVDB,viral,Pooled Split,BPP22_COAT_Tsuboyama,3,0.9264214529759836,0.2016178653211058,0.2751138200546845,0.8147829700873919,0.3008324865166016,0.4031157221506904,0.9452995058404304,0.8483663989922846,171,40
2363,ESM-2-CRVDB,viral,Pooled Split,BPP22_COAT_Tsuboyama,4,0.918990570807715,0.1972317838680589,0.2713237432639164,0.7945796163365334,0.3667637230143432,0.5287383646214076,0.9415476254802604,0.8751799669150503,168,40
2364,ESM-2-CRVDB,viral,Pooled Split,BPP22_COAT_Tsuboyama,5,0.9056326850083808,0.2179120581450717,0.3062478868194715,0.8631765328281413,0.2702838868800209,0.3693548500623631,0.9294404255072554,0.9255471579278852,156,40
2365,ESM-2-CRVDB,viral,Pooled Split,SARS2_RBD_expression_Starr,1,0.714923083904387,0.4274640689068705,0.538883880834414,0.528969190346961,0.5175893084272665,0.6601259308290477,0.8424959301662117,0.716865352360877,424,1273
2366,ESM-2-CRVDB,viral,Pooled Split,SARS2_RBD_expression_Starr,2,0.7111746682186679,0.427062947613483,0.5384890375755794,0.6118845569070414,0.4854884941319642,0.6177769406812099,0.8382971279201673,0.767657656769432,435,1273
2367,ESM-2-CRVDB,viral,Pooled Split,SARS2_RBD_expression_Starr,3,0.7190896460427099,0.4158036901021685,0.5275860052584956,0.5907538520547899,0.5203622706674699,0.6511103734990389,0.8417110163409807,0.7680045212932578,444,1273
2368,ESM-2-CRVDB,viral,Pooled Split,SARS2_RBD_expression_Starr,4,0.703523974860162,0.4300839233333419,0.5439201814100578,0.5621886890918139,0.5243697314379756,0.6643810845607606,0.8320158313020629,0.7505464254441925,431,1273
2369,ESM-2-CRVDB,viral,Pooled Split,SARS2_RBD_expression_Starr,5,0.7222393008513072,0.4163222063166321,0.5249888546615324,0.6029125079668114,0.5045825912720304,0.6398015712070202,0.8452895498363702,0.766389737239784,455,1273
2370,ESM-2-CRVDB,viral,Pooled Split,HIV1_HV1B9_ENV_DuenasDecamp,1,0.4526032017700263,0.5304578486858827,0.7443230769652055,0.1894050632795628,0.6139749732219807,0.878126049560357,0.6450915372437165,0.3499121680771984,32,853
2371,ESM-2-CRVDB,viral,Pooled Split,HIV1_HV1B9_ENV_DuenasDecamp,2,0.4478472148020455,0.4791356379556193,0.689764261759871,0.2146518809234421,0.787127234331787,1.0763428658080514,0.617858446500031,0.5188172803064814,37,853
2372,ESM-2-CRVDB,viral,Pooled Split,HIV1_HV1B9_ENV_DuenasDecamp,3,0.4596770324127012,0.5595315456139112,0.7653578627895784,-0.0138390839544961,0.5618562092818148,0.7787083922090446,0.6388756063769843,0.369770899410786,37,853
2373,ESM-2-CRVDB,viral,Pooled Split,HIV1_HV1B9_ENV_DuenasDecamp,4,0.4317715229800154,0.543129351639551,0.7570413053234384,0.3216701101523531,0.5657090888909605,0.8076122435530376,0.6108814139571913,0.4989928257993307,37,853
2374,ESM-2-CRVDB,viral,Pooled Split,HIV1_HV1B9_ENV_DuenasDecamp,5,0.5298294434172584,0.5018334627109776,0.7041849934138004,0.0209014673298082,0.6569288240198261,0.8695711048234915,0.6570561795269999,0.4235509700094135,47,853
2375,ESM-2-CRVDB,viral,Pooled Split,CVB3_VP1_Alvarez,1,0.4506842924911757,0.6094913858781699,0.7420749522277069,0.3299133524868584,0.6663760820343306,0.8145258135610229,0.6706724057218564,0.5921962006254836,365,281
2376,ESM-2-CRVDB,viral,Pooled Split,CVB3_VP1_Alvarez,2,0.4511056223018189,0.6056571848783328,0.7393257512442718,0.3393803536338134,0.6749613702386267,0.8191706490775927,0.6689435963351202,0.5989484053909329,372,281
2377,ESM-2-CRVDB,viral,Pooled Split,CVB3_VP1_Alvarez,3,0.4452279716196083,0.6128627265581305,0.7452470694621224,0.3550369407417074,0.6675310585107727,0.8010571097553876,0.6699329552458754,0.6117975640602954,381,281
2378,ESM-2-CRVDB,viral,Pooled Split,CVB3_VP1_Alvarez,4,0.4530936718030957,0.6045650206134934,0.7377868995338509,0.3299728650570388,0.6825280246487262,0.8260337016664545,0.6724062078522056,0.589112650020867,373,281
2379,ESM-2-CRVDB,viral,Pooled Split,CVB3_VP1_Alvarez,5,0.4515045985584325,0.6098627032019783,0.7408240032546952,0.3528270297134696,0.6591174868219557,0.8035160813888981,0.671299869885428,0.6093946312045716,371,281
2380,ESM-2-CRVDB,viral,Pooled Split,IAV_H1_HA_Doud,1,0.5387488421312862,0.5483911153378639,0.6793914627634058,0.4508966911650794,0.592937368192397,0.7399608360558831,0.7533739272630349,0.7018226209394632,662,565
2381,ESM-2-CRVDB,viral,Pooled Split,IAV_H1_HA_Doud,2,0.5418960345448108,0.5486845807110327,0.6800105726791688,0.4610313912345625,0.5761440254384728,0.7197120635051488,0.7567223045675427,0.6963578289909069,672,565
2382,ESM-2-CRVDB,viral,Pooled Split,IAV_H1_HA_Doud,3,0.5453564040347856,0.5439342392973795,0.6746950840258247,0.4512800231318232,0.5930437326828455,0.7387999542197374,0.7586691504054881,0.6949522661413298,676,565
2383,ESM-2-CRVDB,viral,Pooled Split,IAV_H1_HA_Doud,4,0.5428725469443262,0.5452609287227046,0.6771141816894751,0.4670620066578074,0.5837777829652925,0.7256362354622021,0.7568311698834653,0.7056960713398545,694,565
2384,ESM-2-CRVDB,viral,Pooled Split,IAV_H1_HA_Doud,5,0.5426029790885345,0.5449523185791721,0.6751476485187071,0.4655636737666004,0.5897744796480722,0.735960070723305,0.7571900253149169,0.7043274091405343,694,565
2385,ESM-2-CRVDB,viral,Pooled Split,IAV_H3_NP_Doud,1,0.4291834655507001,0.5883907406893238,0.7505786748972441,0.3431649223724274,0.6514213806072449,0.8307705823652652,0.6410456186658562,0.5752503814442133,630,498
2386,ESM-2-CRVDB,viral,Pooled Split,IAV_H3_NP_Doud,2,0.4240959075291909,0.5933175304583272,0.7574386246665089,0.3383078364068063,0.6419189963822343,0.8191957526022938,0.6395862707004747,0.5630896017902272,606,498
2387,ESM-2-CRVDB,viral,Pooled Split,IAV_H3_NP_Doud,3,0.4366043126551125,0.5892801525943067,0.7511911521924536,0.3091099495531484,0.6448701252166302,0.8285172222256469,0.64768299974447,0.5489527340754722,616,498
2388,ESM-2-CRVDB,viral,Pooled Split,IAV_H3_NP_Doud,4,0.4257875172706592,0.5945860531135574,0.7566794169933574,0.3507283080767023,0.6312258529086545,0.810385962370451,0.6440205485843666,0.5677221597899393,620,498
2389,ESM-2-CRVDB,viral,Pooled Split,IAV_H3_NP_Doud,5,0.4286265605628846,0.5938211214253744,0.7563842657967598,0.3521978309911425,0.6269542936273025,0.8026984997296208,0.6458495102700883,0.5624967370667727,629,498
2390,ESM-2-CRVDB,viral,Pooled Split,IAV_NA_Jiang,1,0.5940528913901295,0.4951773667824523,0.6428908309200241,0.4022688362018161,0.6016944027540629,0.7427138378417574,0.801750815256456,0.6097804945818284,48,453
2391,ESM-2-CRVDB,viral,Pooled Split,IAV_NA_Jiang,2,0.5788400058761705,0.4765268244440216,0.6148061778469921,0.454658131579702,0.695828858108056,0.8643747512587926,0.788669326106588,0.7283689913864965,57,453
2392,ESM-2-CRVDB,viral,Pooled Split,IAV_NA_Jiang,3,0.5654764336879115,0.5153134014111403,0.6549353432047355,0.4664926599338672,0.5740139280946698,0.7445727975071382,0.7821855504555512,0.6535704362322868,53,453
2393,ESM-2-CRVDB,viral,Pooled Split,IAV_NA_Jiang,4,0.6355590549801284,0.4436828235248465,0.5818336313335755,0.4015638749009624,0.7376284344402143,0.875461947599871,0.8123959927702876,0.6543484301194777,56,453
2394,ESM-2-CRVDB,viral,Pooled Split,IAV_NA_Jiang,5,0.6281609580744676,0.457627138792674,0.6026543168010625,0.4635328903039312,0.6229542939403917,0.7653407849665682,0.8288876060990574,0.6037594298919684,60,453
2395,ESM-2-CRVDB,viral,Pooled Split,CVB3_VP3_Alvarez,1,0.4155599966418259,0.5898174909484712,0.7655203687946809,0.3073952307402817,0.6514810585035401,0.827705823628373,0.6018981358488296,0.5431040836426974,408,238
2396,ESM-2-CRVDB,viral,Pooled Split,CVB3_VP3_Alvarez,2,0.4306330856115357,0.5767717357066793,0.7488304755200706,0.2885845017935361,0.6728522860709375,0.8679108426543986,0.6072867955907116,0.5316472923796297,417,238
2397,ESM-2-CRVDB,viral,Pooled Split,CVB3_VP3_Alvarez,3,0.421152919243922,0.5946687655986486,0.7668775057047973,0.2705894756748447,0.6471207001311436,0.8257851111724515,0.6069273655116256,0.5195719661196221,397,238
2398,ESM-2-CRVDB,viral,Pooled Split,CVB3_VP3_Alvarez,4,0.4201860743591912,0.590215598380668,0.7647696920752696,0.3068780374847932,0.6347391008808735,0.8178100483009388,0.604704601140722,0.5571008033783462,420,238
2399,ESM-2-CRVDB,viral,Pooled Split,CVB3_VP3_Alvarez,5,0.4209157595999434,0.5898389700589646,0.7605819456760734,0.3287096399089224,0.6413961873595438,0.8209409142356149,0.6002236395014425,0.5724902618105899,424,238
2400,ESM-2-CRVDB,viral,Pooled Split,RmYN02_RBD_Starr,1,0.3135269372422951,0.4029959070685681,0.8476224907173402,0.1857294691387653,0.4295525822010682,0.8135268924108051,0.5965892210226489,0.5067992710043541,245,491
2401,ESM-2-CRVDB,viral,Pooled Split,RmYN02_RBD_Starr,2,0.349046993868917,0.3907503933112979,0.8145598642836999,0.1654275685609256,0.4234090679215124,0.8767801058451743,0.6156848672338637,0.560123868570494,281,491
2402,ESM-2-CRVDB,viral,Pooled Split,RmYN02_RBD_Starr,3,0.337995506952051,0.3918713196846283,0.8302156951856042,0.2260450267575257,0.4347068524907461,0.8039423954750551,0.616125178804964,0.5115975003106402,279,491
2403,ESM-2-CRVDB,viral,Pooled Split,RmYN02_RBD_Starr,4,0.2860307170099975,0.4174266437377298,0.8618757150703709,0.1918451552902103,0.430029858261429,0.8231442455221102,0.5680510223593551,0.4966504515035142,214,491
2404,ESM-2-CRVDB,viral,Pooled Split,RmYN02_RBD_Starr,5,0.3542006983358517,0.3853093626868688,0.7943026830573916,0.1606921281676949,0.4373552143362339,0.957181700162961,0.622674719250294,0.5281777938772645,286,491
2405,ESM-2-CRVDB,viral,Pooled Split,EV_REP_Bakhache,1,0.3159893542916235,0.6896070832919757,0.8260236666608386,0.2824374913814998,0.7102650751556977,0.8512659126654001,0.5496376445602067,0.5251244706304189,619,1331
2406,ESM-2-CRVDB,viral,Pooled Split,EV_REP_Bakhache,2,0.3106129957379754,0.692542458926961,0.8296942847885113,0.2757398575694869,0.7142424011461267,0.8534857706239657,0.54655178969887,0.5122522791374425,582,1331
2407,ESM-2-CRVDB,viral,Pooled Split,EV_REP_Bakhache,3,0.3169640588718464,0.6910545519265144,0.8283892480281155,0.264722338064445,0.7092161663272912,0.8491094495471375,0.5528405290129116,0.5004880602350431,589,1331
2408,ESM-2-CRVDB,viral,Pooled Split,EV_REP_Bakhache,4,0.3171192992824899,0.690634489091342,0.8274110520392026,0.2676131400783302,0.707900174627193,0.851287151122565,0.5502080960680724,0.508181106546062,607,1331
2409,ESM-2-CRVDB,viral,Pooled Split,EV_REP_Bakhache,5,0.3173828296993002,0.6888079020946576,0.8264735905088328,0.2759772568608426,0.7110578087633456,0.8497799800549503,0.550585698600042,0.5185790692775103,626,1331
2410,ESM-2-CRVDB,viral,Pooled Split,CVB3_3D_Alvarez,1,0.5067684634324048,0.5809142706374842,0.7041121629580622,0.4551595131738999,0.607318091938586,0.7304216384242952,0.7234492267308057,0.6967217970188104,406,462
2411,ESM-2-CRVDB,viral,Pooled Split,CVB3_3D_Alvarez,2,0.5060263655409014,0.5815820184491108,0.7023367081922038,0.4724365328611555,0.600352685625768,0.7283565892959939,0.7238791338635612,0.7003243368062583,408,462
2412,ESM-2-CRVDB,viral,Pooled Split,CVB3_3D_Alvarez,3,0.5007333776920078,0.5867022628055768,0.7095130009131356,0.4897207293409044,0.5821302460128024,0.7021875561025372,0.7211025226775702,0.7144264977474951,398,462
2413,ESM-2-CRVDB,viral,Pooled Split,CVB3_3D_Alvarez,4,0.5061720066828151,0.5766016575106302,0.6992873864136018,0.4735352772812531,0.6101670712233057,0.7394410234639275,0.7248620261169263,0.6983390265128391,414,462
2414,ESM-2-CRVDB,viral,Pooled Split,CVB3_3D_Alvarez,5,0.5083920024716784,0.580180335433308,0.7034767761464983,0.4736824698684494,0.5934216519883878,0.7154729107546332,0.7253299440387511,0.6998378563501354,410,462
2415,ESM-2-CRVDB,viral,Pooled Split,IAV_H1_NP_Doud,1,0.3282205911379979,0.6461858694109222,0.8198486824865621,0.2377260316745472,0.7029084220025317,0.8721147033843074,0.5867484050433437,0.4820316240029547,478,498
2416,ESM-2-CRVDB,viral,Pooled Split,IAV_H1_NP_Doud,2,0.3305583068886397,0.6482098513384303,0.8154537048495103,0.2482073928795647,0.6817601793269612,0.877809705511925,0.586568267843849,0.5104680916694738,504,498
2417,ESM-2-CRVDB,viral,Pooled Split,IAV_H1_NP_Doud,3,0.3339432440426605,0.6487453946825683,0.818178660408612,0.2491014683934121,0.6791871514994522,0.8573501119304704,0.5907978452194064,0.4941655140753816,491,498
2418,ESM-2-CRVDB,viral,Pooled Split,IAV_H1_NP_Doud,4,0.341321575739284,0.6452115068821818,0.8138607236014953,0.2399991920674853,0.683488815800206,0.8619167129531031,0.5937058371453098,0.4941393066752484,505,498
2419,ESM-2-CRVDB,viral,Pooled Split,IAV_H1_NP_Doud,5,0.3328621902601227,0.6462841719846382,0.8172980859881077,0.2458412414315316,0.6909517090340929,0.8662310570680981,0.5896077541917407,0.5086892077952033,483,498
2420,ESM-2-CRVDB,viral,Pooled Split,LASSA_GP_Carr,1,0.4911222985492641,0.586061236397469,0.7140526061393127,0.3926605313600827,0.6288752349381943,0.7757203342534302,0.6996207388882577,0.6178951199700082,653,491
2421,ESM-2-CRVDB,viral,Pooled Split,LASSA_GP_Carr,2,0.4906952953481959,0.5821956027579084,0.7119433012897797,0.3864190038109698,0.6394786669063858,0.7907070177423953,0.7004698550927158,0.6198539840754657,642,491
2422,ESM-2-CRVDB,viral,Pooled Split,LASSA_GP_Carr,3,0.4955981768630826,0.5816965782900962,0.7118128484525776,0.3699614448620615,0.6387478985265245,0.7864955584514516,0.7036158441406392,0.6020108196338975,654,491
2423,ESM-2-CRVDB,viral,Pooled Split,LASSA_GP_Carr,4,0.4897042147832243,0.5823495044918973,0.7114090393779174,0.3720824693816742,0.6524810431484166,0.805174421660426,0.6974949637824356,0.6063968359728692,626,491
2424,ESM-2-CRVDB,viral,Pooled Split,LASSA_GP_Carr,5,0.4861956661247065,0.5866212964815724,0.7163093349953856,0.3834793627345202,0.6397689925545624,0.7868407445623342,0.6939648303005015,0.633354790029091,622,491
2425,ESM-2-CRVDB,viral,Site Split,IAV_H1_NP_Doud,1,0.1138138052342582,0.7510922949504002,0.9403691331708304,0.0328522604936398,0.7872628425860888,0.987228564990701,0.3527017798095585,0.272288872043863,45,498
2426,ESM-2-CRVDB,viral,Site Split,IAV_H1_NP_Doud,2,0.1909413848631245,0.7124154023345842,0.8965054295445295,0.0452110910983735,0.7779284543901511,0.9785916934017844,0.4528568549643354,0.2781113102368409,110,498
2427,ESM-2-CRVDB,viral,Site Split,IAV_H1_NP_Doud,3,0.1066383518826797,0.7464805553140409,0.9374950155896292,0.081043487490945,0.7922851273690565,0.9851905670441966,0.3485244357689985,0.3160480344789714,46,498
2428,ESM-2-CRVDB,viral,Site Split,IAV_H1_NP_Doud,4,0.0826364375294423,0.76672498883945,0.9592325881835592,0.0790698366350862,0.7653863866649745,0.953790896652261,0.3038548553989985,0.2982634514645499,20,498
2429,ESM-2-CRVDB,viral,Site Split,IAV_H1_NP_Doud,5,0.0962333527079492,0.7593351442512956,0.950874942482513,0.0660141456045393,0.7759955509379248,0.9641772621409478,0.3330721955186979,0.2356170746590092,31,498
2430,ESM-2-CRVDB,viral,Site Split,IAV_NA_Jiang,1,0.6709848729718472,0.4474689271081185,0.5605357035122036,0.182911349148296,0.7493082977705625,0.96788202291933,0.8359798543160796,0.4817765567765567,61,453
2431,ESM-2-CRVDB,viral,Site Split,IAV_NA_Jiang,2,1.1102230246251563e-16,0.7871648227317528,0.9715107695291684,-0.0896620433148591,0.9018569634463208,1.1094701057972132,,,0,453
2432,ESM-2-CRVDB,viral,Site Split,IAV_NA_Jiang,3,0.650608806361266,0.4621282205672854,0.601726679008937,0.103021906407163,0.6828359304810893,0.876924447813879,0.8141733011549095,0.5845814132104455,60,453
2433,ESM-2-CRVDB,viral,Site Split,IAV_NA_Jiang,4,0.0,0.8633761055628978,1.061659074803862,-0.0346557202759572,0.5843063356379031,0.7404929359610631,,,0,453
2434,ESM-2-CRVDB,viral,Site Split,IAV_NA_Jiang,5,0.735502075512227,0.3941758173302507,0.5200746883568071,-0.4249557979709888,0.9180962953854586,1.0657386090541374,0.8764191332168251,-0.0293778801843318,92,453
2435,ESM-2-CRVDB,viral,Site Split,CVB3_2B_Alvarez,1,0.2281251559571174,0.7827664546547767,0.872812853703976,0.2165713499037038,0.8038054739832676,0.8966518797785965,0.5213856439899012,0.5400638066789621,22,99
2436,ESM-2-CRVDB,viral,Site Split,CVB3_2B_Alvarez,2,0.1911474775934425,0.8223250894714866,0.904284342366725,0.1706150114871927,0.793710062428358,0.8905397634010284,0.4917614732640292,0.4136506545008287,17,99
2437,ESM-2-CRVDB,viral,Site Split,CVB3_2B_Alvarez,3,0.4259225607230741,0.6541203407164179,0.762847471175069,0.2312674960653753,0.7399108901430645,0.852080534147136,0.6993042697899652,0.5245795841079773,54,99
2438,ESM-2-CRVDB,viral,Site Split,CVB3_2B_Alvarez,4,0.1934773640368932,0.814770799849198,0.9030644743237176,0.1426574552875853,0.8037993379123333,0.9029983600665432,0.4904147367284315,0.3991464273225877,14,99
2439,ESM-2-CRVDB,viral,Site Split,CVB3_2B_Alvarez,5,0.1123109545235809,0.8516958326647043,0.9315106005799624,0.1306266525834308,0.8998391839321072,0.9687168812726584,0.372292618453009,0.4265563219098639,6,99
2440,ESM-2-CRVDB,viral,Site Split,CVB3_POLG_Mattenberger,1,0.1911244002388035,0.7128999045517082,0.9006165511843587,0.1660831065235872,0.7183607443935797,0.9071010258042734,0.4481144802548808,0.4249981242946382,79,2185
2441,ESM-2-CRVDB,viral,Site Split,CVB3_POLG_Mattenberger,2,0.2095925805285093,0.7187370400908668,0.9035859040591792,0.1185301161920574,0.6886492284352843,0.8683906408461224,0.4686538413788201,0.3838005544282672,93,2185
2442,ESM-2-CRVDB,viral,Site Split,CVB3_POLG_Mattenberger,3,0.193703788201341,0.7127510548984058,0.8996733142771223,0.1337697877127773,0.7300705304143942,0.9231319538545468,0.4568254788695102,0.3786637279646831,79,2185
2443,ESM-2-CRVDB,viral,Site Split,CVB3_POLG_Mattenberger,4,0.1851060257846567,0.719488554289291,0.909241311741452,0.1226063044876696,0.7348106984870323,0.9089585533410006,0.4484172088823021,0.3510996859519411,61,2185
2444,ESM-2-CRVDB,viral,Site Split,CVB3_POLG_Mattenberger,5,0.1739023674727235,0.7218949475414905,0.9071279899675426,0.1397289780502961,0.7379347119128667,0.9338861951839756,0.4339413784491095,0.3936409604599566,60,2185
2445,ESM-2-CRVDB,viral,Site Split,LAMBDA_HCP_Tsuboyama,1,0.8539096493601726,0.2908930130633059,0.3859505057936985,0.7151929531888115,0.3983019391142414,0.510651996827737,0.8934735122104634,0.8500525789999475,99,55
2446,ESM-2-CRVDB,viral,Site Split,LAMBDA_HCP_Tsuboyama,2,0.8655372854062762,0.2761928562779239,0.3707021493258847,0.6602668195874349,0.4324731845022415,0.54405373406847,0.8873579711793577,0.818984962406015,118,55
2447,ESM-2-CRVDB,viral,Site Split,LAMBDA_HCP_Tsuboyama,3,0.8380001719172951,0.3053110612818976,0.4009835639844539,0.7483238163786109,0.3918060686368584,0.5091080986208628,0.8936623663628184,0.7941116854160332,92,55
2448,ESM-2-CRVDB,viral,Site Split,LAMBDA_HCP_Tsuboyama,4,0.8576567929369094,0.2739072009870634,0.3677405248684833,0.6460378984380157,0.508482322318091,0.6310008885129026,0.8940231813358501,0.813387794509076,90,55
2449,ESM-2-CRVDB,viral,Site Split,LAMBDA_HCP_Tsuboyama,5,0.8796610023622117,0.2589234853638008,0.3444597917380765,0.7196794064803149,0.4139495023596746,0.523549498691755,0.8968744249422014,0.848466007676534,130,55
2450,ESM-2-CRVDB,viral,Site Split,IAV_RDRP_Li,1,0.2026226633728989,0.7351089034141288,0.8990322944929159,0.1345118226983026,0.739766184467503,0.9020400950120218,0.4709726893603545,0.3996013418764841,112,757
2451,ESM-2-CRVDB,viral,Site Split,IAV_RDRP_Li,2,0.2018692251285359,0.7240918790173925,0.8875863269470805,0.1212628178182284,0.797736581357138,0.959707695744766,0.4726131680077149,0.3553472820210131,114,757
2452,ESM-2-CRVDB,viral,Site Split,IAV_RDRP_Li,3,0.1698321757657775,0.7359922047354582,0.9029852886893664,0.158865586657484,0.7718551783302492,0.9449979076425452,0.4351181505798229,0.4365147104956364,93,757
2453,ESM-2-CRVDB,viral,Site Split,IAV_RDRP_Li,4,0.2056755745772989,0.7305824280318068,0.8944777939310785,0.1295276529821393,0.7474140337711809,0.9193984262026488,0.4751592129785947,0.372828035218794,121,757
2454,ESM-2-CRVDB,viral,Site Split,IAV_RDRP_Li,5,0.1336345134835695,0.7651451438528759,0.9316316483816284,0.1007219215419544,0.7771321174139354,0.9448611361763924,0.3939051414884058,0.3385013661554923,29,757
2455,ESM-2-CRVDB,viral,Site Split,CVB3_3B_Alvarez,1,0.5488839789743971,0.5809071415831721,0.6879693760192964,-0.6656899601663189,0.9413152857734784,1.0531924902990053,0.8056697690907101,0.4662256816290941,40,22
2456,ESM-2-CRVDB,viral,Site Split,CVB3_3B_Alvarez,2,0.742148221803677,0.4218028816077813,0.5230147229359701,-0.0021436572429764,0.7455250912578782,0.8465894622285093,0.8507315474906754,0.271519542203633,81,22
2457,ESM-2-CRVDB,viral,Site Split,CVB3_3B_Alvarez,3,0.5627189380022188,0.4911929684171577,0.6174648400529814,-0.1321982567418149,1.0651664288069285,1.1839310133243532,0.772725057078525,0.2044532790079719,47,22
2458,ESM-2-CRVDB,viral,Site Split,CVB3_3B_Alvarez,4,0.7629653861441019,0.387733213443322,0.4895152543561036,-0.474354321658146,0.9952089373166586,1.1501839419869122,0.8614907668561596,0.1666492959115582,77,22
2459,ESM-2-CRVDB,viral,Site Split,CVB3_3B_Alvarez,5,0.7135000627013455,0.4300044385496734,0.5395913999710775,0.2263859781862004,0.7234099001688528,0.8533568139182667,0.8261134232755439,0.5160618824279034,72,22
2460,ESM-2-CRVDB,viral,Site Split,IAV_PB2_Soh,1,0.0022975150233109,0.7061138413580452,1.0461921654976634,-0.0069326961885611,0.6304706544710719,0.7800350856664899,0.0397579049043507,0.0720594422696646,1,759
2461,ESM-2-CRVDB,viral,Site Split,IAV_PB2_Soh,2,0.0752757139100762,0.6489919429349408,0.9908494761156462,0.0648869734914658,0.6389045736353965,0.8394422843815641,0.3544124857234428,0.2503715422894377,31,759
2462,ESM-2-CRVDB,viral,Site Split,IAV_PB2_Soh,3,0.0090582710156479,0.6884455321641967,1.0126347374451024,0.0011617723813061,0.6625862450440554,0.9273552029425433,0.0861031943666117,0.0686682961959778,2,759
2463,ESM-2-CRVDB,viral,Site Split,IAV_PB2_Soh,4,0.0012854373382357,0.6951288374712333,1.0314358341560663,0.002664830887151,0.6613344478783844,0.8579606928780671,0.032192479829787,0.1057839327823562,1,759
2464,ESM-2-CRVDB,viral,Site Split,IAV_PB2_Soh,5,0.0135128591159061,0.6783386240015956,0.9835093114585356,-0.0014539131538846,0.6925750844367793,1.038864467036972,0.1038685922744214,0.1019637574364665,2,759
2465,ESM-2-CRVDB,viral,Site Split,IAV_H3_HA_Lee,1,0.1744511527163128,0.7563636634337073,0.9071513498010232,0.1620561578839984,0.7640635759799659,0.920679222234006,0.4861647762944716,0.4706226359084393,35,566
2466,ESM-2-CRVDB,viral,Site Split,IAV_H3_HA_Lee,2,0.2792249907338067,0.687889660740545,0.8366553398037376,0.1799770222485376,0.78720913008275,0.953309015263134,0.5792795979886798,0.4845286955152882,104,566
2467,ESM-2-CRVDB,viral,Site Split,IAV_H3_HA_Lee,3,0.2714252119853568,0.7140774961752429,0.8636741799675952,0.0977304424367861,0.7446775187838944,0.8999254707777071,0.5812046572911328,0.3764584092928617,82,566
2468,ESM-2-CRVDB,viral,Site Split,IAV_H3_HA_Lee,4,0.2199069316425131,0.7189706632074002,0.8709045359052165,0.154927463466418,0.8009473842564577,0.961982501840124,0.5249310216327795,0.4688841920314883,63,566
2469,ESM-2-CRVDB,viral,Site Split,IAV_H3_HA_Lee,5,0.1575358393741056,0.766703724661216,0.9216619825628802,0.1473322509202698,0.7638611205939971,0.9078196620540684,0.4524132718111187,0.4823759742939396,29,566
2470,ESM-2-CRVDB,viral,Site Split,DENV_POLG_Suphatrakul,1,0.2446777704599053,0.7493758669856188,0.8656467727133909,0.1780163968480825,0.8089705353255366,0.9207748919590404,0.536163852762923,0.4627333963093069,97,900
2471,ESM-2-CRVDB,viral,Site Split,DENV_POLG_Suphatrakul,2,0.2473180838564787,0.7491130956413715,0.8650906798565946,0.1642259046613248,0.7996956416968903,0.9243982775533528,0.5374714537544377,0.4691118927447809,111,900
2472,ESM-2-CRVDB,viral,Site Split,DENV_POLG_Suphatrakul,3,0.2262779688326794,0.7662229244665004,0.8813558237707991,0.1436749750967516,0.7903611345294493,0.917662575360666,0.5202254904715198,0.4149163846990839,84,900
2473,ESM-2-CRVDB,viral,Site Split,DENV_POLG_Suphatrakul,4,0.2314926376581806,0.7607554448835419,0.8762300060845899,0.1935615124837461,0.77725015582756,0.8996408349722808,0.5159971940513233,0.4769413290319556,101,900
2474,ESM-2-CRVDB,viral,Site Split,DENV_POLG_Suphatrakul,5,0.2271445603026451,0.7647714912933649,0.8787519397048417,0.1589647443539383,0.7940963151106117,0.9181660392203386,0.5196175837417727,0.4307982382219845,70,900
2475,ESM-2-CRVDB,viral,Site Split,IAV_H3_NP_Doud,1,0.0646661246733528,0.770285398696399,0.982553219641912,-0.0169113342310098,0.736451701337954,0.9405228811573156,0.2165489833623297,0.1144222932087317,10,498
2476,ESM-2-CRVDB,viral,Site Split,IAV_H3_NP_Doud,2,0.1360252440967113,0.7299716442299465,0.9327645124185772,0.0263059105934037,0.7643708446996667,0.972571101028913,0.3716120173899915,0.1793945746301028,42,498
2477,ESM-2-CRVDB,viral,Site Split,IAV_H3_NP_Doud,3,0.1120187661268609,0.7418521457290015,0.9515732698521392,0.0749566979541008,0.733832969944114,0.9229128892980284,0.3335540905769567,0.2573103002655133,43,498
2478,ESM-2-CRVDB,viral,Site Split,IAV_H3_NP_Doud,4,0.0731430716515525,0.7489316517491018,0.9549724342344894,-0.0118724542738637,0.8219251257699641,1.037515505038725,0.2470002266330452,0.0528773866138356,14,498
2479,ESM-2-CRVDB,viral,Site Split,IAV_H3_NP_Doud,5,0.0609300863167845,0.763249176837659,0.9736115762922434,0.0553762148993569,0.7542199876675046,0.9524884395498974,0.2472171539619451,0.187873366100982,17,498
2480,ESM-2-CRVDB,viral,Site Split,HIV1_BG505_ENV_Haddox,1,0.2773811048807907,0.7074632581776288,0.8453385458275938,0.194924688093059,0.7488689930706302,0.9097868254036384,0.5341248218641083,0.454053381890531,53,860
2481,ESM-2-CRVDB,viral,Site Split,HIV1_BG505_ENV_Haddox,2,0.3082022493339141,0.6987469623202403,0.8378283774882854,0.1811186008697977,0.7246563070395645,0.8648370400291023,0.5653437918181053,0.4452722216299586,93,860
2482,ESM-2-CRVDB,viral,Site Split,HIV1_BG505_ENV_Haddox,3,0.3380383323259062,0.6774572075542217,0.816105221933316,0.2022130038020667,0.735022287483598,0.8811352469141411,0.595670469201194,0.4439749598929761,103,860
2483,ESM-2-CRVDB,viral,Site Split,HIV1_BG505_ENV_Haddox,4,0.3131873141895405,0.6907930869709781,0.8293741249113856,0.2651198364808341,0.7077753819636028,0.8539800571074595,0.5747869649022287,0.5347534858845578,103,860
2484,ESM-2-CRVDB,viral,Site Split,HIV1_BG505_ENV_Haddox,5,0.2992823640742904,0.6895600654004496,0.8309630372207412,0.1682720334402032,0.7824085454940835,0.9287583256589704,0.5524682983914285,0.4345177945476862,65,860
2485,ESM-2-CRVDB,viral,Site Split,IAV_H1_HA_Doud,1,0.2725174463651028,0.6991343476365306,0.8441461234719179,0.2340827285812697,0.7505586120107384,0.9073929801055276,0.560608133125846,0.5208546837149443,82,565
2486,ESM-2-CRVDB,viral,Site Split,IAV_H1_HA_Doud,2,0.3317383391244213,0.6749584944778768,0.8195331892228442,0.2024743784029418,0.7289501979807064,0.8831171068329886,0.6138445161853543,0.4692616986570371,124,565
2487,ESM-2-CRVDB,viral,Site Split,IAV_H1_HA_Doud,3,0.3250364077622438,0.6737386261616142,0.821492219991902,0.1945441787647135,0.7361430082106167,0.8914639040956501,0.6079247411010552,0.4782009161156155,119,565
2488,ESM-2-CRVDB,viral,Site Split,IAV_H1_HA_Doud,4,0.3394621043933997,0.6714062460984802,0.8148619126440064,0.2195244292521483,0.7095202405455401,0.8732366392819234,0.6196898916738174,0.4977889263433426,145,565
2489,ESM-2-CRVDB,viral,Site Split,IAV_H1_HA_Doud,5,0.3179928760460424,0.6756532186890947,0.8209695031938187,0.2209797462647975,0.7472072864038216,0.9029537833378186,0.6048552261567888,0.4756260018158357,106,565
2490,ESM-2-CRVDB,viral,Site Split,HIV1_HV1B9_ENV_DuenasDecamp,1,0.2232503435532992,0.6339593860876247,0.8955021107133878,0.0162517079762661,0.6954757679808264,0.9251974560436212,0.5123512799376696,0.1502831227832567,7,853
2491,ESM-2-CRVDB,viral,Site Split,HIV1_HV1B9_ENV_DuenasDecamp,2,0.3321890597770082,0.5093314359350798,0.7389595040426314,-0.1347866567608262,0.8911973563911824,1.2489078356717922,0.6091816622510332,0.1509812293331872,12,853
2492,ESM-2-CRVDB,viral,Site Split,HIV1_HV1B9_ENV_DuenasDecamp,3,0.4979273954775919,0.5205391870568448,0.7258709739000035,-0.0855574399653256,0.6771374947770307,0.9555856631745698,0.6446263044899615,0.1193110506647914,40,853
2493,ESM-2-CRVDB,viral,Site Split,HIV1_HV1B9_ENV_DuenasDecamp,4,0.3692201239490894,0.6064202838643934,0.8377135081976456,-0.3241231620025264,0.6782660464676102,0.7979555861750566,0.612209069813657,0.155865562261754,18,853
2494,ESM-2-CRVDB,viral,Site Split,HIV1_HV1B9_ENV_DuenasDecamp,5,0.1306504257260859,0.6933082751687999,0.9481500716586706,0.0035614943832598,0.6983879922865529,0.923153600727278,0.3966951557924145,0.2444135023618734,3,853
2495,ESM-2-CRVDB,viral,Site Split,SARS2_XBB15_RBD_Taylor,1,0.2094581408350188,0.7092263541434741,0.8842578948276586,0.0456103480808,0.7903241278023435,0.995779638217719,0.4021791067144522,0.1723886043363903,28,201
2496,ESM-2-CRVDB,viral,Site Split,SARS2_XBB15_RBD_Taylor,2,0.3279558387144898,0.6353423208889325,0.8071483095182101,0.1175040626732034,0.765977933377985,0.988513647230409,0.5112993325627083,0.3899000345075901,59,201
2497,ESM-2-CRVDB,viral,Site Split,SARS2_XBB15_RBD_Taylor,3,0.1526221005176345,0.7301010847949919,0.9027599085632262,0.103866828623565,0.8355739648085108,1.0120457404414125,0.368650329538893,0.2775744173848757,18,201
2498,ESM-2-CRVDB,viral,Site Split,SARS2_XBB15_RBD_Taylor,4,0.4707650069881778,0.5731503489610168,0.7352729991476862,0.0409414115632575,0.6981090037122691,0.935059776187846,0.5950613353177199,0.2851218749697499,109,201
2499,ESM-2-CRVDB,viral,Site Split,SARS2_XBB15_RBD_Taylor,5,0.3153406623426057,0.6435583983184401,0.8216120574386343,-0.0065382861146618,0.7826050113163122,1.0256850540171851,0.4889175923876492,0.2193005391127775,46,201
2500,ESM-2-CRVDB,viral,Site Split,SARS2_RBD_expression_Starr,1,0.043745899992052,0.8459254332752987,0.9630691046238592,0.02776690975388,0.8824803974472439,1.020603494278061,0.169849586737463,0.1799209639444983,3,1273
2501,ESM-2-CRVDB,viral,Site Split,SARS2_RBD_expression_Starr,2,0.1284956802589648,0.8112750735484203,0.9261242846908452,0.1240432562015861,0.8524736837885653,0.9647621210098966,0.3439897297623892,0.236089292242013,11,1273
2502,ESM-2-CRVDB,viral,Site Split,SARS2_RBD_expression_Starr,3,0.1460426109353773,0.8000209062800723,0.921223603504364,0.0370799937080017,0.8881103868892123,0.9915038580666528,0.360686154217324,0.1289922187226127,14,1273
2503,ESM-2-CRVDB,viral,Site Split,SARS2_RBD_expression_Starr,4,0.1564136618263153,0.7994241650213291,0.9117855750088932,0.0681180934237577,0.8588022336742378,0.9925907062698416,0.3758828466911676,0.2703085040519656,15,1273
2504,ESM-2-CRVDB,viral,Site Split,SARS2_RBD_expression_Starr,5,0.2962239519325492,0.7225045550289771,0.8405990105717753,0.036671264749589,0.8256072261055106,0.9648036561269612,0.5336468235401811,0.2894470993671239,35,1273
2505,ESM-2-CRVDB,viral,Site Split,EV_REP_Bakhache,1,0.2619527810786078,0.7232548170320985,0.8586855929569421,0.1712497102663319,0.7716086562025751,0.9116974536063644,0.513205287245249,0.427415391320089,285,1331
2506,ESM-2-CRVDB,viral,Site Split,EV_REP_Bakhache,2,0.1854014312154165,0.7656280735748845,0.9000743447967481,0.1337098353462716,0.8060993259730921,0.9408344363341395,0.4462819254393688,0.378128528788424,78,1331
2507,ESM-2-CRVDB,viral,Site Split,EV_REP_Bakhache,3,0.2341964904893089,0.7391808604242922,0.8741431503359486,0.1684175381163605,0.7689938955003917,0.9156091686491242,0.489818385005998,0.4138255082058464,194,1331
2508,ESM-2-CRVDB,viral,Site Split,EV_REP_Bakhache,4,0.2640703035522098,0.7283588035210795,0.8635644720922033,0.1647447740601078,0.7476000726667618,0.888034753289005,0.5157403289963044,0.4200431727258703,285,1331
2509,ESM-2-CRVDB,viral,Site Split,EV_REP_Bakhache,5,0.1837467393246383,0.7772442970932383,0.9107663844791184,0.1227682747485836,0.7694844952443807,0.9027878362069928,0.4450166312515053,0.3628357572397748,72,1331
2510,ESM-2-CRVDB,viral,Site Split,CVB3_3D_Alvarez,1,0.4117621981295557,0.6425923730885612,0.7636326043163697,0.2859404797040773,0.7281250684379821,0.8585429472752497,0.6795667923942235,0.5676934974217587,145,462
2511,ESM-2-CRVDB,viral,Site Split,CVB3_3D_Alvarez,2,0.4328056181075473,0.6309522405008451,0.7550376068098662,0.3268715340480975,0.6865675002487556,0.8119898372560448,0.6877484771487775,0.5969769333846185,188,462
2512,ESM-2-CRVDB,viral,Site Split,CVB3_3D_Alvarez,3,0.4399312263348539,0.6357109462244376,0.7550353093192939,0.2724860809070564,0.6963956034832807,0.8185344115561161,0.6948425339901699,0.5867416530154718,206,462
2513,ESM-2-CRVDB,viral,Site Split,CVB3_3D_Alvarez,4,0.3643154614044884,0.6635112159579334,0.7887048582034155,0.3300848168406074,0.7218164625019473,0.8470663864163499,0.6451404493623976,0.6396985659412,113,462
2514,ESM-2-CRVDB,viral,Site Split,CVB3_3D_Alvarez,5,0.3472035030515122,0.6893174631884383,0.809013815889524,0.2649598897270432,0.7324236869146907,0.8517428680886591,0.6350920247024078,0.5537218182031843,73,462
2515,ESM-2-CRVDB,viral,Site Split,SARS2_DELTA_SPIKE_Dadonaite,1,0.0450248064517014,0.3967570810442504,0.9918754169153292,0.0324516127462369,0.4062940598699113,0.9229886663535468,0.2957271753808183,0.2945629530438369,43,1250
2516,ESM-2-CRVDB,viral,Site Split,SARS2_DELTA_SPIKE_Dadonaite,2,0.0407924226837469,0.398344676777504,0.9814965784470862,0.0383351586077495,0.4147916330574611,0.9721591877152602,0.2950381612108028,0.2847754912560569,36,1250
2517,ESM-2-CRVDB,viral,Site Split,SARS2_DELTA_SPIKE_Dadonaite,3,0.0513459325158842,0.4048054839983568,0.9765514063601854,0.0228939107690139,0.3849157241922991,0.977561030461659,0.3080743219217776,0.3171548018585766,42,1250
2518,ESM-2-CRVDB,viral,Site Split,SARS2_DELTA_SPIKE_Dadonaite,4,0.0535188142117966,0.3969932136235271,0.9695247389361088,0.0131626117002913,0.4032115932020864,1.006935456621399,0.3083157285101158,0.2619345973438989,40,1250
2519,ESM-2-CRVDB,viral,Site Split,SARS2_DELTA_SPIKE_Dadonaite,5,0.04015906255811,0.4083414644299894,1.007222553622607,0.0407836697667928,0.3817665399934575,0.860931676497468,0.3038351231147335,0.2950730573943474,37,1250
2520,ESM-2-CRVDB,viral,Site Split,SARS2_MRPO_Flynn,1,0.3260106440862079,0.7073792131616986,0.8231303834517005,0.0732005579688478,0.8106467926962982,0.9519310284468822,0.5430479621904319,0.293563765065358,82,306
2521,ESM-2-CRVDB,viral,Site Split,SARS2_MRPO_Flynn,2,0.1158128677723578,0.8278345006097563,0.9321961672635388,-0.0199934234139722,0.9431997096695276,1.043767521843915,0.3051160966759458,0.1513195177737657,5,306
2522,ESM-2-CRVDB,viral,Site Split,SARS2_MRPO_Flynn,3,0.1401512748153873,0.8313429175772037,0.9330738004273804,0.0828699724992355,0.8339138067692732,0.932785423854254,0.3622482778190551,0.2273963230206278,17,306
2523,ESM-2-CRVDB,viral,Site Split,SARS2_MRPO_Flynn,4,0.224282461207497,0.7793560991606013,0.8887481322954996,0.0660489403501954,0.8208109958043953,0.9294935824433948,0.4488126371687886,0.314788943766605,44,306
2524,ESM-2-CRVDB,viral,Site Split,SARS2_MRPO_Flynn,5,0.3524195276169929,0.689191772544217,0.8051600759898061,0.0635866865410204,0.8118292444284868,0.9655172622609904,0.5821817528636913,0.2050795869557751,91,306
2525,ESM-2-CRVDB,viral,Site Split,IAV_H1_HA_Wu,1,0.0393870110613017,0.4410661087701865,0.9724889814370008,0.020176090121493,0.4729910928463051,1.0194089519278469,0.3566804687586861,0.2955134647480379,17,565
2526,ESM-2-CRVDB,viral,Site Split,IAV_H1_HA_Wu,2,0.0218412657173523,0.4734180515274025,0.9582569363995832,0.0125234875315785,0.4463767642210575,1.107132302121937,0.3168851154128146,0.3041320209225588,9,565
2527,ESM-2-CRVDB,viral,Site Split,IAV_H1_HA_Wu,3,0.0337221892211822,0.4594937438948084,1.0020335067760917,0.0229941727272415,0.4438070652193274,0.9080148765421752,0.3298616109107894,0.3816275401942468,11,565
2528,ESM-2-CRVDB,viral,Site Split,IAV_H1_HA_Wu,4,0.0374006130645178,0.4391795480674839,0.9446369769731042,0.0138831278062693,0.4960046448652818,1.1272917889721144,0.3373616077114767,0.3373349785859538,11,565
2529,ESM-2-CRVDB,viral,Site Split,IAV_H1_HA_Wu,5,0.0423778624183801,0.4507542391560064,1.0006827661464937,0.0003247865150767,0.4623883548468351,0.904068146003254,0.3566238086833326,0.2692480737383025,17,565
2530,ESM-2-CRVDB,viral,Site Split,EV_CAPSD_Bakhache,1,0.1396890584123242,0.7593401589471576,0.928878681907722,0.0513685557384212,0.7825653512570865,0.9677258024972252,0.3994970839291782,0.2672341639825601,146,862
2531,ESM-2-CRVDB,viral,Site Split,EV_CAPSD_Bakhache,2,0.1422818566162285,0.7646392891815501,0.9364440995621284,0.0581205006913602,0.7649588032129478,0.9249357426473238,0.4065242148668361,0.2727890815526209,149,862
2532,ESM-2-CRVDB,viral,Site Split,EV_CAPSD_Bakhache,3,0.1119804638724349,0.785392906810243,0.95566929138961,0.0576414865290543,0.7466736263291663,0.9093970853711092,0.3671608896666678,0.2932322434992844,93,862
2533,ESM-2-CRVDB,viral,Site Split,EV_CAPSD_Bakhache,4,0.1227260630963129,0.7647010172190624,0.9353654639565556,0.0826834524370291,0.7881690487798136,0.9628651461984328,0.3815879579459298,0.3280011463585244,124,862
2534,ESM-2-CRVDB,viral,Site Split,EV_CAPSD_Bakhache,5,0.1577893473786572,0.7414720202115407,0.913956643820528,0.0769202857111545,0.7990217104595088,0.9761370941273864,0.4243051325674589,0.3120458228761173,193,862
2535,ESM-2-CRVDB,viral,Site Split,HIV1_BF520_ENV_Haddox,1,0.2811879588700565,0.6857061908846952,0.8423015228088203,0.208671500696265,0.7447935984598103,0.9074995240305036,0.5659622658608638,0.4746891180421566,83,852
2536,ESM-2-CRVDB,viral,Site Split,HIV1_BF520_ENV_Haddox,2,0.3113775122878779,0.6718215654310853,0.8266325516410936,0.1756801136576934,0.7585770375134313,0.921622570189652,0.5872700455605653,0.4396781608199943,112,852
2537,ESM-2-CRVDB,viral,Site Split,HIV1_BF520_ENV_Haddox,3,0.3144108836496903,0.6743965278479591,0.8285494478223082,0.1868785308568066,0.7334843917686539,0.8968851295160661,0.5917523580298832,0.4580925181859548,103,852
2538,ESM-2-CRVDB,viral,Site Split,HIV1_BF520_ENV_Haddox,4,0.3641357399849996,0.6499417095602369,0.8043793257628273,0.1396163558549463,0.739848527308692,0.8919570187137388,0.6298069681628027,0.4178446683929787,149,852
2539,ESM-2-CRVDB,viral,Site Split,HIV1_BF520_ENV_Haddox,5,0.2615411211257534,0.7051895183826574,0.861015175655059,0.2023831067193729,0.7303146809323782,0.8861117667674276,0.5374577454152786,0.4752712177899099,72,852
2540,ESM-2-CRVDB,viral,Site Split,IAV_PA_Wu,1,0.0116327376740171,0.6838452202284835,1.0295658114578583,-0.0112945171935014,0.6269761805974814,0.8431532470706428,0.1577301241659954,0.1309044649489293,3,716
2541,ESM-2-CRVDB,viral,Site Split,IAV_PA_Wu,2,0.0110753734816783,0.6799027944981217,1.0370043017747277,0.008854122992157,0.6195730139216252,0.8038021943639676,0.1745888775951346,0.1300609269934667,3,716
2542,ESM-2-CRVDB,viral,Site Split,IAV_PA_Wu,3,0.0181408647829447,0.6596752325336586,0.9939324600591414,-0.0089256560317143,0.6790464317075163,0.992023706142662,0.2002694592374159,0.0017954402353126,4,716
2543,ESM-2-CRVDB,viral,Site Split,IAV_PA_Wu,4,0.1168018878660697,0.6320964369974947,0.9885950038870516,0.0218409043462831,0.6058285713367328,0.7410052897790773,0.40451886553167,0.2456245705219088,57,716
2544,ESM-2-CRVDB,viral,Site Split,IAV_PA_Wu,5,0.0099766879539373,0.6799389137023902,1.0203041826584711,0.0064098858313978,0.628726764560637,0.8877527244203993,0.1844493918094161,0.0888765556820831,4,716
2545,ESM-2-CRVDB,viral,Site Split,LASSA_GP_Carr,1,0.2174644160941095,0.7606744701694467,0.8855515875977773,0.122930963089708,0.8038919200193602,0.9310669623776988,0.4774613451727725,0.337094388944169,38,491
2546,ESM-2-CRVDB,viral,Site Split,LASSA_GP_Carr,2,0.2254768048763703,0.7526175756058027,0.8807122311759669,0.1184243059706023,0.8009259112870781,0.9343090171346878,0.4823539890651586,0.331629332705647,40,491
2547,ESM-2-CRVDB,viral,Site Split,LASSA_GP_Carr,3,0.1986795904504127,0.7710022572526999,0.8952651140171658,0.1544873061064251,0.7924787215029415,0.9180660914517929,0.4497657445275556,0.3965383235628125,34,491
2548,ESM-2-CRVDB,viral,Site Split,LASSA_GP_Carr,4,0.1614373036240948,0.7900891024124026,0.9129177699896636,0.1568221634976555,0.8002156574539829,0.9292819533632612,0.415970565927407,0.4290631825154594,20,491
2549,ESM-2-CRVDB,viral,Site Split,LASSA_GP_Carr,5,0.2000502504188823,0.7694166737932341,0.8923816852111707,0.1395152946191109,0.8074695404608637,0.933977344441961,0.4582718651652463,0.3517753246227084,30,491
2550,ESM-2-CRVDB,viral,Site Split,CVB3_VP1_Alvarez,1,0.2856166963820593,0.7175584920351094,0.8461744683941894,0.2235932141724624,0.7394122225103295,0.8770467497480468,0.5841871251539325,0.5267650415615392,101,281
2551,ESM-2-CRVDB,viral,Site Split,CVB3_VP1_Alvarez,2,0.2904960152666181,0.720191284113891,0.8451164042147734,0.2630003014573234,0.7168439560814838,0.8463350416571311,0.5843472224445879,0.5610188653872127,107,281
2552,ESM-2-CRVDB,viral,Site Split,CVB3_VP1_Alvarez,3,0.3149122031427515,0.7114071677583761,0.8377328925159303,0.1682607775515597,0.751556460597016,0.8623670139662114,0.6033329712465993,0.4862072985228499,107,281
2553,ESM-2-CRVDB,viral,Site Split,CVB3_VP1_Alvarez,4,0.3242042490822456,0.6872298390189873,0.8193143523723342,0.1654121079046246,0.8252330919262367,0.9243194908346212,0.6032068243950881,0.4562551166142549,113,281
2554,ESM-2-CRVDB,viral,Site Split,CVB3_VP1_Alvarez,5,0.2974461850920205,0.7088842719827032,0.8363928837049727,0.1481131079918257,0.7999624626251584,0.9303312612756772,0.5942429492578104,0.4218716004795031,89,281
2555,ESM-2-CRVDB,viral,Site Split,BPP22_COAT_Tsuboyama,1,0.8159839843043363,0.3020002846373697,0.4338411235605477,0.7250177771314825,0.3623424454963676,0.4971846686596231,0.8837969807287492,0.8797276019524484,50,40
2556,ESM-2-CRVDB,viral,Site Split,BPP22_COAT_Tsuboyama,2,0.8932939080023716,0.2251946131986581,0.3158655503744212,0.6609273274514279,0.4766556812731644,0.6486737182149719,0.9227138467273952,0.8550278117860276,106,40
2557,ESM-2-CRVDB,viral,Site Split,BPP22_COAT_Tsuboyama,3,0.9095023389637278,0.2254824468238756,0.3042651693394136,0.8008036701550001,0.3102611169533618,0.4253441942029161,0.9235551829804336,0.9104828899349448,138,40
2558,ESM-2-CRVDB,viral,Site Split,BPP22_COAT_Tsuboyama,4,0.8824348079507797,0.2301774667031982,0.3303221356030292,0.5693067165669803,0.4537611810590359,0.6187191927322988,0.9065799563494502,0.8142142969611085,91,40
2559,ESM-2-CRVDB,viral,Site Split,BPP22_COAT_Tsuboyama,5,0.8512143489060009,0.2566778472800543,0.3606795941180172,0.8159749668360965,0.3714414048598303,0.5255487382593377,0.9140140536735648,0.8432530310187372,95,40
2560,ESM-2-CRVDB,viral,Site Split,CVB3_VP3_Alvarez,1,0.1647589607891084,0.7096212769337432,0.9077945501602034,0.1382510505856616,0.7266628153061487,0.952245526635256,0.4613928139074489,0.419039913340853,34,238
2561,ESM-2-CRVDB,viral,Site Split,CVB3_VP3_Alvarez,2,0.1791982339022625,0.6771501919958616,0.8860345520615525,0.1449037179483492,0.7767072001400632,0.996138442971353,0.4618488549324326,0.4626305266929707,43,238
2562,ESM-2-CRVDB,viral,Site Split,CVB3_VP3_Alvarez,3,0.2529296928846379,0.6926188015485938,0.8814716087566016,0.1632627776459307,0.6762205658662445,0.8354270479565988,0.530025853321534,0.4706947496240063,96,238
2563,ESM-2-CRVDB,viral,Site Split,CVB3_VP3_Alvarez,4,0.200527722719236,0.6760956474388274,0.8778807174384179,0.0938365040128136,0.7967638543035169,1.013001682576515,0.4969709568536529,0.3589606087906717,43,238
2564,ESM-2-CRVDB,viral,Site Split,CVB3_VP3_Alvarez,5,0.225173967467453,0.6752214307976471,0.874259089731709,0.1269529135228243,0.7756317949631815,0.9576793253896384,0.5082383213303457,0.3988229235329921,65,238
2565,ESM-2-CRVDB,viral,Site Split,RmYN02_RBD_Starr,1,0.0867892935309468,0.4992684042996221,0.9342884089767242,-0.0014637039193319,0.5974729394945846,1.0741284190284612,0.3514470133703856,0.2693594259332407,21,491
2566,ESM-2-CRVDB,viral,Site Split,RmYN02_RBD_Starr,2,0.0764686493926299,0.5463647902924461,0.9788438091780562,0.0030392065126735,0.5151146232896532,0.9199111433504198,0.3303806498817722,0.2171335889090253,12,491
2567,ESM-2-CRVDB,viral,Site Split,RmYN02_RBD_Starr,3,0.0747903360945407,0.5551371438067614,0.9838432562258428,0.0195895312592168,0.4731340051811533,0.8905234431632382,0.3243442699785997,0.3089194540152962,11,491
2568,ESM-2-CRVDB,viral,Site Split,RmYN02_RBD_Starr,4,0.069881508210836,0.5473564983714209,1.0086572046901474,-0.0473411990476961,0.5312970519577298,0.8114642912609535,0.3244998312756584,0.107938884583683,8,491
2569,ESM-2-CRVDB,viral,Site Split,RmYN02_RBD_Starr,5,0.0717667961139502,0.5446857094720117,0.9945454795853544,-0.009249489790853,0.536786108007786,0.8635720365846905,0.3223830687302502,0.1887419970552824,7,491
2570,ESM-2-CRVDB,viral,Site Split,CVB3_3C_Alvarez,1,0.4935791437044393,0.5903066691943765,0.7194524972726258,0.0809708966689758,0.7639540509264192,0.9025635552165387,0.7275086468943851,0.5085657435863364,140,183
2571,ESM-2-CRVDB,viral,Site Split,CVB3_3C_Alvarez,2,0.3727627997359272,0.6470033406483661,0.7805732930854311,0.1592228937902896,0.8147088948808409,0.9572515067068456,0.6659355531743029,0.4689453454646108,61,183
2572,ESM-2-CRVDB,viral,Site Split,CVB3_3C_Alvarez,3,0.3444392496504518,0.6852026249630899,0.8147880497576349,0.194938598470575,0.7499774121918521,0.874393211295251,0.6522193933242861,0.5093302591279258,47,183
2573,ESM-2-CRVDB,viral,Site Split,CVB3_3C_Alvarez,4,0.3160677706309761,0.7075785521767015,0.8327725107974462,0.2146999968797015,0.7384788943492677,0.8586687078037971,0.6400739760567288,0.5336117625614338,44,183
2574,ESM-2-CRVDB,viral,Site Split,CVB3_3C_Alvarez,5,0.3582684658056427,0.6695410460240941,0.8005073918979398,0.2083587261301416,0.7812304656597582,0.8920001589682686,0.662269520440917,0.5612431600569913,58,183
2575,ESM-2-CRVDB,viral,Site Split,NIPAH_F_Larsen,1,0.1517983343677047,0.7953504498373495,0.9277392401158862,0.1030084774766877,0.7828445028294594,0.9139068091834304,0.3455313797423877,0.2730375271268723,23,602
2576,ESM-2-CRVDB,viral,Site Split,NIPAH_F_Larsen,2,0.2436950107279587,0.7411517406013417,0.8785836650716231,0.1702224119557903,0.7293463222847898,0.8700584813019884,0.452345877012718,0.3771524043105379,73,602
2577,ESM-2-CRVDB,viral,Site Split,NIPAH_F_Larsen,3,0.1633805363580402,0.7826835783872572,0.9190503520629606,0.1449564364116859,0.7611707194372904,0.9061111009406182,0.3662856994683608,0.2893710955448158,35,602
2578,ESM-2-CRVDB,viral,Site Split,NIPAH_F_Larsen,4,0.3221220062577611,0.7014798241226566,0.8378733269954867,0.150334515316286,0.706632382856919,0.8370073026145189,0.5301063845354149,0.3720294738320685,122,602
2579,ESM-2-CRVDB,viral,Site Split,NIPAH_F_Larsen,5,0.1350508581294499,0.7974869368474619,0.9319237975686058,0.1792433482605478,0.7720669316285571,0.8985948300971337,0.3244396323065961,0.3787292599333982,26,602
2580,ESM-2-CRVDB,viral,Site Split,CVB3_2C_Alvarez,1,0.3516529536635584,0.6772009415430534,0.7960269753334286,0.3103395107097173,0.7457544955287501,0.864072603783228,0.6366078029795741,0.5998949950930738,100,329
2581,ESM-2-CRVDB,viral,Site Split,CVB3_2C_Alvarez,2,0.3768197310557223,0.6780857959867115,0.7933136009101898,0.2644712939850441,0.7221552952203677,0.837835975756429,0.6609461481803933,0.5483781693390456,107,329
2582,ESM-2-CRVDB,viral,Site Split,CVB3_2C_Alvarez,3,0.4133462368834361,0.6488063538671289,0.7647607970911157,0.2526233912692683,0.7505606639124125,0.869752988874847,0.6835263181120077,0.5458022029231557,147,329
2583,ESM-2-CRVDB,viral,Site Split,CVB3_2C_Alvarez,4,0.4191488274347528,0.6530032738665807,0.7669548372819468,0.2329153227394811,0.7288851444565946,0.8508007982353808,0.6932062185471798,0.5227106170214727,142,329
2584,ESM-2-CRVDB,viral,Site Split,CVB3_2C_Alvarez,5,0.3463042672210634,0.7059701507015463,0.818493778372733,0.2230450397737279,0.7063750630765382,0.8256488636156948,0.6398770343979315,0.5179472608137221,89,329
2585,ESM-2-CRVDB,viral,Site Split,SARS2_RBD_binding_Starr,1,0.1245112974412128,0.7376550012051918,0.9626920530698944,0.0227790465971171,0.6708496321711986,0.8362891423167323,0.3282953014592262,0.2278404274485155,7,1273
2586,ESM-2-CRVDB,viral,Site Split,SARS2_RBD_binding_Starr,2,0.1107016936701572,0.725953662329262,0.9598298750905874,-0.025523836308247,0.6744214545720532,0.9365468543066964,0.2553929275660913,0.1993761713163021,3,1273
2587,ESM-2-CRVDB,viral,Site Split,SARS2_RBD_binding_Starr,3,0.1106721786261173,0.689256687281473,0.9314733237047766,0.2005673773638092,0.693116043134566,0.93174998225252,0.3227816334582146,0.416076408321997,9,1273
2588,ESM-2-CRVDB,viral,Site Split,SARS2_RBD_binding_Starr,4,0.1926772465744048,0.6740905781848855,0.9044284873880069,0.0596852541717951,0.702372581273225,0.9441087016073716,0.3711694115730616,0.2993568546713313,15,1273
2589,ESM-2-CRVDB,viral,Site Split,SARS2_RBD_binding_Starr,5,0.2267883125078057,0.6169916193208822,0.8353083066897657,0.1264697355694308,0.7908416115069847,1.0933642396612064,0.4503977639230708,0.3770069509915331,24,1273
2590,ESM-2-CRVDB,viral,Site Split,SARS2_BA1_SPIKE_Dadonaite,1,0.3022543502548541,0.6697569515100017,0.8374271898056906,0.1920146756963785,0.7142759073032486,0.8894809911019803,0.542285311092321,0.426180307896188,217,1249
2591,ESM-2-CRVDB,viral,Site Split,SARS2_BA1_SPIKE_Dadonaite,2,0.24182988489049,0.7046774099885781,0.869208155985775,0.1533731554296613,0.7458251179077066,0.9264705286740464,0.4921232632477815,0.3902000925643046,103,1249
2592,ESM-2-CRVDB,viral,Site Split,SARS2_BA1_SPIKE_Dadonaite,3,0.2208786476547866,0.7170424399608657,0.8826141976601981,0.1765110139773249,0.7399603689858637,0.907632180291454,0.4679843238747779,0.4044424327002421,98,1249
2593,ESM-2-CRVDB,viral,Site Split,SARS2_BA1_SPIKE_Dadonaite,4,0.2458361213004807,0.7021540419849378,0.8675476978233423,0.2250116314007139,0.7251131763454098,0.8838133306745523,0.4912858132374998,0.4787163746941258,135,1249
2594,ESM-2-CRVDB,viral,Site Split,SARS2_BA1_SPIKE_Dadonaite,5,0.2189358047416513,0.7247581077593342,0.8870894442761584,0.1525802241117143,0.7451676360846263,0.905705631226176,0.4684295698682134,0.3732048562093673,94,1249
2595,ESM-2-CRVDB,viral,Site Split,SARS2_PRD0038_RBD_Starr,1,0.2729362267821175,0.6310970292046865,0.8576547156360464,0.2502960456228879,0.6536794337182062,0.8455923252555317,0.4553153563870389,0.3554281308250284,39,200
2596,ESM-2-CRVDB,viral,Site Split,SARS2_PRD0038_RBD_Starr,2,0.3415598619325516,0.5728535829362418,0.7915387407692336,-0.0279711797191142,0.773538127545919,1.0913266343374006,0.4517584187417953,0.1793997132336192,46,200
2597,ESM-2-CRVDB,viral,Site Split,SARS2_PRD0038_RBD_Starr,3,0.1851537784569279,0.6842602313122602,0.925377327050958,0.1433977366523107,0.6453535681290701,0.8171887505404289,0.4000558172386446,0.1627677193406523,17,200
2598,ESM-2-CRVDB,viral,Site Split,SARS2_PRD0038_RBD_Starr,4,0.2258238911446933,0.6384049747498173,0.8614573723338583,0.1274540929679249,0.7220957673486792,1.0056393180383203,0.3815386637436023,0.2791451241253214,22,200
2599,ESM-2-CRVDB,viral,Site Split,SARS2_PRD0038_RBD_Starr,5,0.2198248736292302,0.669214049726113,0.8918417517981837,0.2440882475408183,0.6114862738671977,0.8315407218864816,0.4026261895990017,0.3734138378937328,29,200
2600,ESM-2-CRVDB,viral,Site Split,RsYN04_RBD_Starr,1,0.0058099561032296,0.4367708879675811,1.0891934603648628,-0.0505475556587495,0.3487446889558271,0.4823496860877684,0.1490446398532283,0.2187772943222479,3,517
2601,ESM-2-CRVDB,viral,Site Split,RsYN04_RBD_Starr,2,0.0079936791316923,0.4303162086900242,1.079846299931294,0.0058375266173273,0.3316281120769797,0.5500223676144801,0.1638365741651685,0.2112290553503071,2,517
2602,ESM-2-CRVDB,viral,Site Split,RsYN04_RBD_Starr,3,0.0117917160775249,0.4242026535476167,1.0668542145310262,-0.0102609008333311,0.3504565404559021,0.6349863601525242,0.1640429208389207,0.188431683280748,3,517
2603,ESM-2-CRVDB,viral,Site Split,RsYN04_RBD_Starr,4,0.0135542532195179,0.4089740902748101,1.0156147909310385,0.0079274165132936,0.3879972140453481,0.9000012807614848,0.2221124429703265,0.0456228824448211,4,517
2604,ESM-2-CRVDB,viral,Site Split,RsYN04_RBD_Starr,5,0.0103782432424478,0.4218881744496972,1.0592178003713213,0.0078531860746463,0.3385763744849905,0.6849872089648933,0.177513389705033,0.1796432881841319,3,517
2605,ESM-2-CRVDB,viral,Site Split,CVB3_2A_Alvarez,1,0.0449191388305327,0.8315783671066318,0.9662992672923308,0.0310840823207387,0.8837032950874067,1.02687814707952,0.2636407635173316,0.2258073637539432,2,150
2606,ESM-2-CRVDB,viral,Site Split,CVB3_2A_Alvarez,2,0.2747440018024385,0.718472246541705,0.8638016170508167,0.1490217065958563,0.7149872139886606,0.8637841465803545,0.5202359728718295,0.3843813087976652,32,150
2607,ESM-2-CRVDB,viral,Site Split,CVB3_2A_Alvarez,3,0.2935213048536784,0.6898457891961002,0.8358059800581406,0.1113324764680808,0.7968699768042934,0.9631238715583,0.5588358169657581,0.231012171528628,25,150
2608,ESM-2-CRVDB,viral,Site Split,CVB3_2A_Alvarez,4,0.2308005763957589,0.7750736617421248,0.906842941834405,-0.1875488997783927,0.7064830878847509,0.8194849907534726,0.5007995307772968,0.2324560679526687,20,150
2609,ESM-2-CRVDB,viral,Site Split,CVB3_2A_Alvarez,5,0.0576317435154419,0.8184413612807337,0.9629858552490258,-0.0161437546862548,0.8636392350908069,1.0252826874464502,0.2766174766373184,0.220430226502234,1,150
2610,ESM-2-CRVDB,viral,Site Split,SARS2_PLPRO_activity_Wu,1,0.3136148796130276,0.7302692619688143,0.8313460506169952,0.15332658704887,0.7901622077498743,0.907311929320279,0.5514068930609538,0.3446017071002024,44,316
2611,ESM-2-CRVDB,viral,Site Split,SARS2_PLPRO_activity_Wu,2,0.2591049129744251,0.757052531936374,0.8566775781216299,0.1720041115538869,0.8131347936653147,0.9260668881327676,0.4919494918376892,0.4123166870054629,35,316
2612,ESM-2-CRVDB,viral,Site Split,SARS2_PLPRO_activity_Wu,3,0.2525663730020517,0.7675232895784014,0.8633843034965629,0.1889018230486586,0.8085184184899092,0.9052587152265974,0.4987436379807627,0.3627109434314193,29,316
2613,ESM-2-CRVDB,viral,Site Split,SARS2_PLPRO_activity_Wu,4,0.1358302613193091,0.8320206960208175,0.9198739277899668,0.118136610082526,0.8638589972478805,0.9767649606644746,0.3170588020941726,0.2994714349686928,7,316
2614,ESM-2-CRVDB,viral,Site Split,SARS2_PLPRO_activity_Wu,5,0.3277032582521356,0.7199633604132919,0.8228419886625252,0.1287255307811025,0.805819616702408,0.916708283400566,0.5555430673795558,0.4146042455558837,41,316
2615,ESM-2-CRVDB,viral,Site Split,CVB3_3A_Alvarez,1,0.1758521394552742,0.8497795400783644,0.9120523810044716,0.1258605183304622,0.8363486996735946,0.9172172708305726,0.4595191140729559,0.3373568237614944,21,89
2616,ESM-2-CRVDB,viral,Site Split,CVB3_3A_Alvarez,2,0.139530649317835,0.8738417513602577,0.9295396391248965,0.0354633042629892,0.912690592183252,0.9684434862754372,0.400137971296059,0.2495833649123284,9,89
2617,ESM-2-CRVDB,viral,Site Split,CVB3_3A_Alvarez,3,0.3095168088557092,0.7466415137455574,0.830422503814802,0.0373303109267868,0.8710612045835265,0.9692609024868076,0.605618182960509,0.3323260424031185,30,89
2618,ESM-2-CRVDB,viral,Site Split,CVB3_3A_Alvarez,4,0.3109010792420834,0.7416659060499008,0.8293431467672173,0.0994615271486919,0.8107119935132793,0.8989252585843434,0.6193909858309169,0.3027588951341958,39,89
2619,ESM-2-CRVDB,viral,Site Split,CVB3_3A_Alvarez,5,0.3108207264702869,0.7465076133511104,0.8322402076069468,-0.0643516953192795,0.9135440409126848,1.010819895378287,0.5960008640834692,0.1611248658137168,32,89
2620,ESM-2-CRVDB,viral,Site Split,IAV_H5_HA_Dadonaite,1,0.2414275285316205,0.7736863993700251,0.8727270809737133,0.2327434773312879,0.7610424826381708,0.8681934623975301,0.5208210584989886,0.4919035270982511,58,567
2621,ESM-2-CRVDB,viral,Site Split,IAV_H5_HA_Dadonaite,2,0.227872916761113,0.7758528356838746,0.8749866602472757,0.1874432516331384,0.8128265477466423,0.9162963321702148,0.5037186406722739,0.4474050454378052,51,567
2622,ESM-2-CRVDB,viral,Site Split,IAV_H5_HA_Dadonaite,3,0.221796444085862,0.7763452394452285,0.8772915713247504,0.1693112915490091,0.8312601436056031,0.9273403143661983,0.4936157438361437,0.4527337452923085,44,567
2623,ESM-2-CRVDB,viral,Site Split,IAV_H5_HA_Dadonaite,4,0.2804261712386136,0.7456063583314517,0.8490164805443144,0.1958840052003438,0.79080940925897,0.8932509958454076,0.5540688542590568,0.4839893793481988,80,567
2624,ESM-2-CRVDB,viral,Site Split,IAV_H5_HA_Dadonaite,5,0.296213398823776,0.7367631267559144,0.8386302923551231,0.2970713168015545,0.7325090107371335,0.8395577004365168,0.5772056141040565,0.5515673801634156,114,567
2625,ESM-2-CRVDB,viral,Site Split,SARS2_PLPRO_abundance_Wu,1,0.0967537790828914,0.7898713450301063,0.949617702654372,0.0526305567021568,0.8196695443672541,0.97460144901266,0.3319228412654268,0.2234762627542796,16,316
2626,ESM-2-CRVDB,viral,Site Split,SARS2_PLPRO_abundance_Wu,2,0.1639619146253842,0.7505468118563378,0.9093767159795652,0.063818274705555,0.8240068795506105,0.9875642169844596,0.4206829978413979,0.264129470574947,52,316
2627,ESM-2-CRVDB,viral,Site Split,SARS2_PLPRO_abundance_Wu,3,0.0950974604490193,0.7887383435601173,0.9478646993505128,0.0726727398374188,0.8253200282285748,0.9763855325853148,0.3370473434324492,0.2220444260717614,21,316
2628,ESM-2-CRVDB,viral,Site Split,SARS2_PLPRO_abundance_Wu,4,0.0717091843513363,0.7982705210826363,0.9581908885665416,0.0662994541582161,0.8366005626200872,0.984156725743448,0.2622056209239538,0.2755481819020217,15,316
2629,ESM-2-CRVDB,viral,Site Split,SARS2_PLPRO_abundance_Wu,5,0.168795684498103,0.7530447618643518,0.9096853569650508,0.0817710891631127,0.8102201378970151,0.9664389178793154,0.4359638218788453,0.2390311141005246,42,316
2630,ESM-2-CRVDB,cellular,Pooled Split,UBE4B_MOUSE_Klevit2013_singles,1,0.514006988362731,0.5269029721405507,0.7068675282565375,0.167250670277072,0.6297432693286444,0.8597107349798748,0.7129455023632231,0.4247390733342229,119,1173
2631,ESM-2-CRVDB,cellular,Pooled Split,UBE4B_MOUSE_Klevit2013_singles,2,0.4063394831303331,0.5665060547225148,0.7482599152079558,0.1962525195623905,0.6870310071856519,0.9923244049292004,0.6338632140313962,0.4146427158671457,76,1173
2632,ESM-2-CRVDB,cellular,Pooled Split,UBE4B_MOUSE_Klevit2013_singles,3,0.4313694826791296,0.5648703371915826,0.7615736395202365,0.2554252279392389,0.5963753375548873,0.8277274960532193,0.6532201916613376,0.5251517924712661,91,1173
2633,ESM-2-CRVDB,cellular,Pooled Split,UBE4B_MOUSE_Klevit2013_singles,4,0.3934082385096428,0.5775847053747224,0.7727131128812578,0.2382988933376963,0.610400995841147,0.8965097429090672,0.6257243922304299,0.5125397453315829,76,1173
2634,ESM-2-CRVDB,cellular,Pooled Split,UBE4B_MOUSE_Klevit2013_singles,5,0.5157166789973491,0.5219498859149819,0.6910563389922544,0.1680894743174482,0.6516826204079622,0.931559261472601,0.7153666401788537,0.4076811170746762,123,1173
2635,ESM-2-CRVDB,cellular,Pooled Split,BLAT_ECOLX_Palzkill2012,1,0.6829259908415206,0.4485652892391882,0.5627278524151161,0.5736964270368248,0.5215454625583341,0.6542048930247023,0.8403886465941548,0.7632588918433624,602,286
2636,ESM-2-CRVDB,cellular,Pooled Split,BLAT_ECOLX_Palzkill2012,2,0.686038316127877,0.4470000847912553,0.559921935869375,0.5824479833150418,0.5211550629193211,0.646373654746193,0.840253362742714,0.7826200722661578,622,286
2637,ESM-2-CRVDB,cellular,Pooled Split,BLAT_ECOLX_Palzkill2012,3,0.6930679110913099,0.4393422081102718,0.5532044023083506,0.5634353805536776,0.5360112965250866,0.6645787561144398,0.8430304202018225,0.7667519455769662,607,286
2638,ESM-2-CRVDB,cellular,Pooled Split,BLAT_ECOLX_Palzkill2012,4,0.687651838171591,0.4456949715516357,0.5604900972230017,0.556980065842952,0.5294359829782361,0.6576948509609892,0.8412582643445603,0.7532353559116312,602,286
2639,ESM-2-CRVDB,cellular,Pooled Split,BLAT_ECOLX_Palzkill2012,5,0.6890666776170398,0.4441760435091029,0.5548436440462508,0.5792437566703548,0.5215631836643162,0.6613189819375773,0.8426194411240882,0.7691056667124284,628,286
2640,ESM-2-CRVDB,cellular,Pooled Split,B3VI55_LIPST_Whitehead2015,1,0.3465401606677003,0.6096986602016414,0.8052906584503572,0.2357088816659446,0.6852928869301385,0.8872145764681074,0.5576191536868534,0.4490269202725314,544,439
2641,ESM-2-CRVDB,cellular,Pooled Split,B3VI55_LIPST_Whitehead2015,2,0.3612161841814676,0.60442801885803,0.797099790425701,0.2711712017742599,0.6583780358728836,0.8621422669756601,0.5713452473348136,0.474479409263886,614,439
2642,ESM-2-CRVDB,cellular,Pooled Split,B3VI55_LIPST_Whitehead2015,3,0.371419319786897,0.6065463055476359,0.7937691638158978,0.2426888569243493,0.6543491437879776,0.8658009287173128,0.5727153276460871,0.4674832267947857,621,439
2643,ESM-2-CRVDB,cellular,Pooled Split,B3VI55_LIPST_Whitehead2015,4,0.3762543053712599,0.6046593685964277,0.7939555831900503,0.2349581396571456,0.6522905648374465,0.8558436123611362,0.5741279951736512,0.4623622403644694,636,439
2644,ESM-2-CRVDB,cellular,Pooled Split,B3VI55_LIPST_Whitehead2015,5,0.3712344990964653,0.607240481770572,0.7970380976398734,0.2091652708519725,0.657408304445949,0.8706511372061491,0.5691125789400502,0.4577271529137889,601,439
2645,ESM-2-CRVDB,cellular,Pooled Split,PABP_YEAST_Fields2013_singles,1,0.8436587753755886,0.3028374401316708,0.4023939909642759,0.6644728214754967,0.4296859278015288,0.5333692536424035,0.9039169300673509,0.7625505794030334,297,577
2646,ESM-2-CRVDB,cellular,Pooled Split,PABP_YEAST_Fields2013_singles,2,0.8293406752432663,0.3145463867762018,0.4163375535684048,0.5980274456211374,0.4769917975762137,0.6137910526684864,0.8897981106364505,0.7495396866442146,259,577
2647,ESM-2-CRVDB,cellular,Pooled Split,PABP_YEAST_Fields2013_singles,3,0.793442812056721,0.3484343266639936,0.4580860631467903,0.668929713798853,0.4344669231133053,0.5564156365859358,0.8714753668674797,0.7935828957927116,211,577
2648,ESM-2-CRVDB,cellular,Pooled Split,PABP_YEAST_Fields2013_singles,4,0.8449976921918425,0.2954131311202602,0.3990188211979746,0.616246082189758,0.4413528527918748,0.5805643491107729,0.9004774502331511,0.7662467137164701,284,577
2649,ESM-2-CRVDB,cellular,Pooled Split,PABP_YEAST_Fields2013_singles,5,0.7762484813932611,0.3578784875179809,0.4753020567392835,0.6585800426686172,0.4690616396550701,0.5721087608953801,0.865198000984212,0.7799735539573598,192,577
2650,ESM-2-CRVDB,cellular,Pooled Split,RL401_YEAST_Bolon2014,1,0.8229596767238061,0.305261100279557,0.4214067437562471,0.6502769444221613,0.4260405568770922,0.5876273933101456,0.7896097404131218,0.6492757142399326,290,128
2651,ESM-2-CRVDB,cellular,Pooled Split,RL401_YEAST_Bolon2014,2,0.8090084067683281,0.3197267877206889,0.4427136896811343,0.621005873407533,0.4283174892473975,0.5799917291953874,0.7810374019555844,0.6414306169090598,274,128
2652,ESM-2-CRVDB,cellular,Pooled Split,RL401_YEAST_Bolon2014,3,0.8703071481527798,0.2645974432055823,0.3613201847328538,0.6583812802282787,0.4172148791580906,0.576497656514093,0.7893205093329742,0.6924373604436348,390,128
2653,ESM-2-CRVDB,cellular,Pooled Split,RL401_YEAST_Bolon2014,4,0.823977832536941,0.3076579953696537,0.4262398813700155,0.5804602700108756,0.4240856453777899,0.6023892524719131,0.783778915112741,0.6467136373203292,290,128
2654,ESM-2-CRVDB,cellular,Pooled Split,RL401_YEAST_Bolon2014,5,0.8310763853780049,0.3005088352217824,0.4147489811822599,0.6143530415015588,0.4112730436053385,0.5971952187922848,0.7734943602793263,0.6420956422051174,306,128
2655,ESM-2-CRVDB,cellular,Pooled Split,TIM_THETH,1,0.7962934772915484,0.3548590894310864,0.4552087004523498,0.5887050388033404,0.4964400127308359,0.6184441779016835,0.8758662366526084,0.7660833425879257,296,254
2656,ESM-2-CRVDB,cellular,Pooled Split,TIM_THETH,2,0.8407946969330227,0.3105673485383496,0.4005967939357189,0.6170462773399783,0.4881145154934198,0.6088019037628637,0.892627538679206,0.7968413364200958,389,254
2657,ESM-2-CRVDB,cellular,Pooled Split,TIM_THETH,3,0.7812159213860391,0.3655961993567083,0.4643855152059978,0.6784345562173373,0.4674342993393859,0.579497466349199,0.8676486426304443,0.8196425327871604,294,254
2658,ESM-2-CRVDB,cellular,Pooled Split,TIM_THETH,4,0.8091565368831446,0.3403707158466739,0.4360007434816919,0.628235172545039,0.4892092720050935,0.6104251853062596,0.8805046289783139,0.7874114762641061,343,254
2659,ESM-2-CRVDB,cellular,Pooled Split,TIM_THETH,5,0.8209096138853886,0.3366907331923282,0.4295294832510713,0.6392160713231327,0.4425803920009637,0.5610853738620222,0.8882589444310605,0.7821530168547485,349,254
2660,ESM-2-CRVDB,cellular,Pooled Split,RL401_YEAST_Bolon2013,1,0.839670129359775,0.2835740738281576,0.4026534010417973,0.5842056725866336,0.4589743084994449,0.6296821738189137,0.8782520732651682,0.748779641695986,325,128
2661,ESM-2-CRVDB,cellular,Pooled Split,RL401_YEAST_Bolon2013,2,0.7530891389132661,0.3581447178231013,0.4991465088161234,0.679761421883551,0.3889186032083667,0.5537778993545147,0.8509064544497731,0.7919575679864951,205,128
2662,ESM-2-CRVDB,cellular,Pooled Split,RL401_YEAST_Bolon2013,3,0.7995562185111512,0.3249266295970173,0.4532849295284803,0.5100880367123932,0.4689338088448399,0.6622565126196601,0.8607437873970913,0.7506469014187966,229,128
2663,ESM-2-CRVDB,cellular,Pooled Split,RL401_YEAST_Bolon2013,4,0.7526947461087862,0.3471373979203691,0.4898726406592323,0.6067151745672417,0.4819082121060614,0.660077300012085,0.8411130553416735,0.7981494512961165,199,128
2664,ESM-2-CRVDB,cellular,Pooled Split,RL401_YEAST_Bolon2013,5,0.786884014699974,0.3284791953868535,0.461758369263576,0.5840051167128677,0.455673931647615,0.6443339756530586,0.8588065258137323,0.7508010263159303,242,128
2665,ESM-2-CRVDB,cellular,Pooled Split,BLAT_ECOLX_Tenaillon2013,1,0.8204347480391947,0.327424896187702,0.4248505703738101,0.4548914777999689,0.5833655233245154,0.7293609342391333,0.8377365033987014,0.6222060722818699,266,286
2666,ESM-2-CRVDB,cellular,Pooled Split,BLAT_ECOLX_Tenaillon2013,2,0.7629226519160874,0.3693337488701773,0.4763434787761821,0.5948293578562667,0.5326406394620741,0.6837315370953359,0.7860142189829843,0.7564823113306106,218,286
2667,ESM-2-CRVDB,cellular,Pooled Split,BLAT_ECOLX_Tenaillon2013,3,0.7282850272068591,0.4038337444477763,0.5204515078093164,0.4966827336593121,0.5456300420336926,0.7138429262568304,0.7882678901872788,0.6811002184278224,180,286
2668,ESM-2-CRVDB,cellular,Pooled Split,BLAT_ECOLX_Tenaillon2013,4,0.779255865645527,0.3666654339890881,0.4690220727047756,0.6080773439438625,0.4799225372233314,0.6301275904913677,0.8060325913741657,0.7096236541638616,238,286
2669,ESM-2-CRVDB,cellular,Pooled Split,BLAT_ECOLX_Tenaillon2013,5,0.7268617384081808,0.4051640960170581,0.5236724725586461,0.4310756792117606,0.5640781888371986,0.7472031982854908,0.7995362734221586,0.5957497966008797,183,286
2670,ESM-2-CRVDB,cellular,Pooled Split,BRCA1_HUMAN_BRCT,1,0.6200218972816732,0.4728155725056326,0.6303314349844035,0.3955361523875719,0.5194444711751882,0.6932160026473209,0.6668671093514669,0.4452743891029088,141,1863
2671,ESM-2-CRVDB,cellular,Pooled Split,BRCA1_HUMAN_BRCT,2,0.6509107448448954,0.4425883645522917,0.5897529096336398,0.4207386710276319,0.5441935393548397,0.7649403117419159,0.6795416612495775,0.5300888856366602,192,1863
2672,ESM-2-CRVDB,cellular,Pooled Split,BRCA1_HUMAN_BRCT,3,0.597921113160285,0.4739455685819645,0.6290964346347285,0.4371178135990426,0.5698830562909235,0.7733283981279163,0.6412569147973702,0.5407769669751178,128,1863
2673,ESM-2-CRVDB,cellular,Pooled Split,BRCA1_HUMAN_BRCT,4,0.6009889796649235,0.4736676124010042,0.641108435447993,0.4798963540110461,0.5108239235236535,0.6755430822418762,0.6465677145597104,0.526178787342791,139,1863
2674,ESM-2-CRVDB,cellular,Pooled Split,BRCA1_HUMAN_BRCT,5,0.6022969480326322,0.4653726349150008,0.6249909579301925,0.5031142810274001,0.555187276923153,0.7295429059885967,0.6296004890468919,0.5959041341165544,151,1863
2675,ESM-2-CRVDB,cellular,Pooled Split,RASH_HUMAN_Kuriyan,1,0.7080454614789574,0.374197083619214,0.5430990420685999,0.5986949938019979,0.4547848382311243,0.6198483660862115,0.8506734411505152,0.7803546264537677,458,189
2676,ESM-2-CRVDB,cellular,Pooled Split,RASH_HUMAN_Kuriyan,2,0.6977824674859723,0.3802766951207613,0.5498668858984931,0.5997616626089173,0.4723032318248216,0.6309642389372472,0.8462461981040188,0.7824686000220633,430,189
2677,ESM-2-CRVDB,cellular,Pooled Split,RASH_HUMAN_Kuriyan,3,0.6997851741572086,0.3844388396633739,0.5505903441572587,0.5912074680495751,0.4669044089245169,0.6266369609280834,0.8476287690596574,0.7621853096750658,400,189
2678,ESM-2-CRVDB,cellular,Pooled Split,RASH_HUMAN_Kuriyan,4,0.7005647933536111,0.3796799019701314,0.548964318411742,0.592072823798129,0.4678988632131038,0.6275234260292819,0.8491921521882745,0.7596706635305555,432,189
2679,ESM-2-CRVDB,cellular,Pooled Split,RASH_HUMAN_Kuriyan,5,0.7061199411826197,0.3810719571201999,0.5396244144043765,0.5933153238808648,0.4633148003031281,0.649023959156264,0.850411164321496,0.7690409269528005,431,189
2680,ESM-2-CRVDB,cellular,Pooled Split,AMIE_PSEAE_Whitehead,1,0.6233334623370261,0.4494609936005709,0.6098002974862087,0.4980068023602306,0.5307642665988144,0.7263526309182924,0.8125670239169491,0.7478001612613924,544,346
2681,ESM-2-CRVDB,cellular,Pooled Split,AMIE_PSEAE_Whitehead,2,0.6041410113012727,0.4657626193951144,0.6296667939186391,0.4913268028538564,0.5164435003710643,0.7109692139325503,0.8018653481851565,0.7409419817570148,499,346
2682,ESM-2-CRVDB,cellular,Pooled Split,AMIE_PSEAE_Whitehead,3,0.611113647582287,0.4564714344616349,0.6175331899350227,0.5292354725940849,0.5169028940265952,0.7108524039796978,0.8044949363933194,0.7603892448659357,507,346
2683,ESM-2-CRVDB,cellular,Pooled Split,AMIE_PSEAE_Whitehead,4,0.6199498308810054,0.4589330365441952,0.6199868643029403,0.4924575411661909,0.5042922092071965,0.6957284419669895,0.8089196745934507,0.7475533540828299,521,346
2684,ESM-2-CRVDB,cellular,Pooled Split,AMIE_PSEAE_Whitehead,5,0.6275760111155475,0.4550740500464408,0.6146453790830926,0.4728046162422188,0.51338020090296,0.7047830035325243,0.8138453074236266,0.7335824850561103,548,346
2685,ESM-2-CRVDB,cellular,Pooled Split,TIM_THEMA,1,0.6450769477916996,0.4364669523021234,0.588115987873538,0.4826141683008343,0.5481077474199453,0.7550078444810546,0.8003474008683612,0.6965389248156912,221,252
2686,ESM-2-CRVDB,cellular,Pooled Split,TIM_THEMA,2,0.6877346919563733,0.4095629606541284,0.5593795439484125,0.5261904003282556,0.5171307442428122,0.6850124089704325,0.8152762796370524,0.7540684612033248,263,252
2687,ESM-2-CRVDB,cellular,Pooled Split,TIM_THEMA,3,0.6870516481187863,0.4107908222036107,0.5549029243341963,0.5668736362544994,0.5216675674092122,0.6773198238349865,0.8081553919228173,0.7858247535243761,269,252
2688,ESM-2-CRVDB,cellular,Pooled Split,TIM_THEMA,4,0.7179188062820586,0.3903415491737848,0.5253704248035751,0.517718650348715,0.5177853493643385,0.723685674732502,0.8214434525726052,0.7380432877911275,312,252
2689,ESM-2-CRVDB,cellular,Pooled Split,TIM_THEMA,5,0.6629024935091026,0.4284677199805488,0.5778666210820751,0.5024340175278843,0.5271792617766093,0.7184863738303964,0.8080904046286999,0.7315997415405672,227,252
2690,ESM-2-CRVDB,cellular,Pooled Split,BLAT_ECOLX_Ranganathan2015,1,0.8038536324950301,0.3486851113362531,0.4422299940041675,0.715491903169666,0.4252395474439133,0.5364106984778596,0.8897609794746978,0.8433663033663035,621,286
2691,ESM-2-CRVDB,cellular,Pooled Split,BLAT_ECOLX_Ranganathan2015,2,0.7952606401955484,0.3562221408852647,0.4509181075010225,0.7082144239670642,0.426800267105156,0.5473825586937577,0.8886344106493304,0.83528871379458,586,286
2692,ESM-2-CRVDB,cellular,Pooled Split,BLAT_ECOLX_Ranganathan2015,3,0.7990121867667435,0.3553177888591228,0.4491369582460451,0.704782182907376,0.4161578659267962,0.5384482567963259,0.8882555064660221,0.8312388392388392,586,286
2693,ESM-2-CRVDB,cellular,Pooled Split,BLAT_ECOLX_Ranganathan2015,4,0.7987713881213094,0.3532410534846692,0.4456665999804844,0.722584811318568,0.4207493786260177,0.5390485525796274,0.8875481169476371,0.8537573177573179,603,286
2694,ESM-2-CRVDB,cellular,Pooled Split,BLAT_ECOLX_Ranganathan2015,5,0.7995517669183143,0.3541123985830783,0.4485033646221303,0.7114828848032799,0.4237076589022892,0.5333287170401585,0.8866679354452146,0.8435139180444597,617,286
2695,ESM-2-CRVDB,cellular,Pooled Split,IF1_ECOLI,1,0.8378647376549698,0.297095512945883,0.4070784756645427,0.6623096479758046,0.4012376985910193,0.5542598051365367,0.8037007209827445,0.6830759809609918,338,72
2696,ESM-2-CRVDB,cellular,Pooled Split,IF1_ECOLI,2,0.8513580844769992,0.2828619659981428,0.3897302054240273,0.6313918166705106,0.4222272794279774,0.5789188511489141,0.8047726058699737,0.7311155353616713,360,72
2697,ESM-2-CRVDB,cellular,Pooled Split,IF1_ECOLI,3,0.8384412939003707,0.2903536719801688,0.4006150533344346,0.6710289106674021,0.4300482895395853,0.5810219463419427,0.8001258775071253,0.7171108405443849,345,72
2698,ESM-2-CRVDB,cellular,Pooled Split,IF1_ECOLI,4,0.8192664493841824,0.3086628604771732,0.4248008613491399,0.6439938005462174,0.4350650036615703,0.5983049345021548,0.7980571885988152,0.6808888357181403,304,72
2699,ESM-2-CRVDB,cellular,Pooled Split,IF1_ECOLI,5,0.8192527663900897,0.307735371720688,0.4238165145455801,0.681059312048373,0.4203082160297294,0.5716800773125841,0.7953966265383351,0.6963540818120474,320,72
2700,ESM-2-CRVDB,cellular,Pooled Split,RL401_YEAST_Fraser2016,1,0.6394993995218431,0.4564338334966305,0.6112409463174264,0.507102733578519,0.4875647783721384,0.6414311007992579,0.7769866872890836,0.676186506899205,165,128
2701,ESM-2-CRVDB,cellular,Pooled Split,RL401_YEAST_Fraser2016,2,0.6141256263341958,0.4654654964585045,0.6198032936589902,0.5330362652617275,0.52347698499691,0.6891275059474631,0.7662522960355379,0.6826924325166589,140,128
2702,ESM-2-CRVDB,cellular,Pooled Split,RL401_YEAST_Fraser2016,3,0.649417702502022,0.4368813951277414,0.5864672232744701,0.4581334538537313,0.5649652151823719,0.7629810114487203,0.7797093808341097,0.6498270129819116,153,128
2703,ESM-2-CRVDB,cellular,Pooled Split,RL401_YEAST_Fraser2016,4,0.6704684474178169,0.4165502433293085,0.564567356416578,0.556651212145531,0.517122674418836,0.6960785379931222,0.7820803357514132,0.7504209268362532,213,128
2704,ESM-2-CRVDB,cellular,Pooled Split,RL401_YEAST_Fraser2016,5,0.6922908978441358,0.4154144505823636,0.5519375408466389,0.4921109486205166,0.5425873027639263,0.7247563358826609,0.8001669722201665,0.6589287438902897,214,128
2705,ESM-2-CRVDB,cellular,Pooled Split,TIM_SULSO,1,0.7130455003570924,0.4147687689054203,0.5323968051524308,0.519859873400885,0.5156083821506287,0.7092413941598604,0.8297330485210308,0.7231495919044224,218,248
2706,ESM-2-CRVDB,cellular,Pooled Split,TIM_SULSO,2,0.7521897726442708,0.38347696594175,0.5004857677150379,0.553677079689384,0.4983276513994414,0.6532991360217515,0.8415303710317301,0.733587336300498,285,248
2707,ESM-2-CRVDB,cellular,Pooled Split,TIM_SULSO,3,0.8146132913407703,0.3228963903943279,0.4298175912980844,0.5907478295507304,0.4871945950649535,0.6440435156430703,0.8757868452758044,0.7550751705075791,401,248
2708,ESM-2-CRVDB,cellular,Pooled Split,TIM_SULSO,4,0.7304281992911217,0.4013071052584893,0.5233190225624599,0.5279555998026447,0.5282670500804831,0.6646409361870259,0.8373338203416382,0.7139522285719452,236,248
2709,ESM-2-CRVDB,cellular,Pooled Split,TIM_SULSO,5,0.7483747847971352,0.3856486817709081,0.5062489401549659,0.5955966465634462,0.4750183311296164,0.6119012437095194,0.8424601721450147,0.7574022501473616,286,248
2710,ESM-2-CRVDB,cellular,Pooled Split,KKA2_KLEPN_Mikkelsen2014,1,0.5827727299459311,0.4943872553303245,0.6420600590334499,0.4554731183341316,0.579372209768636,0.7546294926380974,0.8080804023118716,0.7258474606822284,512,264
2711,ESM-2-CRVDB,cellular,Pooled Split,KKA2_KLEPN_Mikkelsen2014,2,0.5856676390858673,0.4910865299884204,0.6414744671064494,0.4582885731843004,0.5726264047295689,0.7460393109535249,0.8070263033925403,0.74355654991398,535,264
2712,ESM-2-CRVDB,cellular,Pooled Split,KKA2_KLEPN_Mikkelsen2014,3,0.565748200191141,0.5069124553705551,0.6613187386159732,0.4791755404147138,0.5577900696572541,0.7112671926225805,0.8008256440964601,0.7342638002068385,471,264
2713,ESM-2-CRVDB,cellular,Pooled Split,KKA2_KLEPN_Mikkelsen2014,4,0.5610220583851637,0.5105135239069997,0.6643483360955361,0.4731739396901087,0.5583166831375479,0.7176594214514004,0.7951236344360479,0.7478479518907856,461,264
2714,ESM-2-CRVDB,cellular,Pooled Split,KKA2_KLEPN_Mikkelsen2014,5,0.5873237558099761,0.4956762134238895,0.6483555703106457,0.4452064879555653,0.5668073851115132,0.7157374547716777,0.8120941842706108,0.7247788548556399,511,264
2715,ESM-2-CRVDB,cellular,Pooled Split,MK01_HUMAN_Johannessen,1,0.2487932405320826,0.6342257244411972,0.8659165934603107,0.1544459074521044,0.669167124705957,0.9227817729217482,0.5492587414967574,0.4514241418656841,329,360
2716,ESM-2-CRVDB,cellular,Pooled Split,MK01_HUMAN_Johannessen,2,0.2540978049568833,0.6335367464577812,0.8686197344353906,0.1721857473946961,0.6530749489011058,0.8880765844678673,0.5561051023854097,0.4723211367163099,353,360
2717,ESM-2-CRVDB,cellular,Pooled Split,MK01_HUMAN_Johannessen,3,0.266298985231794,0.6247293984466928,0.8560848780691271,0.14487424807142,0.6792404794483758,0.926326089274082,0.5667438732109533,0.4463636941707504,363,360
2718,ESM-2-CRVDB,cellular,Pooled Split,MK01_HUMAN_Johannessen,4,0.27067605315839,0.6237698528111942,0.8572660903935542,0.1730664395011434,0.6538027179104259,0.8952662040249414,0.5723510344373185,0.4654662283097499,398,360
2719,ESM-2-CRVDB,cellular,Pooled Split,MK01_HUMAN_Johannessen,5,0.2681442175402803,0.6250109730242905,0.8601262259793774,0.1847339588658563,0.6510006942138248,0.8830615284361627,0.5718566355850039,0.4883770555035026,397,360
2720,ESM-2-CRVDB,cellular,Pooled Split,TPK1_HUMAN_Roth2017,1,0.2352581018193572,0.7203668366294721,0.8770455382054371,0.0961567404167552,0.7669096633777441,0.939490909832688,0.5152105835600508,0.3415747225196112,163,243
2721,ESM-2-CRVDB,cellular,Pooled Split,TPK1_HUMAN_Roth2017,2,0.2226382861290159,0.725609965687718,0.8817232298593574,0.1003474029807671,0.7873073617147162,0.947908883155406,0.5037327749713341,0.3368821722334364,167,243
2722,ESM-2-CRVDB,cellular,Pooled Split,TPK1_HUMAN_Roth2017,3,0.1884094090721244,0.7498124592882727,0.9042152278937992,0.0945174677046668,0.7779512447301004,0.9373258615866904,0.4648326295247711,0.3234286223745788,110,243
2723,ESM-2-CRVDB,cellular,Pooled Split,TPK1_HUMAN_Roth2017,4,0.1650914024838898,0.753576398564923,0.9023149929300102,0.1244193330597094,0.8069616351985941,0.9807124950093596,0.435111556028172,0.3883560314631664,98,243
2724,ESM-2-CRVDB,cellular,Pooled Split,TPK1_HUMAN_Roth2017,5,0.222922256862984,0.7324539848442226,0.8886934470370468,0.1029769723987437,0.7532056655815548,0.9135881006795504,0.5039718987067957,0.3449928786511186,162,243
2725,ESM-2-CRVDB,cellular,Pooled Split,BRCA1_HUMAN_RING,1,0.7987580695198045,0.3271006660437821,0.4489729076647994,0.5778451504208489,0.4860714222385554,0.6468816830576809,0.7657565366920273,0.6796008702364149,149,1863
2726,ESM-2-CRVDB,cellular,Pooled Split,BRCA1_HUMAN_RING,2,0.732658341172241,0.3924807394147778,0.5268680774837657,0.5293164895356979,0.4565031839027914,0.6287507661403535,0.7302188690566773,0.5415479665439117,111,1863
2727,ESM-2-CRVDB,cellular,Pooled Split,BRCA1_HUMAN_RING,3,0.7681770747028033,0.349914191890247,0.4816895796117479,0.645664663855048,0.4589391210182243,0.5917794452113484,0.75798366984054,0.6423741322508736,143,1863
2728,ESM-2-CRVDB,cellular,Pooled Split,BRCA1_HUMAN_RING,4,0.7807597605560822,0.3420281978853393,0.4591228725744314,0.5532605131521329,0.4907190746389894,0.7116147144966156,0.7469068122703382,0.6570872133049895,144,1863
2729,ESM-2-CRVDB,cellular,Pooled Split,BRCA1_HUMAN_RING,5,0.7573491426177391,0.3674644628468332,0.4846346438991297,0.5006597210419772,0.5072287411728331,0.7502691904835485,0.7444545309684505,0.5258277557254577,107,1863
2730,ESM-2-CRVDB,cellular,Pooled Split,YAP1_HUMAN_Fields2012_singles,1,0.7317887640965006,0.3777093593503114,0.5071657216510218,0.4185256048467182,0.5557516024235625,0.8204666452515107,0.871166428031659,0.6354436628409232,79,504
2731,ESM-2-CRVDB,cellular,Pooled Split,YAP1_HUMAN_Fields2012_singles,2,0.6825105572046658,0.4067656051886719,0.560620236094007,0.4207407825597644,0.5733779130107409,0.7758271010504927,0.8433853358787735,0.6132296680241887,60,504
2732,ESM-2-CRVDB,cellular,Pooled Split,YAP1_HUMAN_Fields2012_singles,3,0.6742206976471337,0.4114603674960854,0.5697108567611384,0.45671348171433,0.5654410043191803,0.7395211046547374,0.8430547269617786,0.6301986918425276,58,504
2733,ESM-2-CRVDB,cellular,Pooled Split,YAP1_HUMAN_Fields2012_singles,4,0.866262314104825,0.2762293342863882,0.370367097424997,0.4987281390207247,0.4907848497551345,0.6695515924716515,0.929612118681144,0.7140256695051217,126,504
2734,ESM-2-CRVDB,cellular,Pooled Split,YAP1_HUMAN_Fields2012_singles,5,0.7699017463688237,0.345797066393451,0.4718567056733838,0.3919238167537043,0.5862105305004424,0.8277775856806787,0.8929892133234486,0.6726521041589536,78,504
2735,ESM-2-CRVDB,cellular,Pooled Split,BG_STRSQ_hmmerbit,1,0.6001813886286524,0.4702917175340788,0.6261146634332461,0.4322316366116321,0.5786114453293989,0.7817863541152452,0.7402715770562801,0.6568156204560174,382,501
2736,ESM-2-CRVDB,cellular,Pooled Split,BG_STRSQ_hmmerbit,2,0.5822641774768376,0.4852672789749055,0.6451025049858136,0.4082852715131965,0.5734991033781713,0.7750060089323867,0.7326025873313808,0.6650604354228725,331,501
2737,ESM-2-CRVDB,cellular,Pooled Split,BG_STRSQ_hmmerbit,3,0.5781597869392501,0.4913028537977504,0.65015955714971,0.3993096408920545,0.575671226774726,0.771758323411597,0.7280473634488825,0.5989186579608818,308,501
2738,ESM-2-CRVDB,cellular,Pooled Split,BG_STRSQ_hmmerbit,4,0.5816341821615129,0.4834654621707388,0.6448167875885947,0.3828041271870317,0.5815488280323047,0.7952168091500013,0.7290463234406112,0.6481751266284846,330,501
2739,ESM-2-CRVDB,cellular,Pooled Split,BG_STRSQ_hmmerbit,5,0.5941085538704984,0.4807775997556854,0.6405504629106896,0.4061867363777068,0.5620474080628948,0.7535443272068565,0.7368537612279954,0.6407599296684826,347,501
2740,ESM-2-CRVDB,cellular,Pooled Split,SUMO1_HUMAN_Roth2017,1,0.5832940643731916,0.4993525390396914,0.6436492401842545,0.3831543561271809,0.6095727141589535,0.7940409601479322,0.7727923051419541,0.6394863968664767,199,101
2741,ESM-2-CRVDB,cellular,Pooled Split,SUMO1_HUMAN_Roth2017,2,0.5788328854054077,0.5061828090129686,0.6496982389678605,0.4128982105812363,0.5941478321976612,0.762485329774239,0.7735734957845732,0.644754805453719,189,101
2742,ESM-2-CRVDB,cellular,Pooled Split,SUMO1_HUMAN_Roth2017,3,0.6090245353946575,0.4856487616307701,0.6278097233840293,0.4067599632655805,0.5853861096329563,0.7570485525582061,0.793611081857319,0.6381313391965814,232,101
2743,ESM-2-CRVDB,cellular,Pooled Split,SUMO1_HUMAN_Roth2017,4,0.572996938005502,0.5062250671636661,0.649705843757682,0.4142137132849453,0.5990586430784843,0.7825077557576251,0.7714445919317032,0.6500297215224152,198,101
2744,ESM-2-CRVDB,cellular,Pooled Split,SUMO1_HUMAN_Roth2017,5,0.5795851503918008,0.5069330303712589,0.6480619582361703,0.3618021074171861,0.6014395511869506,0.8004578976545528,0.7722633369298375,0.6208111492386051,194,101
2745,ESM-2-CRVDB,cellular,Pooled Split,GAL4_YEAST_Shendure2015,1,0.6353564240782883,0.4893082892170757,0.6038911449056541,0.3899669279101719,0.596948134740476,0.778541513009309,0.8209492277646899,0.6736481014947998,170,881
2746,ESM-2-CRVDB,cellular,Pooled Split,GAL4_YEAST_Shendure2015,2,0.6375514273453835,0.4760612546090698,0.5967005981376458,0.4938746906959416,0.5931235051091928,0.7358666347441529,0.8231869223669153,0.7317292174343512,190,881
2747,ESM-2-CRVDB,cellular,Pooled Split,GAL4_YEAST_Shendure2015,3,0.5939477940654709,0.5159583591780287,0.6429056776489288,0.3762532255961215,0.6233139066335524,0.7608047048840346,0.7963469134127452,0.6648552313164595,125,881
2748,ESM-2-CRVDB,cellular,Pooled Split,GAL4_YEAST_Shendure2015,4,0.6175202581012917,0.4957468191190807,0.620327269746059,0.4490636658689282,0.5863613718551153,0.7330659516408808,0.8123001139182354,0.7031688787588962,141,881
2749,ESM-2-CRVDB,cellular,Pooled Split,GAL4_YEAST_Shendure2015,5,0.6364706965050662,0.4821819739693077,0.6019596167037141,0.379245733407186,0.6318836005984698,0.7929152381411331,0.8231020704106354,0.6570048266737094,161,881
2750,ESM-2-CRVDB,cellular,Pooled Split,BLAT_ECOLX_Ostermeier2014,1,0.7400250303037588,0.401876504749221,0.509121777855818,0.6321313710593965,0.4810988016740938,0.6100376822986887,0.8745952041118379,0.8138962404051124,520,286
2751,ESM-2-CRVDB,cellular,Pooled Split,BLAT_ECOLX_Ostermeier2014,2,0.7352671264073773,0.4034682867073055,0.5130376546919672,0.6668484248697579,0.4630023366653062,0.5837627531019242,0.8695969929873534,0.8404382541763319,545,286
2752,ESM-2-CRVDB,cellular,Pooled Split,BLAT_ECOLX_Ostermeier2014,3,0.7389113890565707,0.4068030682332392,0.5110661818759213,0.6561273899861693,0.4544437209760849,0.5852844937988965,0.8738142645340877,0.8176453619805814,536,286
2753,ESM-2-CRVDB,cellular,Pooled Split,BLAT_ECOLX_Ostermeier2014,4,0.7414994376780819,0.3998246491706612,0.5085669653097187,0.673050224668171,0.4516653295775115,0.5711623334783312,0.8742516442908848,0.8362453068971487,573,286
2754,ESM-2-CRVDB,cellular,Pooled Split,BLAT_ECOLX_Ostermeier2014,5,0.7399362245973169,0.4052838690975214,0.5106130098562675,0.6456994339018058,0.4565481615732717,0.5896774252719322,0.8714170079193891,0.8266564180988263,556,286
2755,ESM-2-CRVDB,cellular,Pooled Split,DLG4_RAT_Ranganathan2012,1,0.7693248868656775,0.3315102889495737,0.4751630489882003,0.5692125836575962,0.4633618809086242,0.6835308893619023,0.7504586593336023,0.6559148741104691,306,724
2756,ESM-2-CRVDB,cellular,Pooled Split,DLG4_RAT_Ranganathan2012,2,0.7951384830064573,0.3295629042723599,0.4663136686651991,0.509478729813222,0.4191496269970012,0.6023791251893462,0.7627770726202185,0.6018802332172403,350,724
2757,ESM-2-CRVDB,cellular,Pooled Split,DLG4_RAT_Ranganathan2012,3,0.7583277580982312,0.3406339318821179,0.4909395131936442,0.5792904276453552,0.444372632383642,0.6520916731422493,0.7435316052191795,0.646003127661557,286,724
2758,ESM-2-CRVDB,cellular,Pooled Split,DLG4_RAT_Ranganathan2012,4,0.7445421669079507,0.3470592395658236,0.5037357745301074,0.6160505791426643,0.4315156299585367,0.6277275194543712,0.749902633196905,0.629023441194192,300,724
2759,ESM-2-CRVDB,cellular,Pooled Split,DLG4_RAT_Ranganathan2012,5,0.7412773511943557,0.358726771676079,0.5068089240200024,0.5164640058168849,0.4479583643628119,0.7052926421051886,0.7327143669093635,0.6207771476512478,267,724
2760,ESM-2-CRVDB,cellular,Pooled Split,UBC9_HUMAN_Roth2017,1,0.5793918458740785,0.4835166076484857,0.6445268972398183,0.3565335945047725,0.5891909571202889,0.8208350340950543,0.7912512135806277,0.6738867727124123,286,159
2761,ESM-2-CRVDB,cellular,Pooled Split,UBC9_HUMAN_Roth2017,2,0.5369866770232792,0.5067309254920811,0.6925447454474428,0.398566590082076,0.5599357628046123,0.7176655185435256,0.7792566411749258,0.6623003419435715,252,159
2762,ESM-2-CRVDB,cellular,Pooled Split,UBC9_HUMAN_Roth2017,3,0.5388007419537494,0.5001210720619013,0.6667530849596739,0.4238728721236643,0.5801459400912093,0.8118019936846956,0.7720057511959069,0.7141608863873277,274,159
2763,ESM-2-CRVDB,cellular,Pooled Split,UBC9_HUMAN_Roth2017,4,0.580156954125802,0.4784112874056421,0.642125373579608,0.4163120700232569,0.5689875865001559,0.7906410830672551,0.795213489662791,0.7067853007581932,313,159
2764,ESM-2-CRVDB,cellular,Pooled Split,UBC9_HUMAN_Roth2017,5,0.5949452064110825,0.4732351209723178,0.6169801961425948,0.3557713855174411,0.5957086695493431,0.8938851397132515,0.7958700188286184,0.691983429765638,318,159
2765,ESM-2-CRVDB,cellular,Pooled Split,CALM1_HUMAN_Roth2017,1,0.1094293077775931,0.7532311063420055,0.946308888241364,0.0346505522569633,0.7794083801301684,0.9712507653722352,0.3371553826905081,0.2011233070590185,57,149
2766,ESM-2-CRVDB,cellular,Pooled Split,CALM1_HUMAN_Roth2017,2,0.1467012500102269,0.7305952427486717,0.926860307833248,0.0396366813614637,0.7582443072121166,0.9611909686982106,0.3754793205066429,0.2688039140384036,75,149
2767,ESM-2-CRVDB,cellular,Pooled Split,CALM1_HUMAN_Roth2017,3,0.1182544228356223,0.7571807102145719,0.9452834018431931,0.0529810771351976,0.7477567904658383,0.9451815194306722,0.3571909292882551,0.2083770504122548,60,149
2768,ESM-2-CRVDB,cellular,Pooled Split,CALM1_HUMAN_Roth2017,4,0.1389061299259155,0.7150095160794703,0.9082496331310284,0.0610623576203442,0.8234013310425655,1.0426178002617914,0.3907633888066459,0.2427197906788401,82,149
2769,ESM-2-CRVDB,cellular,Pooled Split,CALM1_HUMAN_Roth2017,5,0.1637627706267501,0.7127726593301305,0.9013771533614324,0.0231310234053635,0.8094835428480638,1.0422534418491654,0.3978574683129101,0.1937222622643168,88,149
2770,ESM-2-CRVDB,cellular,Pooled Split,B3VI55_LIPSTSTABLE,1,0.5273589224282542,0.546900041664427,0.6873129818153518,0.4915054196753385,0.5693045032385744,0.7136555431299603,0.7489269411086392,0.7206533436720246,563,439
2771,ESM-2-CRVDB,cellular,Pooled Split,B3VI55_LIPSTSTABLE,2,0.5453042284450575,0.533011949514168,0.6719032096308701,0.432924937570848,0.6058531873614924,0.7636449266868691,0.7599939466978046,0.6811588075855693,589,439
2772,ESM-2-CRVDB,cellular,Pooled Split,B3VI55_LIPSTSTABLE,3,0.542594910134286,0.5359018479780874,0.6736488014318067,0.4334628444836783,0.6047618533847599,0.7644419579909462,0.7559760922189529,0.683208541928341,583,439
2773,ESM-2-CRVDB,cellular,Pooled Split,B3VI55_LIPSTSTABLE,4,0.5307189639495556,0.5459130011697685,0.6859397057660191,0.4702608757746429,0.574536498142126,0.7239954547800889,0.7495464646269517,0.7122061631318389,568,439
2774,ESM-2-CRVDB,cellular,Pooled Split,B3VI55_LIPSTSTABLE,5,0.5406545365863012,0.540222340048808,0.6770922822530702,0.4402511319196298,0.589003919989512,0.7509655370609021,0.7562487759480306,0.6909803860446985,580,439
2775,ESM-2-CRVDB,cellular,Pooled Split,MTH3_HAEAESTABILIZED_Tawfik2015,1,0.4327334246569466,0.6221987376532025,0.7505814475924876,0.3976070018471819,0.666321856232322,0.7860981177492521,0.6739185152139165,0.6482940989757436,132,331
2776,ESM-2-CRVDB,cellular,Pooled Split,MTH3_HAEAESTABILIZED_Tawfik2015,2,0.4225847602048681,0.6332623087317517,0.7617544618419158,0.3742952851617095,0.6459854297119206,0.782878640985851,0.6644318598795019,0.6187030551960692,121,331
2777,ESM-2-CRVDB,cellular,Pooled Split,MTH3_HAEAESTABILIZED_Tawfik2015,3,0.4905964167935903,0.5853438754128321,0.7151583814442127,0.2535612812067829,0.702699936612143,0.8535018456671781,0.7182489694065498,0.5200127747680466,164,331
2778,ESM-2-CRVDB,cellular,Pooled Split,MTH3_HAEAESTABILIZED_Tawfik2015,4,0.4922403734748166,0.581590667403621,0.7134325627772432,0.3112747549307982,0.6863408501431126,0.825480783217766,0.7179600425019603,0.5684664076348619,166,331
2779,ESM-2-CRVDB,cellular,Pooled Split,MTH3_HAEAESTABILIZED_Tawfik2015,5,0.4863173970860963,0.5920299024733251,0.7178922723702719,0.3078305693300506,0.6665454562612745,0.8263168264042263,0.7144748077777497,0.5638247142158423,176,331
2780,ESM-2-CRVDB,cellular,Pooled Split,HSP82_YEAST_Bolon2016,1,0.8016331763772958,0.3113434206047252,0.4515410699432742,0.6127615875308001,0.3992251471676376,0.5856484562209492,0.6834320516076193,0.5988822267094625,609,709
2781,ESM-2-CRVDB,cellular,Pooled Split,HSP82_YEAST_Bolon2016,2,0.7953470680433442,0.3116351709771451,0.4531972353793875,0.6903860573773688,0.3817293740625084,0.5524213375582868,0.6717435449483561,0.6176745376588438,642,709
2782,ESM-2-CRVDB,cellular,Pooled Split,HSP82_YEAST_Bolon2016,3,0.7858855167884917,0.3209475996905166,0.4645004885835211,0.6931162204574659,0.3817576589716065,0.545378045217849,0.6688602640481881,0.5800749397264354,604,709
2783,ESM-2-CRVDB,cellular,Pooled Split,HSP82_YEAST_Bolon2016,4,0.8039531401340647,0.3079013646972991,0.4404063189126304,0.6798925581682856,0.3841240293714124,0.5776019311209936,0.6782734796253506,0.5939855832725226,672,709
2784,ESM-2-CRVDB,cellular,Pooled Split,HSP82_YEAST_Bolon2016,5,0.7853979564684389,0.3205147745866987,0.4609861029988003,0.6858989956703017,0.3921966648151833,0.5711467903876336,0.6635016788340807,0.6297571614691155,592,709
2785,ESM-2-CRVDB,cellular,Pooled Split,TPMT_HUMAN_Fowler2018,1,0.5572611901187227,0.4983301511523896,0.6658157745978942,0.4654584099434142,0.5494773534199037,0.7286760332922126,0.6993766743279132,0.6251354968565725,439,245
2786,ESM-2-CRVDB,cellular,Pooled Split,TPMT_HUMAN_Fowler2018,2,0.5779000039136166,0.4910921220539493,0.6559236416662945,0.4078347754574837,0.5646284252076411,0.7392651864428859,0.7160688723363784,0.569814693877829,464,245
2787,ESM-2-CRVDB,cellular,Pooled Split,TPMT_HUMAN_Fowler2018,3,0.5654058298216874,0.4891211110706269,0.6543669276035551,0.4788260873998167,0.5628610490452688,0.7428461745977702,0.7106487890931964,0.6260630566409073,476,245
2788,ESM-2-CRVDB,cellular,Pooled Split,TPMT_HUMAN_Fowler2018,4,0.579809168883045,0.4832445354221456,0.6428697506629117,0.4553297220303943,0.5637640108694728,0.7617878070297256,0.713984224880075,0.6268001384089962,492,245
2789,ESM-2-CRVDB,cellular,Pooled Split,TPMT_HUMAN_Fowler2018,5,0.570709966124042,0.4952416944242958,0.6577142896666489,0.4215832746235867,0.559942453914568,0.7483002805193502,0.7121845163944082,0.5994499818968984,432,245
2790,ESM-2-CRVDB,cellular,Pooled Split,PTEN_HUMAN_Fowler2018,1,0.6403716403217247,0.4551029487576603,0.6008471684820748,0.4869110037505031,0.5533729650660901,0.7107100893376305,0.8050793529351441,0.6894717820709966,565,403
2791,ESM-2-CRVDB,cellular,Pooled Split,PTEN_HUMAN_Fowler2018,2,0.5821895524850023,0.4882637929045795,0.6455170075636115,0.5003075354881545,0.5505141150579215,0.7104307324158791,0.7701615614320857,0.692070656841801,414,403
2792,ESM-2-CRVDB,cellular,Pooled Split,PTEN_HUMAN_Fowler2018,3,0.6409198411424497,0.4506813655111454,0.5961757173472644,0.476451160057212,0.5633503034004584,0.7380565320774295,0.8029625733981363,0.6827948091086534,558,403
2793,ESM-2-CRVDB,cellular,Pooled Split,PTEN_HUMAN_Fowler2018,4,0.6429784406577161,0.4542945321147204,0.5970631494366583,0.4796363058677291,0.5393784611631077,0.7234156807223938,0.8032645723856748,0.7012521675491262,563,403
2794,ESM-2-CRVDB,cellular,Pooled Split,PTEN_HUMAN_Fowler2018,5,0.6221140874746101,0.465194969146906,0.6131687179006649,0.4630207503370755,0.5635521440007916,0.7396900196543724,0.7910365242827904,0.6914472641044175,499,403
2795,ESM-2-CRVDB,cellular,Site Split,TIM_THEMA,1,0.3592206279289441,0.624937690290818,0.8208870851430292,0.0287824073050507,0.7116566480331646,0.8689858669170343,0.6667945360072826,0.2840076371744163,39,252
2796,ESM-2-CRVDB,cellular,Site Split,TIM_THEMA,2,0.3551587171130566,0.6142716362678051,0.8115925604121169,-0.083177800218293,0.8158527541253976,0.9857145110577183,0.6256640925783574,0.1694820560572019,36,252
2797,ESM-2-CRVDB,cellular,Site Split,TIM_THEMA,3,0.2850693832520188,0.6603161331980846,0.866484591979133,0.1557596823593398,0.6471284203689646,0.8215499507183094,0.5998725393331901,0.4071355477938015,25,252
2798,ESM-2-CRVDB,cellular,Site Split,TIM_THEMA,4,0.3989501304341668,0.5911469263176056,0.7773045815071055,0.2500600949403743,0.6524065718695148,0.8498395544180963,0.6839947177274199,0.4737162456539011,56,252
2799,ESM-2-CRVDB,cellular,Site Split,TIM_THEMA,5,0.291811039900683,0.6260642455700381,0.8316699566422289,0.1807808320390908,0.7401311233372901,0.9450416938721607,0.6239368217652558,0.4563843873602201,26,252
2800,ESM-2-CRVDB,cellular,Site Split,PTEN_HUMAN_Fowler2018,1,0.4016450977756443,0.5904899111489161,0.7586466290059819,0.344527650798586,0.6804005765273512,0.8635529267642892,0.6504072768452859,0.6112544613020149,117,403
2801,ESM-2-CRVDB,cellular,Site Split,PTEN_HUMAN_Fowler2018,2,0.4569060955714674,0.573113173991097,0.7413919477783418,0.3057806092014919,0.6291115309903752,0.8129036384706061,0.6887417700434556,0.5516345512670092,138,403
2802,ESM-2-CRVDB,cellular,Site Split,PTEN_HUMAN_Fowler2018,3,0.3998508072006258,0.6106777841367634,0.7821896292330113,0.2790527926862639,0.6417265647113349,0.814517795247356,0.6493416506240804,0.5337574161980171,79,403
2803,ESM-2-CRVDB,cellular,Site Split,PTEN_HUMAN_Fowler2018,4,0.4884455390422225,0.5527985577063732,0.7214268158320375,0.2909699964732085,0.630687903917468,0.8124700989340038,0.706293224729394,0.5434243316890872,179,403
2804,ESM-2-CRVDB,cellular,Site Split,PTEN_HUMAN_Fowler2018,5,0.446453860277306,0.5731190295496275,0.7416977725033667,0.2539125101436433,0.6751457316960047,0.8736937752885359,0.6784286866195158,0.5024719228298298,127,403
2805,ESM-2-CRVDB,cellular,Site Split,BRCA1_HUMAN_RING,1,0.6514318598228392,0.4597469505002491,0.5932887323269802,0.085366507824995,0.581898756491729,0.9235288043109656,0.6756042095422706,0.3739781863837916,50,1863
2806,ESM-2-CRVDB,cellular,Site Split,BRCA1_HUMAN_RING,2,0.3572942684569181,0.5949041015941224,0.7995025899248913,0.4421184222163292,0.5974854873809521,0.7544883174749664,0.5443675752487158,0.5068395807902772,10,1863
2807,ESM-2-CRVDB,cellular,Site Split,BRCA1_HUMAN_RING,3,0.7081514547381,0.3918623101445042,0.5333311850393851,0.3691820545329001,0.6598731861670744,0.8263799365138752,0.7006396784194042,0.6122747865111317,86,1863
2808,ESM-2-CRVDB,cellular,Site Split,BRCA1_HUMAN_RING,4,0.5188218311141664,0.5204741033517146,0.7044421422559628,0.3438794624316285,0.5837674845743472,0.7604553412297078,0.6204027839916636,0.3889866145414374,31,1863
2809,ESM-2-CRVDB,cellular,Site Split,BRCA1_HUMAN_RING,5,0.5860207759307816,0.4542245347476736,0.5973484024449323,-0.0026951696444563,0.8098821286331954,1.1873854344010166,0.6136137874015091,0.4197415110364717,34,1863
2810,ESM-2-CRVDB,cellular,Site Split,IF1_ECOLI,1,0.5204810387771543,0.4961794553823939,0.6933155874683875,0.2917479451364326,0.6265345526858248,0.8345582051606141,0.6237899649308286,0.5495872080461803,70,72
2811,ESM-2-CRVDB,cellular,Site Split,IF1_ECOLI,2,0.4826124931164529,0.4825058838161716,0.6803674657846421,0.2631362341611701,0.7825161251378349,1.0115869974511384,0.6239297060009046,0.466419240489004,52,72
2812,ESM-2-CRVDB,cellular,Site Split,IF1_ECOLI,3,0.6920350766179053,0.3759409131903919,0.5207562777653247,0.2338492055317464,0.7044951344604927,1.0363060484481006,0.7060024500853047,0.5177767355371701,124,72
2813,ESM-2-CRVDB,cellular,Site Split,IF1_ECOLI,4,0.5603713079360645,0.5027829029146851,0.6887224898648803,0.0760830897229879,0.5885671206875449,0.7283930813631969,0.685111172808215,0.2225502015656013,81,72
2814,ESM-2-CRVDB,cellular,Site Split,IF1_ECOLI,5,0.419099712194278,0.5589780654847158,0.7738770537697804,0.1975092807646253,0.6252446659018911,0.8411182331794863,0.6466271810229455,0.2976908555215503,35,72
2815,ESM-2-CRVDB,cellular,Site Split,TPMT_HUMAN_Fowler2018,1,0.374141066815904,0.5955871069852046,0.7823419094486911,0.1522549544742554,0.737655467047753,0.9598284270679084,0.5951578049526485,0.4329070459170469,117,245
2816,ESM-2-CRVDB,cellular,Site Split,TPMT_HUMAN_Fowler2018,2,0.3242698034547612,0.6271861161434523,0.8261427750036331,0.2401210474167203,0.6457254548618115,0.8544136828029081,0.5624080907572648,0.5374342732055003,94,245
2817,ESM-2-CRVDB,cellular,Site Split,TPMT_HUMAN_Fowler2018,3,0.3922690129851223,0.5855163814689301,0.7779752742844418,0.2127194588552811,0.6889228891092717,0.8934111054457758,0.6029734418973168,0.4458265244392195,127,245
2818,ESM-2-CRVDB,cellular,Site Split,TPMT_HUMAN_Fowler2018,4,0.3991051082537241,0.5910253098368976,0.7766389315978581,0.1650608059601482,0.6826223847838786,0.9071124103128788,0.6032941932875904,0.4200579002794626,135,245
2819,ESM-2-CRVDB,cellular,Site Split,TPMT_HUMAN_Fowler2018,5,0.4320354465188496,0.5689478666874795,0.7565553559940216,0.1369681468289013,0.7004506725349565,0.9129749910630784,0.6200736406251361,0.4011665260528724,155,245
2820,ESM-2-CRVDB,cellular,Site Split,TIM_SULSO,1,0.6716573721938279,0.4518850333388949,0.5791873524277075,0.0345098899189678,0.7456502587758415,0.9387730313605512,0.8103669240486254,0.4303484172883375,156,248
2821,ESM-2-CRVDB,cellular,Site Split,TIM_SULSO,2,0.5901908996791297,0.5074200701783518,0.6378442267430959,0.2090136210252972,0.739399867829586,0.8908588803544524,0.7800928289367469,0.4759065941106621,86,248
2822,ESM-2-CRVDB,cellular,Site Split,TIM_SULSO,3,0.4452336434024659,0.5884017446293803,0.7395779101239247,0.0312875182782796,0.7806475448679308,0.9467549156854768,0.6643397159688442,0.4777605819075323,41,248
2823,ESM-2-CRVDB,cellular,Site Split,TIM_SULSO,4,0.4786788824568345,0.5809363533294163,0.7250984962064628,0.2230427681283433,0.7171212494920101,0.8533985233529405,0.7069637632350946,0.5533419045096917,55,248
2824,ESM-2-CRVDB,cellular,Site Split,TIM_SULSO,5,0.5223458867546571,0.5518267542123093,0.6830942212231521,0.3032729991754562,0.706537489409149,0.8712626306967259,0.7422881667835727,0.5494536942909132,69,248
2825,ESM-2-CRVDB,cellular,Site Split,TIM_THETH,1,0.6057186556749314,0.493587569928763,0.6042438437316812,0.2052901078551202,0.8292120544051258,1.0049380232117897,0.7892042230126349,0.4589632769209396,78,254
2826,ESM-2-CRVDB,cellular,Site Split,TIM_THETH,2,0.5087993598127701,0.5808497608718046,0.6998723648812537,0.1287169426185501,0.8047027935275548,0.9359942828368816,0.7282824772628501,0.3915302124123618,65,254
2827,ESM-2-CRVDB,cellular,Site Split,TIM_THETH,3,0.4054075080152568,0.6697872197448335,0.7871554789761968,0.1817463256943314,0.7099608101522334,0.8237033641246739,0.6645674869718159,0.3930052366755225,31,254
2828,ESM-2-CRVDB,cellular,Site Split,TIM_THETH,4,0.5761681806794536,0.5291809453342863,0.6503136780279968,0.2190161502314515,0.748687569389865,0.8822500225945757,0.7659236973925747,0.4489580520248417,85,254
2829,ESM-2-CRVDB,cellular,Site Split,TIM_THETH,5,0.5102661413697268,0.5837745432899616,0.7074796365281331,-0.1365954966468234,0.8520933104405186,1.0083830878620206,0.7314597621191342,0.1423380517516807,56,254
2830,ESM-2-CRVDB,cellular,Site Split,DLG4_RAT_Ranganathan2012,1,0.6405907554495853,0.3909998715719898,0.5865760427889287,0.2029520469491572,0.6620509222544249,0.951260704674571,0.6887952741468298,0.4709865469387236,136,724
2831,ESM-2-CRVDB,cellular,Site Split,DLG4_RAT_Ranganathan2012,2,0.343825857413801,0.5573450318969013,0.8160387996905833,0.2113192838421234,0.5630501300218139,0.8593354143450939,0.5295303790517216,0.5473875581404444,34,724
2832,ESM-2-CRVDB,cellular,Site Split,DLG4_RAT_Ranganathan2012,3,0.7461685138334591,0.3746173064514574,0.5314553270073336,-0.3792887617660465,0.5994224908815269,0.7921013060112575,0.7711090063378186,0.352459690883926,224,724
2833,ESM-2-CRVDB,cellular,Site Split,DLG4_RAT_Ranganathan2012,4,0.5608967417725874,0.4767756442749588,0.6910787685280252,0.1991097192562537,0.507322396738598,0.7171707465395153,0.679591714177429,0.3935580752849136,83,724
2834,ESM-2-CRVDB,cellular,Site Split,DLG4_RAT_Ranganathan2012,5,0.6637800694744027,0.3667522079626603,0.5440914015347285,0.2522313179980583,0.6913362527744269,1.036484029749155,0.7001168175006501,0.5530854371061381,141,724
2835,ESM-2-CRVDB,cellular,Site Split,B3VI55_LIPST_Whitehead2015,1,0.0933827479826905,0.70053141421177,0.943818544982494,0.093259786631909,0.7229716776503211,0.9820500790064852,0.3418645470014074,0.3320706070034266,23,439
2836,ESM-2-CRVDB,cellular,Site Split,B3VI55_LIPST_Whitehead2015,2,0.177947484187445,0.6820516820756636,0.91469165959843,0.0531075975418381,0.714614946801463,0.9377048804318884,0.4241982290987015,0.2950485247771365,69,439
2837,ESM-2-CRVDB,cellular,Site Split,B3VI55_LIPST_Whitehead2015,3,0.1171520072146209,0.7021661040731595,0.9474682609649656,0.0819527460430258,0.6979666916876872,0.9248717125134156,0.3602141288580665,0.3239076526716812,29,439
2838,ESM-2-CRVDB,cellular,Site Split,B3VI55_LIPST_Whitehead2015,4,0.1482474143473204,0.6879258187665093,0.9229182669601814,0.0910811561846722,0.7090767212019731,0.9532746623702,0.3952698729223211,0.3403612110672629,53,439
2839,ESM-2-CRVDB,cellular,Site Split,B3VI55_LIPST_Whitehead2015,5,0.1854764569461264,0.6794279886207152,0.9124808264494084,0.0919562076368498,0.6914224337310425,0.909712746758734,0.4319609642018274,0.3226465303409694,75,439
2840,ESM-2-CRVDB,cellular,Site Split,UBC9_HUMAN_Roth2017,1,0.5931624449196516,0.4601958232256151,0.5959627877363942,0.1564789933000347,0.7596126699879083,1.0841313374675925,0.7962009507789495,0.5026192842839943,249,159
2841,ESM-2-CRVDB,cellular,Site Split,UBC9_HUMAN_Roth2017,2,0.5968248619142098,0.4774164944283394,0.6535785612350559,-0.1413424274032677,0.7388119595150028,0.9354101823448286,0.8052621232909863,0.3198273016055113,297,159
2842,ESM-2-CRVDB,cellular,Site Split,UBC9_HUMAN_Roth2017,3,0.571314163680264,0.4916078511062564,0.6585252567004727,0.0878356941029859,0.6893920898447559,0.9134866268281362,0.7895967847561486,0.4252857326628173,250,159
2843,ESM-2-CRVDB,cellular,Site Split,UBC9_HUMAN_Roth2017,4,0.5600179701775094,0.4812813000609943,0.6641519771772777,0.2967328434706041,0.6611370546990669,0.8300578813241796,0.7912584110046017,0.5653051058196236,284,159
2844,ESM-2-CRVDB,cellular,Site Split,UBC9_HUMAN_Roth2017,5,0.5293518676902316,0.5144122663931879,0.686074696823428,0.3010456832636422,0.6129290231320861,0.8307979277757561,0.7674670999240136,0.6223879709286257,237,159
2845,ESM-2-CRVDB,cellular,Site Split,HSP82_YEAST_Bolon2016,1,0.6401735465480638,0.4045503620846618,0.6026631641661994,0.247044794747527,0.5654667156685077,0.8517011961907531,0.5843623628552519,0.4464983027172096,158,709
2846,ESM-2-CRVDB,cellular,Site Split,HSP82_YEAST_Bolon2016,2,0.6654940635371744,0.4029746159335851,0.5922237705302821,0.2850978221393937,0.5382112617849281,0.7577416427122955,0.6062477037508642,0.4187123475644136,191,709
2847,ESM-2-CRVDB,cellular,Site Split,HSP82_YEAST_Bolon2016,3,0.5974364046224436,0.4189753604599519,0.6218241544398361,0.2851058035562382,0.5962299882057139,0.906843039359967,0.5684062719187682,0.5409933318264392,126,709
2848,ESM-2-CRVDB,cellular,Site Split,HSP82_YEAST_Bolon2016,4,0.5138247183648071,0.5094133232696606,0.730847758614532,-0.0287079694133567,0.5391888577587011,0.7472800008789139,0.5749735472725984,0.2148163281793703,66,709
2849,ESM-2-CRVDB,cellular,Site Split,HSP82_YEAST_Bolon2016,5,0.6580103775208994,0.4175597596113393,0.6103865874106215,0.1833580316667896,0.4727661724904159,0.7063178559586369,0.6095145174428402,0.3726999726139562,187,709
2850,ESM-2-CRVDB,cellular,Site Split,GAL4_YEAST_Shendure2015,1,0.3030344846636251,0.7101676042572724,0.8371673949135882,0.1411823986216593,0.7560414484835902,0.915562547223622,0.6446081713340631,0.4432109110020726,17,881
2851,ESM-2-CRVDB,cellular,Site Split,GAL4_YEAST_Shendure2015,2,0.3921421853644092,0.6553677779780666,0.7874228293305685,0.1267003109843293,0.7371838307256686,0.8896891606696354,0.6928053697233415,0.4732081029334086,28,881
2852,ESM-2-CRVDB,cellular,Site Split,GAL4_YEAST_Shendure2015,3,0.4452608642971385,0.6186323217743072,0.7439039326320901,0.272599431836027,0.7052693770597365,0.8555722647814488,0.7205940698424964,0.59533672614894,54,881
2853,ESM-2-CRVDB,cellular,Site Split,GAL4_YEAST_Shendure2015,4,0.4139792372011384,0.6402374341323335,0.7674893203680593,0.2736314503162512,0.7037811866941686,0.838794541210208,0.6951831178223502,0.5831171327989968,43,881
2854,ESM-2-CRVDB,cellular,Site Split,GAL4_YEAST_Shendure2015,5,0.4477669665688207,0.607638065142729,0.7393640767035032,0.0323821934506037,0.824272128296737,0.983593410398144,0.7208229324275309,0.3542814975179429,39,881
2855,ESM-2-CRVDB,cellular,Site Split,BLAT_ECOLX_Ostermeier2014,1,0.5571383880899223,0.5469097035349388,0.6710672283025225,0.276366425526268,0.6519695466737121,0.8159033532688771,0.7771212389364667,0.5879933174373594,122,286
2856,ESM-2-CRVDB,cellular,Site Split,BLAT_ECOLX_Ostermeier2014,2,0.5620272134629982,0.5309636069571211,0.654328756001774,0.3366505740114958,0.7029316260960502,0.8418689944786859,0.7825648019035991,0.6122413360150143,129,286
2857,ESM-2-CRVDB,cellular,Site Split,BLAT_ECOLX_Ostermeier2014,3,0.5009685887884223,0.5880894721478394,0.7117641042641085,0.3834896132858508,0.6294574497225535,0.7512074194614613,0.7439912993443409,0.6790123684851892,104,286
2858,ESM-2-CRVDB,cellular,Site Split,BLAT_ECOLX_Ostermeier2014,4,0.5886891478404404,0.520220382905463,0.6409150499218196,0.3333492584614649,0.6494744448831848,0.8061321767391717,0.7939478863109055,0.6611330492709113,168,286
2859,ESM-2-CRVDB,cellular,Site Split,BLAT_ECOLX_Ostermeier2014,5,0.4873784575820825,0.5887538831075865,0.7102720776854922,0.3387283631088106,0.6918435702614353,0.8381513550473337,0.7332727573557704,0.6104111657384979,91,286
2860,ESM-2-CRVDB,cellular,Site Split,RASH_HUMAN_Kuriyan,1,0.3348787032633297,0.6276634141938057,0.7984575737168417,0.0646627323590905,0.7819924346603504,1.029855744644125,0.6346833101182301,0.4280094028326433,47,189
2861,ESM-2-CRVDB,cellular,Site Split,RASH_HUMAN_Kuriyan,2,0.3241716046531353,0.6271769922544733,0.8175971870743154,0.1244081284511756,0.7317578008178289,0.9553463161594056,0.6433744587575948,0.3446774436493601,49,189
2862,ESM-2-CRVDB,cellular,Site Split,RASH_HUMAN_Kuriyan,3,0.5947171290736729,0.4713195092253512,0.6277324094541561,0.1244753235519415,0.7053728869763609,0.9751204659269022,0.7900661324325164,0.3988191289024874,164,189
2863,ESM-2-CRVDB,cellular,Site Split,RASH_HUMAN_Kuriyan,4,0.5015967192245896,0.5309887490456497,0.7132044745540779,0.2250644787572652,0.6504057935070636,0.8440731491088657,0.7342658327985995,0.5166171987394287,124,189
2864,ESM-2-CRVDB,cellular,Site Split,RASH_HUMAN_Kuriyan,5,0.3672671247507578,0.6351274629743217,0.8220090564618338,0.154785235552367,0.5697372367701917,0.7720017020192694,0.6652741688543092,0.4535470449155661,59,189
2865,ESM-2-CRVDB,cellular,Site Split,BLAT_ECOLX_Ranganathan2015,1,0.6751724596650925,0.4604733046010216,0.5691040404008951,0.3912592835607864,0.6349713825445847,0.7826853774462252,0.8320330463498992,0.6411323713777661,199,286
2866,ESM-2-CRVDB,cellular,Site Split,BLAT_ECOLX_Ranganathan2015,2,0.6430911176540923,0.4870073910381444,0.594867779741239,0.3776308309587738,0.6411675441052032,0.8021034029332776,0.8167616728673468,0.6404127105631635,160,286
2867,ESM-2-CRVDB,cellular,Site Split,BLAT_ECOLX_Ranganathan2015,3,0.6906689251625256,0.4540833046148156,0.5616586901012407,0.4142959456359497,0.6014082024815173,0.7222981756504121,0.8452544104260794,0.6503967282511016,238,286
2868,ESM-2-CRVDB,cellular,Site Split,BLAT_ECOLX_Ranganathan2015,4,0.4906967378957814,0.6040434599974505,0.7153269231720476,0.4051341795105172,0.6337429650187753,0.7636076014095052,0.7373734721323055,0.6506636125774543,64,286
2869,ESM-2-CRVDB,cellular,Site Split,BLAT_ECOLX_Ranganathan2015,5,0.5436489249284482,0.5654024656022172,0.6761370547624846,0.4165466122173921,0.648005477741241,0.7569961472589841,0.7625988638238415,0.6785982533612056,96,286
2870,ESM-2-CRVDB,cellular,Site Split,SUMO1_HUMAN_Roth2017,1,0.4993092820394633,0.5460775875870852,0.6997893304882561,0.2907284667321005,0.7094659573987553,0.86326886277613,0.7250471026272012,0.6368869196869101,138,101
2871,ESM-2-CRVDB,cellular,Site Split,SUMO1_HUMAN_Roth2017,2,0.5624739762097584,0.5114876378378823,0.6584295923957896,0.2317074254708057,0.7177261485735892,0.8907726076353119,0.7631417443059301,0.5113879272001837,153,101
2872,ESM-2-CRVDB,cellular,Site Split,SUMO1_HUMAN_Roth2017,3,0.5404221847016919,0.5226676871836136,0.6693132784885207,0.3659015504034277,0.6561094368624452,0.8347268918918395,0.7421650980243208,0.6369708445663735,172,101
2873,ESM-2-CRVDB,cellular,Site Split,SUMO1_HUMAN_Roth2017,4,0.5299538433719089,0.5320310245510376,0.6795566951542054,0.2160473951345757,0.730383272718641,0.9147670493651148,0.7414187710974861,0.5169680000690121,138,101
2874,ESM-2-CRVDB,cellular,Site Split,SUMO1_HUMAN_Roth2017,5,0.5748962930934209,0.5143019497447993,0.6567607839604258,0.1940728870882143,0.6691889124495329,0.869391868708281,0.7671394529734683,0.5032317239130402,174,101
2875,ESM-2-CRVDB,cellular,Site Split,CALM1_HUMAN_Roth2017,1,0.1148318713080688,0.7427631659413789,0.9388978658763188,-0.0293465498284015,0.821176735775089,1.0218027133259724,0.359615129842085,0.0585637979645099,46,149
2876,ESM-2-CRVDB,cellular,Site Split,CALM1_HUMAN_Roth2017,2,0.106978324765309,0.745241790264408,0.9394325770820297,-0.0256754024029597,0.7898939243804882,1.0328294205327389,0.3599352606629734,0.1040967724388372,44,149
2877,ESM-2-CRVDB,cellular,Site Split,CALM1_HUMAN_Roth2017,3,0.086489346325759,0.7541412705515239,0.9472387704591227,0.0217733516426235,0.8087910333620548,1.0200997381727213,0.3164565691563415,0.183762764528155,46,149
2878,ESM-2-CRVDB,cellular,Site Split,CALM1_HUMAN_Roth2017,4,0.09582656951312,0.7709089809541682,0.966589312937752,0.0011212643966725,0.7491086257286028,0.9285052302758064,0.3199016070177436,0.1017929879721304,38,149
2879,ESM-2-CRVDB,cellular,Site Split,CALM1_HUMAN_Roth2017,5,0.123184834331855,0.7338841822286886,0.9288427643771996,-0.0536595413413538,0.8102863475026201,1.051219970832133,0.3524438228053985,0.0137006058164546,49,149
2880,ESM-2-CRVDB,cellular,Site Split,MTH3_HAEAESTABILIZED_Tawfik2015,1,0.3124366356640279,0.7152348625214855,0.8352568881195599,0.2046072534441442,0.7358615250468782,0.8601433258562817,0.5858258181631127,0.4803483826197908,40,331
2881,ESM-2-CRVDB,cellular,Site Split,MTH3_HAEAESTABILIZED_Tawfik2015,2,0.3501152107016502,0.6819864279816624,0.805178021374073,0.2158187154833035,0.7675860089182788,0.8870924205299064,0.6190051950841308,0.4833552511296056,47,331
2882,ESM-2-CRVDB,cellular,Site Split,MTH3_HAEAESTABILIZED_Tawfik2015,3,0.3844840324191224,0.6615115491513985,0.7859581168597238,0.2485901233537162,0.7219446997764819,0.8583721614623356,0.6384144822420081,0.5058753491055308,69,331
2883,ESM-2-CRVDB,cellular,Site Split,MTH3_HAEAESTABILIZED_Tawfik2015,4,0.3411021193464681,0.6842786740051523,0.8053835591735651,0.318103178687708,0.7200359834854776,0.8503639548214709,0.6068792377060201,0.576696131905251,50,331
2884,ESM-2-CRVDB,cellular,Site Split,MTH3_HAEAESTABILIZED_Tawfik2015,5,0.3902793610285698,0.6564968249207412,0.7833557314823553,0.265141610864923,0.7073361286474661,0.8427762805025887,0.6438643842138528,0.5232004622852511,81,331
2885,ESM-2-CRVDB,cellular,Site Split,PABP_YEAST_Fields2013_singles,1,0.7620481159955158,0.3693053074703093,0.4862400644943795,0.2695040607554791,0.6928986768912359,0.8556693498878624,0.8513321947373672,0.5336844148709877,144,577
2886,ESM-2-CRVDB,cellular,Site Split,PABP_YEAST_Fields2013_singles,2,0.7385608912796731,0.39755937849432,0.4968314141078443,0.3307612237398821,0.6845138397185779,0.8991876493879299,0.8442379557573149,0.5912403718459495,128,577
2887,ESM-2-CRVDB,cellular,Site Split,PABP_YEAST_Fields2013_singles,3,0.7382844210982041,0.405120660944217,0.5217004469641663,0.2356292034804361,0.6590840392199743,0.789719143654862,0.8545377322875252,0.3729837881730249,137,577
2888,ESM-2-CRVDB,cellular,Site Split,PABP_YEAST_Fields2013_singles,4,0.7263979155989904,0.4024458702752246,0.5216739926878884,0.4483344290902911,0.6101007183187163,0.7454129421330389,0.8372090933338359,0.675361784575289,121,577
2889,ESM-2-CRVDB,cellular,Site Split,PABP_YEAST_Fields2013_singles,5,0.818119409752967,0.3188300186614123,0.4226243899061517,0.1158543102108197,0.7681008506257626,0.9483454018736936,0.8752717184387186,0.4413428894756696,242,577
2890,ESM-2-CRVDB,cellular,Site Split,MK01_HUMAN_Johannessen,1,0.1600149477054283,0.6775558708826162,0.91583784568902,0.0534988622970341,0.7227869871505637,0.9742132873503676,0.4641303357388924,0.2395131942561648,103,360
2891,ESM-2-CRVDB,cellular,Site Split,MK01_HUMAN_Johannessen,2,0.0908112024962176,0.7059457458113647,0.9500197976294944,0.0519359745933701,0.7306713691277268,0.977646505393312,0.3685887571568939,0.2945819265989281,45,360
2892,ESM-2-CRVDB,cellular,Site Split,MK01_HUMAN_Johannessen,3,0.0852248942179321,0.712893906021797,0.9550169251243248,0.057781269459238,0.7375003907457891,0.9761171386002476,0.3661294912048131,0.2764448475292239,40,360
2893,ESM-2-CRVDB,cellular,Site Split,MK01_HUMAN_Johannessen,4,0.1839750840199655,0.6646696087772253,0.9054980605312704,0.0504034779333588,0.7135729531003917,0.9649378058324184,0.4861020985508835,0.2700797659333501,135,360
2894,ESM-2-CRVDB,cellular,Site Split,MK01_HUMAN_Johannessen,5,0.1933184714997283,0.6599626692236555,0.8999939778993983,0.0355979521483016,0.7267151799359933,0.9688685791307206,0.4988428773058946,0.2978965616454264,139,360
2895,ESM-2-CRVDB,cellular,Site Split,AMIE_PSEAE_Whitehead,1,0.366693097584267,0.613955590451957,0.8059411087963094,0.2890677760843557,0.6113827547344814,0.7983313256988593,0.6514468013558722,0.562326805596112,85,346
2896,ESM-2-CRVDB,cellular,Site Split,AMIE_PSEAE_Whitehead,2,0.4049369297795694,0.5931333094641308,0.7818422673391094,0.1044498464295472,0.6704190387556928,0.8817649820988098,0.6835810417522898,0.3687250999584293,107,346
2897,ESM-2-CRVDB,cellular,Site Split,AMIE_PSEAE_Whitehead,3,0.3358601654370007,0.6214610006856118,0.8123861488034138,0.2470136305193894,0.6671084527625563,0.8707403258452442,0.6186092525311759,0.5804011516879753,67,346
2898,ESM-2-CRVDB,cellular,Site Split,AMIE_PSEAE_Whitehead,4,0.3723625724770619,0.6048360376255029,0.7945249811034635,0.2428828644490905,0.6514850054718505,0.8552813319002195,0.6486698884335916,0.5265697400952095,90,346
2899,ESM-2-CRVDB,cellular,Site Split,AMIE_PSEAE_Whitehead,5,0.3627570430924197,0.6130113837626456,0.8037303419841124,0.1640524535358584,0.6685479254876125,0.8846728939675181,0.6433021424508849,0.4451360583590469,79,346
2900,ESM-2-CRVDB,cellular,Site Split,BG_STRSQ_hmmerbit,1,0.4268381479194028,0.5606684390562565,0.75398064886246,0.246152258773497,0.658274724460614,0.8799459077426843,0.6551308672457608,0.5436935054327072,97,501
2901,ESM-2-CRVDB,cellular,Site Split,BG_STRSQ_hmmerbit,2,0.3861142882443054,0.5970932089425321,0.7877089731810298,0.3058691111364693,0.6072990588453566,0.8142906429594067,0.6271566203812888,0.5578566508537262,73,501
2902,ESM-2-CRVDB,cellular,Site Split,BG_STRSQ_hmmerbit,3,0.3903015407118295,0.5925433543659464,0.7848101163382677,0.3268020869161927,0.6216009888764851,0.8035695561803118,0.6331509365458131,0.5605556139830286,72,501
2903,ESM-2-CRVDB,cellular,Site Split,BG_STRSQ_hmmerbit,4,0.4098317998492803,0.5866123380592045,0.7728376035035881,0.3077693519633081,0.5994574496295177,0.8074329651083487,0.6407398787394545,0.541186160158813,81,501
2904,ESM-2-CRVDB,cellular,Site Split,BG_STRSQ_hmmerbit,5,0.3890738173016534,0.5785993097496026,0.7768457808404772,0.3715083933993023,0.6203667679027982,0.8099633943837061,0.626846309904704,0.6327304177573234,86,501
2905,ESM-2-CRVDB,cellular,Site Split,B3VI55_LIPSTSTABLE,1,0.3541070806645365,0.6501084487653259,0.803673736034426,0.2236159731346084,0.7063609298314765,0.8803916881004141,0.639674069422754,0.5053530953836955,120,439
2906,ESM-2-CRVDB,cellular,Site Split,B3VI55_LIPSTSTABLE,2,0.3520994283623923,0.6548577354148567,0.8082112956284441,0.2826809020089357,0.6781887360567109,0.8327660156093278,0.637800478731681,0.5450213983478476,120,439
2907,ESM-2-CRVDB,cellular,Site Split,B3VI55_LIPSTSTABLE,3,0.3360692843431984,0.6542714392595961,0.8107096713447477,0.2055618072797517,0.7266114971756275,0.90226306336483,0.6273803930409921,0.5175555416923476,92,439
2908,ESM-2-CRVDB,cellular,Site Split,B3VI55_LIPSTSTABLE,4,0.3257986004398233,0.6700316598208566,0.8231847139911407,0.2425711515220466,0.6978047205203903,0.8604700648700006,0.6124775108800132,0.5504111888820158,99,439
2909,ESM-2-CRVDB,cellular,Site Split,B3VI55_LIPSTSTABLE,5,0.3446703433968863,0.6528225502761524,0.8076520691460476,0.1869792452661168,0.7393086286981263,0.9089592447770496,0.6368755190733626,0.4647581113572813,93,439
2910,ESM-2-CRVDB,cellular,Site Split,RL401_YEAST_Bolon2014,1,0.6412560619624634,0.4613107967939311,0.6056635484347789,0.2441928858677265,0.6346429084584065,0.8251700762771145,0.7183663765674708,0.5610376941634545,99,128
2911,ESM-2-CRVDB,cellular,Site Split,RL401_YEAST_Bolon2014,2,0.5965940902490666,0.4843304058671626,0.6425217616591133,0.1616591665457645,0.6466056666918318,0.8651212047011623,0.6962609833210479,0.4358586199907064,74,128
2912,ESM-2-CRVDB,cellular,Site Split,RL401_YEAST_Bolon2014,3,0.4207949313449239,0.6103952030778373,0.7713316499748187,0.1392329478674513,0.6310784950248577,0.847651482424186,0.6273942995542344,0.3525227542174297,33,128
2913,ESM-2-CRVDB,cellular,Site Split,RL401_YEAST_Bolon2014,4,0.4530022569791422,0.5232900326171365,0.6925280787268846,0.129185315781971,0.7825619091396911,1.0839433585360485,0.5964051356985213,0.5345825314360937,32,128
2914,ESM-2-CRVDB,cellular,Site Split,RL401_YEAST_Bolon2014,5,0.4823150895006941,0.587835513600837,0.7547581000545168,-0.0221595896718971,0.5894882814647543,0.7377754804046095,0.6654225066107256,0.2673591277624067,42,128
2915,ESM-2-CRVDB,cellular,Site Split,RL401_YEAST_Bolon2013,1,0.6322306552878526,0.4205755759790842,0.5927246880234613,0.1031846536389837,0.6722500489143478,1.008086246063698,0.7865639323714108,0.5193887485052954,67,128
2916,ESM-2-CRVDB,cellular,Site Split,RL401_YEAST_Bolon2013,2,0.7060603533890368,0.4062337897211331,0.5595792018743063,0.3035267482951248,0.5097937863270724,0.6683147494500924,0.8363222184590009,0.5041203429963826,129,128
2917,ESM-2-CRVDB,cellular,Site Split,RL401_YEAST_Bolon2013,3,0.6610195664057901,0.4343150380226235,0.592978914295156,0.3194595166008842,0.5244272396712834,0.7493770846969168,0.8097617155497022,0.611174745294526,87,128
2918,ESM-2-CRVDB,cellular,Site Split,RL401_YEAST_Bolon2013,4,0.7066970137913452,0.3946884037002416,0.5542279591031709,0.0800066466024737,0.6811953599993089,0.8606582945037299,0.8155203496043281,0.5066481303185661,109,128
2919,ESM-2-CRVDB,cellular,Site Split,RL401_YEAST_Bolon2013,5,0.5836194225757376,0.4627759472098087,0.6282181464579,0.4278846254242378,0.6248595346028415,0.8214233948438961,0.7466244630170631,0.6689695730333983,68,128
2920,ESM-2-CRVDB,cellular,Site Split,RL401_YEAST_Fraser2016,1,0.4483182339607713,0.574656088952813,0.7399698018621956,0.3569111757002847,0.648125779196476,0.8110874254606341,0.6858155203539943,0.6049930998114479,53,128
2921,ESM-2-CRVDB,cellular,Site Split,RL401_YEAST_Fraser2016,2,0.4870206366211741,0.512113661752905,0.6780062570384607,0.1006188219956331,0.8674066642251332,1.0812685083291238,0.7070477844611934,0.4490559265161538,56,128
2922,ESM-2-CRVDB,cellular,Site Split,RL401_YEAST_Fraser2016,3,0.5318813297559426,0.5202672101855375,0.6795317601173083,0.3137750931576833,0.6591222149925331,0.8495678721785727,0.7351875766056435,0.5014739867641498,73,128
2923,ESM-2-CRVDB,cellular,Site Split,RL401_YEAST_Fraser2016,4,0.4100736015082968,0.6039592188077074,0.7728207273586762,0.2889396547663286,0.6797388910936911,0.8199779996936833,0.6600747383874442,0.5744296558938534,46,128
2924,ESM-2-CRVDB,cellular,Site Split,RL401_YEAST_Fraser2016,5,0.4336276236916626,0.5724065761441217,0.7264942789119645,0.3376715414776645,0.7187093230356979,0.9097701108545768,0.6760776099025602,0.601110981867645,39,128
2925,ESM-2-CRVDB,cellular,Site Split,BRCA1_HUMAN_BRCT,1,0.5417114547704969,0.4964549785979113,0.6710817662862365,0.3847952371060047,0.6093631195199208,0.8103956012550904,0.621692164808797,0.5015534200435127,91,1863
2926,ESM-2-CRVDB,cellular,Site Split,BRCA1_HUMAN_BRCT,2,0.528657983798089,0.5236645351871455,0.7007549547770784,0.3807408261909991,0.5432430407542524,0.7182095059296304,0.6061004926871449,0.5372708683363702,82,1863
2927,ESM-2-CRVDB,cellular,Site Split,BRCA1_HUMAN_BRCT,3,0.4699531370866211,0.5464554852691114,0.7255563827741945,0.4575704202306442,0.5545170852893596,0.7462177995389502,0.5912765915871373,0.5205897841270148,63,1863
2928,ESM-2-CRVDB,cellular,Site Split,BRCA1_HUMAN_BRCT,4,0.4920969569908862,0.5121102290965669,0.6886573747796042,0.4237689669314023,0.6067081884806249,0.8438422930162257,0.5744719368657137,0.6152864512859173,76,1863
2929,ESM-2-CRVDB,cellular,Site Split,BRCA1_HUMAN_BRCT,5,0.5660887357971004,0.4844153036071963,0.6517063704683967,0.3344671860730444,0.6402410790584244,0.8458693976472462,0.6221155366215219,0.4913492795725931,99,1863
2930,ESM-2-CRVDB,cellular,Site Split,KKA2_KLEPN_Mikkelsen2014,1,0.4044884792542301,0.6080512527404807,0.7738736139083049,0.2604965997869437,0.6714949186606427,0.8490255732926966,0.6981300274951504,0.5452925438447466,106,264
2931,ESM-2-CRVDB,cellular,Site Split,KKA2_KLEPN_Mikkelsen2014,2,0.4725750364393968,0.5711979495193935,0.7365772365663924,0.1581100735174708,0.70141880850465,0.8603420483301777,0.7437936109296135,0.4726000604725636,179,264
2932,ESM-2-CRVDB,cellular,Site Split,KKA2_KLEPN_Mikkelsen2014,3,0.3776373089198054,0.6252938103834415,0.7908002958117668,0.2956690940965334,0.6546279580652865,0.8294822926299525,0.6731883390228941,0.5995658385008724,93,264
2933,ESM-2-CRVDB,cellular,Site Split,KKA2_KLEPN_Mikkelsen2014,4,0.4381550119581885,0.5908879142096487,0.7534643245237429,0.2453598056928753,0.681705043457672,0.843739800932792,0.7191587590380986,0.5743917254657851,150,264
2934,ESM-2-CRVDB,cellular,Site Split,KKA2_KLEPN_Mikkelsen2014,5,0.3774188860452785,0.624492197497797,0.7948082037562342,0.2936806207373179,0.6581218045684926,0.8135119711571765,0.6745604836422308,0.601626146066942,84,264
2935,ESM-2-CRVDB,cellular,Site Split,YAP1_HUMAN_Fields2012_singles,1,0.4793205444498365,0.5349469321745037,0.7442856429766989,0.2944011610763767,0.5728624193461331,0.7094831632942582,0.7283070834824803,0.617610761446378,23,504
2936,ESM-2-CRVDB,cellular,Site Split,YAP1_HUMAN_Fields2012_singles,2,0.6148955655919481,0.4316863667725881,0.6048189969119714,0.1421142288954824,0.763520420618533,0.9878681319369392,0.8198903755664436,0.3976939613054524,30,504
2937,ESM-2-CRVDB,cellular,Site Split,YAP1_HUMAN_Fields2012_singles,3,0.5687251290265323,0.497445689806725,0.6915273544241141,0.0118334887686277,0.6123747673627631,0.7750435744248623,0.7845144869314749,0.2703047484053862,33,504
2938,ESM-2-CRVDB,cellular,Site Split,YAP1_HUMAN_Fields2012_singles,4,0.4892648888257768,0.5114526956008423,0.7072205416792973,0.2672422085745281,0.7206578230316704,0.8824889323512134,0.7311117306525411,0.6549232158988256,22,504
2939,ESM-2-CRVDB,cellular,Site Split,YAP1_HUMAN_Fields2012_singles,5,0.8159259621064794,0.3025806432468089,0.4036149735943406,0.0630389025662453,0.7886897838402016,1.064481830809496,0.8960962105891322,0.6141429830821543,113,504
2940,ESM-2-CRVDB,cellular,Site Split,UBE4B_MOUSE_Klevit2013_singles,1,0.268674459758224,0.6405661795521359,0.8639926374627472,0.1219561952068213,0.666344503120352,0.8909756824128825,0.565045629684022,0.3146163366531143,35,1173
2941,ESM-2-CRVDB,cellular,Site Split,UBE4B_MOUSE_Klevit2013_singles,2,0.2345673358901091,0.6543308777296151,0.8808949845891496,0.1840475179706402,0.6708198011920012,0.879924929677214,0.523236441611179,0.4192232957041796,26,1173
2942,ESM-2-CRVDB,cellular,Site Split,UBE4B_MOUSE_Klevit2013_singles,3,0.1593647343635409,0.6806910307254557,0.9133279308147652,0.0556691674159987,0.7530423767143234,0.985358148564664,0.4468188873688118,0.2521634335514616,13,1173
2943,ESM-2-CRVDB,cellular,Site Split,UBE4B_MOUSE_Klevit2013_singles,4,0.1969271834195733,0.6651236616991982,0.8956789146246947,0.1252219657754725,0.7064454894709776,0.9354183556475084,0.4954702959039769,0.407452536235745,24,1173
2944,ESM-2-CRVDB,cellular,Site Split,UBE4B_MOUSE_Klevit2013_singles,5,0.1159452858885418,0.7078093111280462,0.9377537021150552,0.0749376721721243,0.7210606065825595,0.9715755741690814,0.4395550187943313,0.3040659202303086,8,1173
2945,ESM-2-CRVDB,cellular,Site Split,BLAT_ECOLX_Tenaillon2013,1,0.630306124204928,0.4843378163249658,0.6113070052073983,0.4728821744223211,0.5367009773758885,0.7102274709944987,0.7400570701379194,0.6788073464975052,113,286
2946,ESM-2-CRVDB,cellular,Site Split,BLAT_ECOLX_Tenaillon2013,2,0.5022915778573676,0.5490805113532561,0.6974854416078875,0.3239244668333809,0.6941223257711937,0.8556390723359304,0.6779361521669488,0.6128683685123604,56,286
2947,ESM-2-CRVDB,cellular,Site Split,BLAT_ECOLX_Tenaillon2013,3,0.6850014273121735,0.4247721359121336,0.546158229747111,0.4372566613231858,0.6467773923569856,0.8176875258867016,0.770879402019412,0.6575522436848874,148,286
2948,ESM-2-CRVDB,cellular,Site Split,BLAT_ECOLX_Tenaillon2013,4,0.678371870676866,0.442567502783291,0.562369238306226,0.4325514287927694,0.5846486089285039,0.7779367620845061,0.7711852812721942,0.6331527176820619,129,286
2949,ESM-2-CRVDB,cellular,Site Split,BLAT_ECOLX_Tenaillon2013,5,0.6710863340507807,0.4435693807825683,0.5687474238651468,0.3621950911100223,0.6106821090444003,0.8219997205147856,0.7585504512167063,0.6039343918455348,140,286
2950,ESM-2-CRVDB,cellular,Site Split,TPK1_HUMAN_Roth2017,1,0.2087364366472122,0.733702226943613,0.8888466912628046,0.0584307309534134,0.8042964121138646,0.9732007362644878,0.4883968642371597,0.287466070296597,121,243
2951,ESM-2-CRVDB,cellular,Site Split,TPK1_HUMAN_Roth2017,2,0.1728410791975254,0.7630572245454562,0.9162906580862538,0.0660117059961377,0.7840154343838801,0.934797845778473,0.4470732933497221,0.2850567403561794,85,243
2952,ESM-2-CRVDB,cellular,Site Split,TPK1_HUMAN_Roth2017,3,0.1716639589515753,0.7491623837491557,0.8994274836226269,0.0847324722606222,0.8227332722137368,0.9982723320192776,0.4424780677659856,0.3300881172189216,93,243
2953,ESM-2-CRVDB,cellular,Site Split,TPK1_HUMAN_Roth2017,4,0.1531359597532381,0.772802787001572,0.9215649055706454,0.1142247455778159,0.7733741487587367,0.9327899732202792,0.4240864260008249,0.3680999540165686,83,243
2954,ESM-2-CRVDB,cellular,Site Split,TPK1_HUMAN_Roth2017,5,0.2062572320770422,0.7435360769487179,0.8974120857974446,0.0776187305315987,0.7722246079563632,0.9317747284335046,0.4877246731771248,0.3018964497847383,138,243
2955,ESM-2-CRVDB,cellular,Site Split,BLAT_ECOLX_Palzkill2012,1,0.3165001628006114,0.7012843238365387,0.8302624610562854,0.2340214628502681,0.7115012412770226,0.8502307100466586,0.5959494620555519,0.5524078303521045,55,286
2956,ESM-2-CRVDB,cellular,Site Split,BLAT_ECOLX_Palzkill2012,2,0.3646603441593484,0.6662569011983672,0.7984770689516427,0.1981843962009559,0.7390567269251731,0.884832588676759,0.6330423248315137,0.4672626309855769,62,286
2957,ESM-2-CRVDB,cellular,Site Split,BLAT_ECOLX_Palzkill2012,3,0.3131900463747612,0.6932060014371337,0.822813446174831,0.3080489466336453,0.7168767920257625,0.8510208127826423,0.5868214068486677,0.6045504983996011,57,286
2958,ESM-2-CRVDB,cellular,Site Split,BLAT_ECOLX_Palzkill2012,4,0.3269687448413763,0.6855325964114215,0.8137564271525344,0.1706368876362755,0.8062032282612143,0.9392743638649684,0.608020378934125,0.4562263899957112,56,286
2959,ESM-2-CRVDB,cellular,Site Split,BLAT_ECOLX_Palzkill2012,5,0.3436989908412211,0.6853260289289013,0.8149977141721104,0.1898933109959308,0.7430514495217667,0.8751010047744614,0.6218028340517553,0.4717918040241673,66,286
2960,ESM-2-URVDB,viral,Pooled Split,RsYN04_RBD_Starr,1,0.5845277756840028,0.3489996211325858,0.6501104340831676,0.5158626450794344,0.390782416426559,0.6713651639101393,0.4008285761095622,0.3449297944932147,543,517
2961,ESM-2-URVDB,viral,Pooled Split,RsYN04_RBD_Starr,2,0.6492947110141569,0.3461508836271242,0.6109814601525434,0.2165611642655958,0.4174300986205912,0.7621548368009766,0.4220748101726202,0.2914051741109614,595,517
2962,ESM-2-URVDB,viral,Pooled Split,RsYN04_RBD_Starr,3,0.5863170495738171,0.3410084689226187,0.6345794162516423,0.4844164613322977,0.4158890352291408,0.7552102777642059,0.4238407064384173,0.2902107694913314,514,517
2963,ESM-2-URVDB,viral,Pooled Split,RsYN04_RBD_Starr,4,0.5875203291408655,0.3624353652336483,0.6692397150910079,0.3216695593697078,0.4024048148059598,0.6665341503054215,0.3874299701400485,0.3123394057048496,464,517
2964,ESM-2-URVDB,viral,Pooled Split,RsYN04_RBD_Starr,5,0.5657379125832116,0.3519247984550713,0.6646176528503616,0.5001177482221597,0.4107760098682345,0.6822849582665348,0.4038831677628995,0.3095818052459311,472,517
2965,ESM-2-URVDB,viral,Pooled Split,CVB3_POLG_Mattenberger,1,0.3916470844936277,0.6097647249574597,0.7760552088970275,0.3307557329927938,0.6590362975832936,0.8341357232596024,0.6070098580242956,0.5618641927692156,773,2185
2966,ESM-2-URVDB,viral,Pooled Split,CVB3_POLG_Mattenberger,2,0.3924884669790307,0.6142654211362767,0.7805351985904907,0.3132788422331496,0.647765341274511,0.8231775007188692,0.6066978616818977,0.5361234849730029,766,2185
2967,ESM-2-URVDB,viral,Pooled Split,CVB3_POLG_Mattenberger,3,0.3931422330533489,0.6097209016936451,0.775207278265526,0.3219904647148037,0.6611324442547455,0.8392395969187446,0.6078335455670943,0.5501800442004222,777,2185
2968,ESM-2-URVDB,viral,Pooled Split,CVB3_POLG_Mattenberger,4,0.3969763249506695,0.6107412517297365,0.7740993861620928,0.3211835055881652,0.6538474540102537,0.8342024030132457,0.6107403300594029,0.5496912630673638,805,2185
2969,ESM-2-URVDB,viral,Pooled Split,CVB3_POLG_Mattenberger,5,0.3984668803985124,0.6079592713372004,0.7713076419881775,0.3016486475859832,0.6678547637876125,0.8535739623355887,0.6089061855662732,0.5476569884806883,769,2185
2970,ESM-2-URVDB,viral,Pooled Split,LAMBDA_HCP_Tsuboyama,1,0.9403378867605676,0.1861797292220297,0.2444195507518741,0.8681149289000334,0.2766605153688937,0.3620210996602047,0.9440585106578038,0.8831205026857202,278,55
2971,ESM-2-URVDB,viral,Pooled Split,LAMBDA_HCP_Tsuboyama,2,0.9435085154034978,0.1825411042520591,0.2401585861031595,0.8320954270872574,0.3026520496294816,0.3918922720561859,0.9476014440766588,0.8636590335675004,278,55
2972,ESM-2-URVDB,viral,Pooled Split,LAMBDA_HCP_Tsuboyama,3,0.9407273681052996,0.1865062558440552,0.2431312820245789,0.8538028130452224,0.2768416128084173,0.3840967978984428,0.9445215464691848,0.8742592266619726,286,55
2973,ESM-2-URVDB,viral,Pooled Split,LAMBDA_HCP_Tsuboyama,4,0.951179058780926,0.1664868905205298,0.2165657816720113,0.843721215993876,0.2944330655642951,0.4133650286502024,0.9476876421215528,0.933079696809674,310,55
2974,ESM-2-URVDB,viral,Pooled Split,LAMBDA_HCP_Tsuboyama,5,0.9418794477347252,0.1778102337494131,0.2375620355998551,0.8580568989569516,0.2907128150294352,0.397982392334048,0.944714424231231,0.8967664677046828,274,55
2975,ESM-2-URVDB,viral,Pooled Split,HIV1_BF520_ENV_Haddox,1,0.522937113045635,0.5514207998614976,0.6891083205731653,0.4493857280840736,0.5960611004993667,0.7487608750827137,0.743308317202648,0.6824817284798246,648,852
2976,ESM-2-URVDB,viral,Pooled Split,HIV1_BF520_ENV_Haddox,2,0.5249502257523888,0.5509968243523758,0.689161434384273,0.436642778027516,0.5975863477497123,0.7508800009900921,0.7434676734775914,0.6787713443502673,650,852
2977,ESM-2-URVDB,viral,Pooled Split,HIV1_BF520_ENV_Haddox,3,0.5229826770467625,0.5516819128020599,0.689929536673778,0.4481776149616521,0.6001000783942907,0.7459291535148295,0.7402370369761503,0.6916458070313146,642,852
2978,ESM-2-URVDB,viral,Pooled Split,HIV1_BF520_ENV_Haddox,4,0.5180091751462188,0.5545194139092652,0.6936422786888347,0.4517492860992278,0.5952096593114956,0.7430267071847622,0.7381576950125017,0.6908862556590343,635,852
2979,ESM-2-URVDB,viral,Pooled Split,HIV1_BF520_ENV_Haddox,5,0.5234753916754781,0.5558259316947121,0.6926684430746334,0.4514123500115511,0.576683797807671,0.7301871493828883,0.7411605304514721,0.6910957401758012,670,852
2980,ESM-2-URVDB,viral,Pooled Split,CVB3_2C_Alvarez,1,0.5829659112405268,0.5247814041788231,0.6454167588790868,0.4774078454693619,0.5922332056021192,0.7244963324414628,0.7683217371976124,0.7082247524699269,593,329
2981,ESM-2-URVDB,viral,Pooled Split,CVB3_2C_Alvarez,2,0.5829406810191757,0.5252117341311321,0.6454884596167509,0.4961786040347565,0.5762987090203606,0.7111264711401765,0.7695805024935687,0.7158504040235951,613,329
2982,ESM-2-URVDB,viral,Pooled Split,CVB3_2C_Alvarez,3,0.580921009432721,0.5230406013798624,0.6448986478716148,0.4972053832210856,0.5847782681565985,0.7195202452929096,0.767726861787484,0.7214173323671399,595,329
2983,ESM-2-URVDB,viral,Pooled Split,CVB3_2C_Alvarez,4,0.585429643742652,0.5233123687749586,0.6447884396198157,0.476063120726086,0.589223564690545,0.7189405626268017,0.7739455543476719,0.7015647935600997,593,329
2984,ESM-2-URVDB,viral,Pooled Split,CVB3_2C_Alvarez,5,0.5865948416060172,0.5258368187299208,0.6456324175668545,0.4616321970871558,0.5889218813457813,0.721001506296666,0.7703789863614146,0.7028845378608909,589,329
2985,ESM-2-URVDB,viral,Pooled Split,CVB3_3C_Alvarez,1,0.6509218964609778,0.4701978329185103,0.5924635885004715,0.5083885780116978,0.5444864533777641,0.6931211033839223,0.7696099578228501,0.6948209715920886,536,183
2986,ESM-2-URVDB,viral,Pooled Split,CVB3_3C_Alvarez,2,0.6285171288654585,0.485534202569698,0.6098870767597876,0.5418100963843714,0.5440679323364557,0.675068974300174,0.7623087119375596,0.7158174346615135,477,183
2987,ESM-2-URVDB,viral,Pooled Split,CVB3_3C_Alvarez,3,0.6508756910487563,0.476167846197577,0.5955748794237382,0.4690001244705989,0.5641972126316388,0.7042228395856723,0.769268138251785,0.6796180491548652,517,183
2988,ESM-2-URVDB,viral,Pooled Split,CVB3_3C_Alvarez,4,0.6517577657170055,0.4689984620292669,0.5896947192362959,0.4966854402649802,0.5757795238952234,0.7114352735231687,0.7692821509107706,0.6941413120630529,512,183
2989,ESM-2-URVDB,viral,Pooled Split,CVB3_3C_Alvarez,5,0.6446861841430729,0.4728495717608428,0.5922534997072405,0.522971479019684,0.5664351109003614,0.7072465654738177,0.7636277910020582,0.7256381771201508,540,183
2990,ESM-2-URVDB,viral,Pooled Split,CVB3_VP1_Alvarez,1,0.501144901919886,0.573328808321246,0.7071702326635898,0.3520815275037514,0.6464609713787354,0.8009392030872059,0.6907864418206041,0.6030198179598601,509,281
2991,ESM-2-URVDB,viral,Pooled Split,CVB3_VP1_Alvarez,2,0.4906980062181558,0.5779035355644757,0.7121625471213626,0.3592109487741468,0.6518660286016795,0.8067819659657498,0.6888295130812971,0.602922917766546,483,281
2992,ESM-2-URVDB,viral,Pooled Split,CVB3_VP1_Alvarez,3,0.4929138251079556,0.5789649134189141,0.7124983847291276,0.3771169734358016,0.644783545835668,0.7872257788083744,0.6926466563040178,0.6131995522824337,486,281
2993,ESM-2-URVDB,viral,Pooled Split,CVB3_VP1_Alvarez,4,0.4938955673890515,0.5767374269393204,0.7097322430919546,0.382672110670635,0.6462738010487964,0.7928837549762726,0.6887719062079831,0.6238594821184469,508,281
2994,ESM-2-URVDB,viral,Pooled Split,CVB3_VP1_Alvarez,5,0.4809755292326512,0.5874398386391064,0.7206468076193421,0.3708005159161309,0.643261310962075,0.7922797699860918,0.683154422548172,0.617472915990832,460,281
2995,ESM-2-URVDB,viral,Pooled Split,NIPAH_F_Larsen,1,0.5824962352265183,0.5149791548951477,0.6484874857383731,0.4515792446452928,0.5684420526433556,0.7295400990508233,0.7051311291520235,0.609594618909063,752,602
2996,ESM-2-URVDB,viral,Pooled Split,NIPAH_F_Larsen,2,0.5804143672540856,0.5139047126159455,0.6493782830927669,0.4865845237843023,0.5536269774311682,0.7091490870850181,0.6994834788395327,0.6468669052808469,765,602
2997,ESM-2-URVDB,viral,Pooled Split,NIPAH_F_Larsen,3,0.579064452667021,0.5135021771519996,0.6485181437945198,0.4666284976656846,0.5788527110015442,0.731493065678797,0.7013297793112198,0.6062639320249749,767,602
2998,ESM-2-URVDB,viral,Pooled Split,NIPAH_F_Larsen,4,0.5778021666308784,0.5139828738529804,0.6505761323080966,0.4724291488970292,0.5668591709086277,0.7226781323405956,0.6990173819275984,0.6374703314589791,767,602
2999,ESM-2-URVDB,viral,Pooled Split,NIPAH_F_Larsen,5,0.5786818810565184,0.5113866425443528,0.647310579584391,0.4823075670936937,0.5819701429072508,0.7273287797268364,0.7024263879753058,0.6236755863392716,778,602
3000,ESM-2-URVDB,viral,Pooled Split,SARS2_RBD_expression_Starr,1,0.7744613140881185,0.3731355024972693,0.479319050076429,0.616057611930005,0.4706988778834983,0.5959847763258083,0.8649228152845975,0.7681803666707677,667,1273
3001,ESM-2-URVDB,viral,Pooled Split,SARS2_RBD_expression_Starr,2,0.7675338536155474,0.3777754606927774,0.4831022767035604,0.6365319835114709,0.4653716636808405,0.597839123233293,0.8609359620026218,0.7748872371139703,639,1273
3002,ESM-2-URVDB,viral,Pooled Split,SARS2_RBD_expression_Starr,3,0.7460539795008456,0.3918704314822842,0.5016260701118399,0.6320773985022398,0.4877351147028925,0.6173629296162494,0.8504065985586416,0.7888237474885021,577,1273
3003,ESM-2-URVDB,viral,Pooled Split,SARS2_RBD_expression_Starr,4,0.7605695865412136,0.3826056297006012,0.4887986987092635,0.628771541427694,0.4821697727848801,0.6117787694287411,0.8553692794114686,0.7821866480064974,612,1273
3004,ESM-2-URVDB,viral,Pooled Split,SARS2_RBD_expression_Starr,5,0.7728409860540685,0.3705456325911624,0.4747660687931694,0.6234067531558156,0.4855918559817165,0.6230723263371124,0.8654386991473838,0.7737476792667348,652,1273
3005,ESM-2-URVDB,viral,Pooled Split,CVB3_3A_Alvarez,1,0.7526693779741089,0.396851946522588,0.4956504062774391,0.5591952693292876,0.5416682121184567,0.6727910634883817,0.8534129115870166,0.7628574181751453,370,89
3006,ESM-2-URVDB,viral,Pooled Split,CVB3_3A_Alvarez,2,0.7519245846506731,0.4042786324666425,0.4974603670657995,0.5295145334898259,0.5318396842269798,0.6889655614076611,0.8552916879759049,0.7390268463624537,346,89
3007,ESM-2-URVDB,viral,Pooled Split,CVB3_3A_Alvarez,3,0.7423136622738179,0.4106783866902732,0.5078811193319469,0.574538208772721,0.5247223682222918,0.6508581323871774,0.851503015813015,0.7725292771492741,334,89
3008,ESM-2-URVDB,viral,Pooled Split,CVB3_3A_Alvarez,4,0.6540807798553296,0.4822238826175756,0.5885837886292133,0.5776882880644805,0.5225503361646743,0.6479271527618948,0.8191287564392564,0.7730451675789305,238,89
3009,ESM-2-URVDB,viral,Pooled Split,CVB3_3A_Alvarez,5,0.7794056459603975,0.3781046116451331,0.4687678511072768,0.5566100839811534,0.5308959440000607,0.6709917203015454,0.8667698185592864,0.7604806196175622,401,89
3010,ESM-2-URVDB,viral,Pooled Split,IAV_H3_HA_Lee,1,0.5465958514246083,0.5382232146298364,0.6717484116474197,0.4716000236364248,0.5828865074816162,0.7337971574811364,0.7535698332513139,0.6993408724846,709,566
3011,ESM-2-URVDB,viral,Pooled Split,IAV_H3_HA_Lee,2,0.5557647856830823,0.5329019227292748,0.6662577821442899,0.4451401889906479,0.5992075288565806,0.7459361354384644,0.7605531711371265,0.6818067542889374,736,566
3012,ESM-2-URVDB,viral,Pooled Split,IAV_H3_HA_Lee,3,0.5494163590852839,0.5368112981656887,0.6695167962539961,0.4673087432689836,0.586514567689272,0.7373585940202888,0.7542527985119252,0.7098102396725423,713,566
3013,ESM-2-URVDB,viral,Pooled Split,IAV_H3_HA_Lee,4,0.5449205261916399,0.5398607963936051,0.674330158653174,0.4668755794043422,0.585368888129503,0.7310636512342156,0.752522916137138,0.700059015668792,717,566
3014,ESM-2-URVDB,viral,Pooled Split,IAV_H3_HA_Lee,5,0.5516491796634876,0.5357625572281283,0.6692569780215348,0.4618331551269136,0.5847738358839983,0.7350503788891485,0.7557651982569302,0.7061776611324657,731,566
3015,ESM-2-URVDB,viral,Pooled Split,HIV1_BG505_ENV_Haddox,1,0.5312178996517785,0.5555474369774933,0.6854928006590678,0.4714840329103157,0.5867283958748574,0.7234218736068639,0.7433542944679968,0.6935212133540067,722,860
3016,ESM-2-URVDB,viral,Pooled Split,HIV1_BG505_ENV_Haddox,2,0.5365204398792704,0.5521607852776282,0.6820438869759242,0.4381797021648141,0.6025312921094119,0.744002047077963,0.7464582951661968,0.6702373244235422,706,860
3017,ESM-2-URVDB,viral,Pooled Split,HIV1_BG505_ENV_Haddox,3,0.5309467721783441,0.552661978833793,0.6816730923067694,0.4578715960127548,0.6040747351605124,0.7498725059164164,0.7422106714305318,0.6878840818944021,696,860
3018,ESM-2-URVDB,viral,Pooled Split,HIV1_BG505_ENV_Haddox,4,0.5382135744024887,0.5513270120609179,0.680756162609978,0.4584336539646771,0.5919834897459312,0.7306554109481671,0.7473864759042096,0.6858032466810637,704,860
3019,ESM-2-URVDB,viral,Pooled Split,HIV1_BG505_ENV_Haddox,5,0.5355598690422663,0.5521662047432134,0.6815510566380215,0.4528512469777457,0.5927515905199696,0.739464521088591,0.7462019470281003,0.6798719371159127,711,860
3020,ESM-2-URVDB,viral,Pooled Split,SARS2_XBB15_RBD_Taylor,1,0.7600603913907449,0.3731409018728761,0.4883209724559363,0.6106653290958122,0.4760309103546539,0.6306561669311463,0.7300934432261968,0.667378941582808,537,201
3021,ESM-2-URVDB,viral,Pooled Split,SARS2_XBB15_RBD_Taylor,2,0.7376488285436995,0.3943113884974659,0.5158640865392667,0.5412917426994723,0.4865157874300891,0.6568714666894033,0.7290398269886701,0.6307441203121681,456,201
3022,ESM-2-URVDB,viral,Pooled Split,SARS2_XBB15_RBD_Taylor,3,0.7488380469734672,0.3852874604698884,0.5012556278738868,0.6435895079734405,0.4553660327729213,0.5965463147534371,0.7306540565877025,0.6413770280043508,536,201
3023,ESM-2-URVDB,viral,Pooled Split,SARS2_XBB15_RBD_Taylor,4,0.7578454649808158,0.3731274121132742,0.4899024969621703,0.6112906289172367,0.483779615617088,0.6344286618222713,0.7328822881171502,0.6476169352596188,561,201
3024,ESM-2-URVDB,viral,Pooled Split,SARS2_XBB15_RBD_Taylor,5,0.7463835177801121,0.3884835454488335,0.510087541381068,0.5156899276387573,0.4503239127401369,0.6581185133622188,0.7321800430757436,0.6687323321605722,518,201
3025,ESM-2-URVDB,viral,Pooled Split,CVB3_2A_Alvarez,1,0.7234626553395451,0.4045969873600676,0.5311661811738406,0.600884662491139,0.4470727456110211,0.6023474073088603,0.7738622537448417,0.7048404044908829,334,150
3026,ESM-2-URVDB,viral,Pooled Split,CVB3_2A_Alvarez,2,0.7279681248217551,0.396352503519889,0.523232926366032,0.6316850937229936,0.441717389941775,0.5989441882732299,0.7794175012439006,0.6932448685635381,331,150
3027,ESM-2-URVDB,viral,Pooled Split,CVB3_2A_Alvarez,3,0.7261312027408373,0.4010403851586789,0.5265862332868743,0.616756992889876,0.4586561343471982,0.6033895516314595,0.7711871790095555,0.7065083517781988,323,150
3028,ESM-2-URVDB,viral,Pooled Split,CVB3_2A_Alvarez,4,0.7248729799794162,0.4027457712744329,0.5278044164205739,0.6315799755027361,0.4381843505046796,0.5914584604003599,0.7788631495944577,0.739696501169724,340,150
3029,ESM-2-URVDB,viral,Pooled Split,CVB3_2A_Alvarez,5,0.7251810677683288,0.3942263004381886,0.5213195440239194,0.6113679372123177,0.4891981298962151,0.6370420423172101,0.7733652457247868,0.7192598726860663,343,150
3030,ESM-2-URVDB,viral,Pooled Split,DENV_POLG_Suphatrakul,1,0.4063596789147289,0.6446137604899528,0.7676758368210278,0.3289876390580921,0.7067860139852625,0.8309076307313046,0.662356371022949,0.5980070929470922,612,900
3031,ESM-2-URVDB,viral,Pooled Split,DENV_POLG_Suphatrakul,2,0.4008277891776954,0.6532716933931502,0.7747051679865956,0.3473287881397634,0.6708063624934333,0.8050326108003805,0.6583736998734009,0.6239985284512694,618,900
3032,ESM-2-URVDB,viral,Pooled Split,DENV_POLG_Suphatrakul,3,0.4008392248467429,0.6527586798302879,0.7747777602736633,0.3613665074075036,0.6700347586138786,0.7961533735337103,0.658143307411955,0.6209914567467082,628,900
3033,ESM-2-URVDB,viral,Pooled Split,DENV_POLG_Suphatrakul,4,0.4016716558743938,0.6512407028998464,0.7730462742347973,0.3483881010120492,0.6811785385558679,0.8090450241888578,0.6586176607871838,0.6138465173323869,600,900
3034,ESM-2-URVDB,viral,Pooled Split,DENV_POLG_Suphatrakul,5,0.4029877889890413,0.651909836431346,0.7739477737408376,0.3461958666887185,0.6735467847956982,0.8031934337815884,0.6602785918259941,0.6044162608572221,618,900
3035,ESM-2-URVDB,viral,Pooled Split,CVB3_VP3_Alvarez,1,0.4227813370504477,0.5846961763985173,0.7607762841084138,0.3128500451163832,0.646332535751823,0.824439959187093,0.6074018878505861,0.5603205400451533,436,238
3036,ESM-2-URVDB,viral,Pooled Split,CVB3_VP3_Alvarez,2,0.4409732521642424,0.5725420794900821,0.7419996345709272,0.3075670056036248,0.6562417811401378,0.8562534410833397,0.6101636703952866,0.5431953141567314,466,238
3037,ESM-2-URVDB,viral,Pooled Split,CVB3_VP3_Alvarez,3,0.4135024137505636,0.5996315008094428,0.7719287032343013,0.2614167433048443,0.6504897916668483,0.830961236366363,0.605831045229546,0.5108460929889558,411,238
3038,ESM-2-URVDB,viral,Pooled Split,CVB3_VP3_Alvarez,4,0.4323384532638546,0.5830809709373135,0.7567128094766907,0.2903256352875804,0.6499315680342669,0.8275174699405516,0.6096537106573416,0.5432222912105237,456,238
3039,ESM-2-URVDB,viral,Pooled Split,CVB3_VP3_Alvarez,5,0.4231885870048802,0.5858870371609859,0.7590878875524968,0.3201879171839822,0.6479493432364842,0.826135215286111,0.6027746389435965,0.5591534924623212,424,238
3040,ESM-2-URVDB,viral,Pooled Split,RmYN02_RBD_Starr,1,0.3144401947283625,0.3988927006825399,0.8470584808123168,0.2005008372062876,0.4229817041068155,0.8061141817636557,0.5927547323567927,0.5056275015340266,225,491
3041,ESM-2-URVDB,viral,Pooled Split,RmYN02_RBD_Starr,2,0.3820394472317562,0.3746466324746594,0.793649168093934,0.1565943000946132,0.4244513877008914,0.8814078938727289,0.6371804304703699,0.5416820432136229,302,491
3042,ESM-2-URVDB,viral,Pooled Split,RmYN02_RBD_Starr,3,0.4067680342670631,0.3697869997080604,0.7859098703790107,0.1813252822987444,0.4459139368620687,0.8268424654785281,0.6461519649503495,0.5421512528888325,354,491
3043,ESM-2-URVDB,viral,Pooled Split,RmYN02_RBD_Starr,4,0.3319256585015635,0.3999283751883177,0.8337143490254293,0.2059761178594993,0.4101457850925569,0.8159159791794144,0.5939016520971976,0.5518183590311906,248,491
3044,ESM-2-URVDB,viral,Pooled Split,RmYN02_RBD_Starr,5,0.366392082182119,0.3836179503332191,0.7867695475031767,0.1557268985531815,0.4417286393922844,0.9600088026045608,0.624654787672111,0.5022589460212347,263,491
3045,ESM-2-URVDB,viral,Pooled Split,BPP22_COAT_Tsuboyama,1,0.9096204374163416,0.2160343911551083,0.3004028180298583,0.7997558866640033,0.3221107772573697,0.4488375287217195,0.942133953886498,0.83636435207054,168,40
3046,ESM-2-URVDB,viral,Pooled Split,BPP22_COAT_Tsuboyama,2,0.92899486980668,0.1949066567750674,0.2709701718462357,0.7892868502593001,0.3141827079291276,0.4259370464647168,0.9441449786649632,0.8843882853094001,210,40
3047,ESM-2-URVDB,viral,Pooled Split,BPP22_COAT_Tsuboyama,3,0.9119911491234284,0.2168758276856554,0.3008846129673868,0.7933688150666809,0.3064848017148236,0.4257819159512362,0.9407274492952546,0.8293851361990238,184,40
3048,ESM-2-URVDB,viral,Pooled Split,BPP22_COAT_Tsuboyama,4,0.8965271442381972,0.2157937136145895,0.3066431247176063,0.7491050959420591,0.4102793668400743,0.5843391381060948,0.9331079764930468,0.8475279483545898,132,40
3049,ESM-2-URVDB,viral,Pooled Split,BPP22_COAT_Tsuboyama,5,0.8916255962047728,0.2306725594105822,0.3281902404727498,0.8333780839551829,0.3045078833071014,0.4075956801984752,0.9270050031182292,0.9032593292394896,132,40
3050,ESM-2-URVDB,viral,Pooled Split,HIV1_HV1B9_ENV_DuenasDecamp,1,0.6406316628797178,0.4259289702866597,0.6030874105270457,0.173844799009409,0.6443523267757437,0.8865142848062184,0.748707112977076,0.3286199735096374,85,853
3051,ESM-2-URVDB,viral,Pooled Split,HIV1_HV1B9_ENV_DuenasDecamp,2,0.428672562909422,0.484823871194211,0.7016387976591495,0.1012117327975359,0.8393908713167538,1.1514583403780922,0.6147176877632952,0.418290733463266,41,853
3052,ESM-2-URVDB,viral,Pooled Split,HIV1_HV1B9_ENV_DuenasDecamp,3,0.6357806937019468,0.4586037281458817,0.6283756035542843,-0.1971169329921369,0.6075092012474905,0.8461719552057124,0.7371356510043819,0.4046345244977374,85,853
3053,ESM-2-URVDB,viral,Pooled Split,HIV1_HV1B9_ENV_DuenasDecamp,4,0.4480060951906276,0.5339181065797781,0.7461484130239009,0.3383918002952173,0.5814974023305466,0.7975957969642609,0.6519168213303096,0.5392192542695846,53,853
3054,ESM-2-URVDB,viral,Pooled Split,HIV1_HV1B9_ENV_DuenasDecamp,5,0.6611148593031706,0.4335492480123351,0.5978404753567453,-0.0930328548358609,0.6919919583171515,0.9187736014033704,0.7348615672351831,0.4130862328346825,83,853
3055,ESM-2-URVDB,viral,Pooled Split,IAV_PB2_Soh,1,0.4137954540604579,0.5114119273054346,0.7865680609543981,0.2871777364494988,0.5433096918109576,0.7441884167628959,0.6424582570373997,0.5753538758751533,907,759
3056,ESM-2-URVDB,viral,Pooled Split,IAV_PB2_Soh,2,0.4106699657968125,0.5096477270374323,0.7804942536483215,0.3095496021231777,0.5315725252302461,0.7723991187605821,0.6473314364887445,0.5877917312062002,901,759
3057,ESM-2-URVDB,viral,Pooled Split,IAV_PB2_Soh,3,0.4005324417738616,0.5050042856052497,0.7772630419675894,0.3558709315401195,0.5364516888177208,0.7899596241117367,0.644480840519693,0.6009458586685357,913,759
3058,ESM-2-URVDB,viral,Pooled Split,IAV_PB2_Soh,4,0.4032301381680393,0.5061226298345729,0.7801203826270102,0.3303088219799663,0.5355878102774024,0.7852749678986343,0.6415638811505318,0.5887527219518724,907,759
3059,ESM-2-URVDB,viral,Pooled Split,IAV_PB2_Soh,5,0.4289238149664512,0.4926119371939964,0.7256397023936167,0.2657689977497589,0.5596330718052172,0.9808724077055898,0.6553911016431635,0.588964278754246,927,759
3060,ESM-2-URVDB,viral,Pooled Split,SARS2_PRD0038_RBD_Starr,1,0.6659779175654258,0.4342807380600174,0.5846464912412175,0.5167132947816805,0.4856566877794213,0.661121407451919,0.6441206042577413,0.5364966445942675,326,200
3061,ESM-2-URVDB,viral,Pooled Split,SARS2_PRD0038_RBD_Starr,2,0.6289599058695745,0.4461374572649067,0.6017715777151088,0.5041318419326327,0.500090314157842,0.7362785106687569,0.6213172921774655,0.6086785322562929,264,200
3062,ESM-2-URVDB,viral,Pooled Split,SARS2_PRD0038_RBD_Starr,3,0.6597022594192887,0.4384631858370365,0.5885470743515224,0.5554886644600643,0.4663126760849587,0.6411707942352197,0.6460117431961888,0.5482072793469867,314,200
3063,ESM-2-URVDB,viral,Pooled Split,SARS2_PRD0038_RBD_Starr,4,0.6538076995285691,0.4316856574879955,0.5864317068767124,0.5936568101043114,0.4788651771468231,0.6458176762718615,0.6323414237026805,0.6047953072639487,312,200
3064,ESM-2-URVDB,viral,Pooled Split,SARS2_PRD0038_RBD_Starr,5,0.6684923781087306,0.426333124802338,0.5762460716979618,0.4184139025810486,0.4807835902548878,0.7600748411656423,0.6395113790826821,0.6014452023467624,337,200
3065,ESM-2-URVDB,viral,Pooled Split,CVB3_3B_Alvarez,1,0.7919213528214193,0.3594780106141225,0.4561225738355793,0.5312935014947033,0.5329718111840575,0.6803412335532272,0.8485466011798256,0.7414273097790226,121,22
3066,ESM-2-URVDB,viral,Pooled Split,CVB3_3B_Alvarez,2,0.824178682425399,0.3326634231168785,0.4273547574804626,0.4641968386291328,0.5263486565581867,0.6373982436660841,0.8742449313270997,0.6767260912575546,118,22
3067,ESM-2-URVDB,viral,Pooled Split,CVB3_3B_Alvarez,3,0.7897149697095132,0.3689115511164008,0.4593056562812057,0.5881705911959256,0.5055942318684369,0.6325096948526734,0.8644618662474707,0.7399575043724804,119,22
3068,ESM-2-URVDB,viral,Pooled Split,CVB3_3B_Alvarez,4,0.8232561480558052,0.3411510227229393,0.4239815295626338,0.5141928509715007,0.5093947187793649,0.6725810432418577,0.8604345098688333,0.706538682841708,128,22
3069,ESM-2-URVDB,viral,Pooled Split,CVB3_3B_Alvarez,5,0.7818467193273637,0.3623096354934958,0.4621770850487505,0.6010866288161831,0.5202150430322602,0.6547770227297984,0.8496052335357704,0.7568062241139168,115,22
3070,ESM-2-URVDB,viral,Pooled Split,SARS2_RBD_binding_Starr,1,0.7750406249953823,0.3501314620311065,0.4737853018730886,0.6741725229693154,0.4251500107904523,0.5732569644467472,0.7679051578004532,0.7096200561944509,650,1273
3071,ESM-2-URVDB,viral,Pooled Split,SARS2_RBD_binding_Starr,2,0.7765176740110751,0.3428801216390002,0.467208541349033,0.6583163547469758,0.4564331767731012,0.6105547503257247,0.768903461452636,0.6904794994112996,653,1273
3072,ESM-2-URVDB,viral,Pooled Split,SARS2_RBD_binding_Starr,3,0.780150757992119,0.3467296845543812,0.4702329782045166,0.6441067688433111,0.4395887884592463,0.5896326642284129,0.7727687261093055,0.6976255816213222,641,1273
3073,ESM-2-URVDB,viral,Pooled Split,SARS2_RBD_binding_Starr,4,0.7656665730421703,0.3491449112988251,0.4781735396554028,0.6625246044277745,0.4432083886437008,0.6072826305448257,0.7631255454780828,0.7129290917903494,625,1273
3074,ESM-2-URVDB,viral,Pooled Split,SARS2_RBD_binding_Starr,5,0.748548878605489,0.3643649040056314,0.4970019303098587,0.6411441262199566,0.4533082848086108,0.6192357017227766,0.7518008784057469,0.7089932523516506,542,1273
3075,ESM-2-URVDB,viral,Pooled Split,IAV_NA_Jiang,1,0.6258059381340426,0.4535764602890217,0.6172355779979551,0.3482910990520156,0.6338518075883931,0.7755242675847048,0.8184026536836864,0.6057793831619895,63,453
3076,ESM-2-URVDB,viral,Pooled Split,IAV_NA_Jiang,2,0.6877188864037198,0.3912020577856724,0.5294043762939148,0.4518239922938735,0.7130848327369811,0.866617916491279,0.8388562776416112,0.7031397610447349,96,453
3077,ESM-2-URVDB,viral,Pooled Split,IAV_NA_Jiang,3,0.5077389063423243,0.5354535488933534,0.6970910646654999,0.3220874817855468,0.671699874332247,0.8393126965102244,0.7476561515978671,0.5904417893859406,44,453
3078,ESM-2-URVDB,viral,Pooled Split,IAV_NA_Jiang,4,0.5698553774239679,0.4797998187731279,0.6321097479873283,0.2484898810476963,0.8138948371638456,0.9810604976715958,0.7884191969251024,0.5166435120866908,58,453
3079,ESM-2-URVDB,viral,Pooled Split,IAV_NA_Jiang,5,0.7131357436097899,0.3850971945098094,0.5293330331436665,0.5481409134110156,0.605275455860149,0.7024005080937243,0.8618779538720844,0.6953042511808837,99,453
3080,ESM-2-URVDB,viral,Pooled Split,CVB3_2B_Alvarez,1,0.691314362370754,0.4484133247514409,0.5570709415744763,0.5032651458526778,0.5338319028709566,0.6970832221382252,0.8490089028658998,0.7777938868369405,292,99
3081,ESM-2-URVDB,viral,Pooled Split,CVB3_2B_Alvarez,2,0.6888912712105397,0.4517844476350231,0.5571333729678972,0.5065855011398739,0.5635006832418097,0.705586968672012,0.8480129645820818,0.7452237090294084,294,99
3082,ESM-2-URVDB,viral,Pooled Split,CVB3_2B_Alvarez,3,0.6534841067512767,0.4756635072179251,0.5867437111582438,0.5465307158801235,0.5614448681672214,0.6820598560188941,0.8298053657938662,0.7767718205999233,223,99
3083,ESM-2-URVDB,viral,Pooled Split,CVB3_2B_Alvarez,4,0.64354369074214,0.4871378690162953,0.5977420417409511,0.5232751919363839,0.5411309193640031,0.6868702359178054,0.8260108499282997,0.775156801536968,240,99
3084,ESM-2-URVDB,viral,Pooled Split,CVB3_2B_Alvarez,5,0.633565408079665,0.4923005082722658,0.6045574163224517,0.5092526834149009,0.5742873921946604,0.6977727774524102,0.8227959038253266,0.7191849296211887,224,99
3085,ESM-2-URVDB,viral,Pooled Split,IAV_H1_NP_Doud,1,0.3483854227571277,0.636740918672432,0.807450215560434,0.2289993141663335,0.7015818735172288,0.877092598757202,0.6018316648821654,0.4814049664454172,498,498
3086,ESM-2-URVDB,viral,Pooled Split,IAV_H1_NP_Doud,2,0.3475662003028208,0.6383208622376774,0.8050283181819614,0.2484357849053655,0.6866243137041632,0.8776763575885959,0.5968658565640722,0.5141008020157658,532,498
3087,ESM-2-URVDB,viral,Pooled Split,IAV_H1_NP_Doud,3,0.3444906339197505,0.6418634708628613,0.8116746453144426,0.2566598505543487,0.678194014301079,0.8530242482274193,0.5964965419436815,0.5057450721520976,518,498
3088,ESM-2-URVDB,viral,Pooled Split,IAV_H1_NP_Doud,4,0.3522971901093352,0.6386052921486777,0.8070515237903279,0.2407677107404882,0.6835672434834573,0.8614808143184914,0.598108317992543,0.5045647783788784,518,498
3089,ESM-2-URVDB,viral,Pooled Split,IAV_H1_NP_Doud,5,0.3439902841121621,0.6410055375719391,0.8104530112888845,0.2538514468282316,0.683040311060729,0.8616184925914238,0.5943788166676505,0.5198564966735407,486,498
3090,ESM-2-URVDB,viral,Pooled Split,IAV_PA_Wu,1,0.1832336084604715,0.5975298989113591,0.9444348184409396,0.0625933135960983,0.5792308653580736,0.7651604498159645,0.4918724353872459,0.3224262661373495,94,716
3091,ESM-2-URVDB,viral,Pooled Split,IAV_PA_Wu,2,0.1518526280498661,0.6136858043108302,0.95503986387878,0.0085510420665609,0.5899951948425036,0.8279122827755881,0.4569898368219156,0.288390954524365,71,716
3092,ESM-2-URVDB,viral,Pooled Split,IAV_PA_Wu,3,0.1768565319964843,0.5684763980537904,0.8329563969463987,0.0261403098824901,0.6889448947861675,1.2525748142276871,0.4551581837359585,0.319467083352513,77,716
3093,ESM-2-URVDB,viral,Pooled Split,IAV_PA_Wu,4,0.209014915960218,0.5609293475643922,0.8477981086871106,0.0214408241986314,0.6904044064977162,1.1547176604883969,0.4958180872167191,0.312869217511581,106,716
3094,ESM-2-URVDB,viral,Pooled Split,IAV_PA_Wu,5,0.164467891510589,0.583693909091787,0.9299460817561352,0.1037406907786266,0.6221623741943559,0.8776959757742361,0.4650813300408793,0.391180177232481,91,716
3095,ESM-2-URVDB,viral,Pooled Split,SARS2_BA1_SPIKE_Dadonaite,1,0.4296297431743834,0.5891434291778797,0.7568066116436372,0.3043679198749155,0.6411335439131295,0.8268549085462757,0.6297578887236902,0.5210337934257665,653,1249
3096,ESM-2-URVDB,viral,Pooled Split,SARS2_BA1_SPIKE_Dadonaite,2,0.4302973479319552,0.5873454022473665,0.7526114915942878,0.3069533730193226,0.6495699377941133,0.8417499654984418,0.6252959644634313,0.5576326041514448,636,1249
3097,ESM-2-URVDB,viral,Pooled Split,SARS2_BA1_SPIKE_Dadonaite,3,0.428657253615642,0.590020596146982,0.7566147823920054,0.3059008661376164,0.6459870058462842,0.8297968901723323,0.6267235053456692,0.5466906001694052,627,1249
3098,ESM-2-URVDB,viral,Pooled Split,SARS2_BA1_SPIKE_Dadonaite,4,0.4309559780078027,0.5877817207069137,0.7558665554932319,0.3059394383024172,0.6491618482736088,0.8263128748251068,0.6281288696194443,0.5362439105937515,655,1249
3099,ESM-2-URVDB,viral,Pooled Split,SARS2_BA1_SPIKE_Dadonaite,5,0.4251308822376966,0.5892388936597306,0.7572379138997999,0.3294799484739154,0.6380800783127132,0.8228987653843636,0.6274865818587388,0.5572574757539647,643,1249
3100,ESM-2-URVDB,viral,Pooled Split,SARS2_MRPO_Flynn,1,0.6568156461541075,0.4650259758754602,0.584072166968112,0.524510749486433,0.5557610429539277,0.6974663735138867,0.7560358928630974,0.7048387870388831,549,306
3101,ESM-2-URVDB,viral,Pooled Split,SARS2_MRPO_Flynn,2,0.6594297812007717,0.4654616800985998,0.5836853729094367,0.5469267157048527,0.531752428801043,0.6725905035054192,0.7622048302144491,0.6977835785924676,564,306
3102,ESM-2-URVDB,viral,Pooled Split,SARS2_MRPO_Flynn,3,0.6647816193237805,0.460177714456366,0.5773510060571969,0.5516820246438988,0.5303573594030924,0.6769538854158469,0.7623944817719955,0.705689991476958,575,306
3103,ESM-2-URVDB,viral,Pooled Split,SARS2_MRPO_Flynn,4,0.6669312453717237,0.4625639073229874,0.579855452353768,0.538023783422263,0.5290896883030539,0.6658675052166045,0.7695813370805374,0.6805339987980196,588,306
3104,ESM-2-URVDB,viral,Pooled Split,SARS2_MRPO_Flynn,5,0.6655242040408873,0.4615713791336659,0.5798427188421336,0.5407620441565213,0.5270190002014189,0.6705668753900685,0.7610797569936804,0.7049253222828293,577,306
3105,ESM-2-URVDB,viral,Pooled Split,IAV_H1_HA_Doud,1,0.5911987029986115,0.5084928387646742,0.6395985684595736,0.4697015514850698,0.5789559678687212,0.7271799272463464,0.7780406699258758,0.7154023299424687,979,565
3106,ESM-2-URVDB,viral,Pooled Split,IAV_H1_HA_Doud,2,0.5902390277271157,0.512496925970446,0.6431302469912703,0.4469652311592473,0.5678129415609886,0.7290432016975468,0.7798261080938167,0.6963098743825388,962,565
3107,ESM-2-URVDB,viral,Pooled Split,IAV_H1_HA_Doud,3,0.5783486211818452,0.5195130906837433,0.6497537118626444,0.4666347379876425,0.5790830165636559,0.7283897697003157,0.77505698333868,0.7011313127693007,877,565
3108,ESM-2-URVDB,viral,Pooled Split,IAV_H1_HA_Doud,4,0.587472975688379,0.5103651690279618,0.6432346927960031,0.4754750792932363,0.5717470995199504,0.7198859272307153,0.7779106955588583,0.7102939125587903,955,565
3109,ESM-2-URVDB,viral,Pooled Split,IAV_H1_HA_Doud,5,0.5831065005543182,0.5127869255641948,0.6445619361811677,0.4701508378546439,0.5819313455132418,0.7327948246150401,0.7757926824329057,0.7061504241947387,911,565
3110,ESM-2-URVDB,viral,Pooled Split,IAV_RDRP_Li,1,0.3726780022644902,0.6397777626733281,0.7944402066750085,0.2744851052983247,0.6813500316688752,0.8413400509105874,0.6061010180562686,0.5094744554958032,643,757
3111,ESM-2-URVDB,viral,Pooled Split,IAV_RDRP_Li,2,0.3701656608605794,0.6416463885712094,0.7966457463123415,0.2817410439981123,0.6771963429491831,0.8342231855571415,0.604408312408128,0.521531786430309,611,757
3112,ESM-2-URVDB,viral,Pooled Split,IAV_RDRP_Li,3,0.3684298319386268,0.6400988924064073,0.7956745559375127,0.2695334629061122,0.6833273029232158,0.8502411128615555,0.6037066343766554,0.5138584007503854,619,757
3113,ESM-2-URVDB,viral,Pooled Split,IAV_RDRP_Li,4,0.3749319908824822,0.6369590763242261,0.7934130597152963,0.2607696486606375,0.6825939212098924,0.8472427948769892,0.6059559980408228,0.5072579527729337,631,757
3114,ESM-2-URVDB,viral,Pooled Split,IAV_RDRP_Li,5,0.3700237786659786,0.6381591447037748,0.7938253490590582,0.2696056270982629,0.6942605820597583,0.8538499031838329,0.6024643831955439,0.5075977024090305,633,757
3115,ESM-2-URVDB,viral,Pooled Split,IAV_H3_NP_Doud,1,0.4123393720651258,0.5980252776056186,0.7615724875915548,0.3503767456113749,0.6490422633685309,0.8261972065645259,0.6245332264482771,0.5743208877266155,484,498
3116,ESM-2-URVDB,viral,Pooled Split,IAV_H3_NP_Doud,2,0.4095699895208669,0.6014110949536748,0.766931502453266,0.3272006100323107,0.6468360038323694,0.8260426870159078,0.6235026649959081,0.5467498759100258,464,498
3117,ESM-2-URVDB,viral,Pooled Split,IAV_H3_NP_Doud,3,0.4122899773191394,0.6031145323244504,0.7672294299266685,0.3233710426801315,0.6385631131370335,0.819921663583133,0.624724514692794,0.5479637727093286,462,498
3118,ESM-2-URVDB,viral,Pooled Split,IAV_H3_NP_Doud,4,0.4097757179269616,0.6047621942686655,0.7671568057374206,0.3329150907592439,0.6336252150550588,0.8214274911235641,0.6260599178417265,0.5569052868385008,474,498
3119,ESM-2-URVDB,viral,Pooled Split,IAV_H3_NP_Doud,5,0.4122227735544006,0.6015294917361234,0.7671651036458389,0.3486187208022085,0.638382148576115,0.8049129018883044,0.6292176098119736,0.5479476600249875,466,498
3120,ESM-2-URVDB,viral,Pooled Split,IAV_H5_HA_Dadonaite,1,0.4987599740919884,0.5893224097125991,0.707042307718652,0.4096727732469806,0.6436075808550143,0.7723949893092585,0.7153383754054345,0.6521782472081397,553,567
3121,ESM-2-URVDB,viral,Pooled Split,IAV_H5_HA_Dadonaite,2,0.4942966970002191,0.5946540525841005,0.7118213361872491,0.4023248098864211,0.6421801948001293,0.7698526084484085,0.7143037171353058,0.6448764985253487,558,567
3122,ESM-2-URVDB,viral,Pooled Split,IAV_H5_HA_Dadonaite,3,0.5010360925863739,0.5916710826365429,0.7073174781219798,0.4143210191075882,0.6322829331787376,0.7603750961634546,0.7192100207487665,0.6455366549198364,579,567
3123,ESM-2-URVDB,viral,Pooled Split,IAV_H5_HA_Dadonaite,4,0.5001251106543125,0.5896185644854536,0.7059882782494947,0.4113463652833948,0.6435806884587159,0.7716911657367691,0.7181540906615592,0.649336206334636,572,567
3124,ESM-2-URVDB,viral,Pooled Split,IAV_H5_HA_Dadonaite,5,0.4933275039851922,0.5938251661868669,0.711133631537675,0.4198816072348147,0.6423705532230698,0.7644364194836588,0.7152511447416713,0.6533699068660446,568,567
3125,ESM-2-URVDB,viral,Pooled Split,SARS2_PLPRO_activity_Wu,1,0.6900148836013513,0.4474473927420255,0.5582615699178831,0.5448473808510406,0.5330715713406741,0.6672167833566006,0.7989459737042562,0.7200530792292973,679,316
3126,ESM-2-URVDB,viral,Pooled Split,SARS2_PLPRO_activity_Wu,2,0.6992632018557816,0.4386539744278991,0.5480814257117469,0.537107184084952,0.5403061437464203,0.6816759117171257,0.8047639244778757,0.7013293159956699,714,316
3127,ESM-2-URVDB,viral,Pooled Split,SARS2_PLPRO_activity_Wu,3,0.6973268090950662,0.4424097819033115,0.5518865643243478,0.5283200055622246,0.533763312544984,0.6778766644351527,0.8036623928661907,0.7170606926595773,713,316
3128,ESM-2-URVDB,viral,Pooled Split,SARS2_PLPRO_activity_Wu,4,0.7015862243251305,0.4375513400963576,0.5468349807501885,0.5227726594687143,0.5552337814233569,0.6877214022513889,0.8047688976075964,0.7035855258199991,740,316
3129,ESM-2-URVDB,viral,Pooled Split,SARS2_PLPRO_activity_Wu,5,0.6944572114197907,0.4441782914725765,0.5540372281742468,0.5619247326456652,0.5151949377027139,0.6554047750184065,0.7986327690969788,0.7425538954911072,694,316
3130,ESM-2-URVDB,viral,Pooled Split,LASSA_GP_Carr,1,0.5269591416920623,0.5591278786198489,0.6884506671370002,0.3904421623744761,0.6332355520483112,0.7771357415363123,0.7269750240386809,0.6260831643305451,829,491
3131,ESM-2-URVDB,viral,Pooled Split,LASSA_GP_Carr,2,0.5306397929187164,0.5547742671221484,0.6834546419150221,0.3967911213767807,0.6275193387554351,0.7839953843334725,0.7283497673201196,0.6339968661261641,879,491
3132,ESM-2-URVDB,viral,Pooled Split,LASSA_GP_Carr,3,0.5192107943583945,0.5641455623358078,0.6949520708339194,0.413813816179458,0.6139584701484725,0.7586308509131807,0.7219351322777211,0.638167745173674,790,491
3133,ESM-2-URVDB,viral,Pooled Split,LASSA_GP_Carr,4,0.5107731301934653,0.568041399747595,0.6965680322395633,0.3753059133676492,0.6486323884619044,0.8031050621951955,0.7156920691903496,0.6153837626037303,755,491
3134,ESM-2-URVDB,viral,Pooled Split,LASSA_GP_Carr,5,0.5232250874852657,0.5594947419572942,0.690014833359938,0.3856363224979848,0.6344472164119208,0.7854631176279572,0.7212124445403388,0.6453234904068876,796,491
3135,ESM-2-URVDB,viral,Pooled Split,SARS2_DELTA_SPIKE_Dadonaite,1,0.0676747954050644,0.3904541350153998,0.9700639789384862,0.0358009282438311,0.3972152288840748,0.9634451665185793,0.3433504050906133,0.3326581856548861,80,1250
3136,ESM-2-URVDB,viral,Pooled Split,SARS2_DELTA_SPIKE_Dadonaite,2,0.069883168698469,0.3929784239301241,0.9955323128419086,0.0368095624971792,0.3893546510642486,0.8429389582219825,0.3629740490797146,0.2988724276420087,84,1250
3137,ESM-2-URVDB,viral,Pooled Split,SARS2_DELTA_SPIKE_Dadonaite,3,0.0772258188232151,0.3810713589975799,0.8865952125764277,0.0335665021560134,0.4117691076864548,1.2405201972991695,0.3775512019407689,0.3398822509532992,104,1250
3138,ESM-2-URVDB,viral,Pooled Split,SARS2_DELTA_SPIKE_Dadonaite,4,0.0832364190841032,0.3880134862693808,0.993723312848999,0.0518620975324569,0.3853999998864607,0.8097239113548611,0.3636005444294345,0.3590328584458442,128,1250
3139,ESM-2-URVDB,viral,Pooled Split,SARS2_DELTA_SPIKE_Dadonaite,5,0.0803664458777803,0.389810618219817,1.00061214901709,0.0386460889193542,0.3821111298487397,0.7875835859029114,0.3540694666732475,0.3414315667113286,113,1250
3140,ESM-2-URVDB,viral,Pooled Split,SARS2_PLPRO_abundance_Wu,1,0.5223513981343904,0.5395421762906337,0.680763117184393,0.3853911950788932,0.6589655880344758,0.8292980560120656,0.7399707718831305,0.6324304465455973,578,316
3141,ESM-2-URVDB,viral,Pooled Split,SARS2_PLPRO_abundance_Wu,2,0.5374893354188566,0.5364114870873717,0.6770671942141381,0.3650660088702623,0.633399366071153,0.8101707109786522,0.7470290272691619,0.6369967635513614,594,316
3142,ESM-2-URVDB,viral,Pooled Split,SARS2_PLPRO_abundance_Wu,3,0.5472094666156762,0.5299454730635799,0.671743493246089,0.368323036565495,0.6316290520795184,0.800193494536421,0.7543773984914022,0.6152083213233109,615,316
3143,ESM-2-URVDB,viral,Pooled Split,SARS2_PLPRO_abundance_Wu,4,0.5414571285499766,0.5376572332185385,0.6793686000786058,0.3573848356591144,0.619684755667427,0.7907408974133383,0.7510134196791912,0.6227606490127219,585,316
3144,ESM-2-URVDB,viral,Pooled Split,SARS2_PLPRO_abundance_Wu,5,0.5367833493595442,0.5376875445113518,0.6777220868472816,0.3973946465562692,0.6190544190075761,0.7892696146086641,0.7468599327043598,0.6584992019751505,631,316
3145,ESM-2-URVDB,viral,Pooled Split,EV_CAPSD_Bakhache,1,0.2848513450488726,0.6852904580249575,0.8493173588851327,0.1980527839631426,0.7068384619988609,0.8798367617209507,0.5365015034736125,0.4502304187189965,857,862
3146,ESM-2-URVDB,viral,Pooled Split,EV_CAPSD_Bakhache,2,0.2806603803319858,0.686457597011424,0.8483089841052648,0.1768432277341369,0.7258906683515929,0.906413506115622,0.5266841649735007,0.4359140868775251,794,862
3147,ESM-2-URVDB,viral,Pooled Split,EV_CAPSD_Bakhache,3,0.2939412575755905,0.6773123065777179,0.8417973018758061,0.177412326533395,0.7259578810399718,0.9001722487496054,0.5391459396913391,0.4269449909254766,891,862
3148,ESM-2-URVDB,viral,Pooled Split,EV_CAPSD_Bakhache,4,0.2839279845619998,0.6856752113431513,0.8514894250140412,0.189433889763815,0.7089754254594819,0.877237208641916,0.5334287586235876,0.436790806823094,833,862
3149,ESM-2-URVDB,viral,Pooled Split,EV_CAPSD_Bakhache,5,0.2716789264100542,0.6880418563785569,0.8514654094543934,0.1990882073378482,0.7209271233948917,0.9029074895950344,0.5242838154427949,0.4552106005428765,758,862
3150,ESM-2-URVDB,viral,Pooled Split,IAV_H1_HA_Wu,1,0.0697281403807894,0.4518541758308421,0.99109910304729,0.0321197465904402,0.4646300465091542,0.8663573232218964,0.3298155904215399,0.2231011391676541,34,565
3151,ESM-2-URVDB,viral,Pooled Split,IAV_H1_HA_Wu,2,0.1153315290192027,0.4095578036851419,0.7943816400329057,0.0118025605797177,0.5288255611127745,1.45237602624628,0.3695389399821952,0.3432650539951311,60,565
3152,ESM-2-URVDB,viral,Pooled Split,IAV_H1_HA_Wu,3,0.0779008333574918,0.4457561958488445,0.9499608026336132,0.0295865358442164,0.4744440809296812,1.02620826241312,0.2909593110638553,0.282298808977426,40,565
3153,ESM-2-URVDB,viral,Pooled Split,IAV_H1_HA_Wu,4,0.1066530372767983,0.4346516066756861,0.9552429415238952,0.0800871710422728,0.4729773502677581,0.9165225413880378,0.3447494438360952,0.2780384970172251,78,565
3154,ESM-2-URVDB,viral,Pooled Split,IAV_H1_HA_Wu,5,0.043058092086906,0.4504401174569418,0.995920989994948,0.0401340949252321,0.467059469563157,0.9049596485528192,0.28575266963372,0.3524685504710095,29,565
3155,ESM-2-URVDB,viral,Pooled Split,EV_REP_Bakhache,1,0.3125523327821208,0.6905098240009044,0.8280963709573118,0.2708280954571495,0.7158371293491006,0.8581245697212129,0.5432234208983523,0.5088938752045468,654,1331
3156,ESM-2-URVDB,viral,Pooled Split,EV_REP_Bakhache,2,0.3117394279877195,0.6914447210638028,0.8290161631534825,0.2682342782739196,0.7156659895738955,0.8578967508363291,0.5435830919531732,0.5021376496160459,657,1331
3157,ESM-2-URVDB,viral,Pooled Split,EV_REP_Bakhache,3,0.314975337467829,0.6915884761544738,0.8295943368874626,0.2644002974473198,0.7100999889312866,0.8492953778095782,0.5456833407545896,0.4957728078095326,675,1331
3158,ESM-2-URVDB,viral,Pooled Split,EV_REP_Bakhache,4,0.3147660417860581,0.6925741684478821,0.8288354858169569,0.2662328644434205,0.7065497705365753,0.8520889526595559,0.5456279819229226,0.5040991875400299,674,1331
3159,ESM-2-URVDB,viral,Pooled Split,EV_REP_Bakhache,5,0.3134922574894145,0.690980362223949,0.8288254845987273,0.2671171509038403,0.7163637220418082,0.8549636890319098,0.5446346359316829,0.5065983286377111,678,1331
3160,ESM-2-URVDB,viral,Pooled Split,CVB3_3D_Alvarez,1,0.534617842539993,0.5611762500718347,0.6839451784045566,0.4680363933023309,0.5958308991996427,0.721738554191123,0.7323274860759403,0.6882635691293872,519,462
3161,ESM-2-URVDB,viral,Pooled Split,CVB3_3D_Alvarez,2,0.5319493901987958,0.5611090982332451,0.6836595594102702,0.4841149210312473,0.5910657322916628,0.7202498559780279,0.7303019037776927,0.6967706411775451,525,462
3162,ESM-2-URVDB,viral,Pooled Split,CVB3_3D_Alvarez,3,0.5314899675871234,0.5649093882880403,0.6873113865108097,0.4789355118777108,0.5854925922094044,0.7095694413324221,0.7309101624817815,0.6966750164932167,516,462
3163,ESM-2-URVDB,viral,Pooled Split,CVB3_3D_Alvarez,4,0.5357692958192884,0.5552399008116314,0.6780079290449965,0.4705590622666872,0.6143223604662863,0.7415281850893328,0.7318977562473592,0.6904097892537383,519,462
3164,ESM-2-URVDB,viral,Pooled Split,CVB3_3D_Alvarez,5,0.532816842557412,0.5628389864501662,0.6857785290210063,0.4809773939729727,0.5845016602144454,0.7104972714647837,0.7315832488747046,0.698433295417931,509,462
3165,ESM-2-URVDB,viral,Site Split,CVB3_2A_Alvarez,1,0.4297668609896758,0.5937507684934542,0.746651265279884,0.2624005878495631,0.7019183793341938,0.8959548966992605,0.612815250647051,0.5245126748395457,40,150
3166,ESM-2-URVDB,viral,Site Split,CVB3_2A_Alvarez,2,0.4025996778407189,0.6324295692060345,0.7839729430386003,0.3429999043820951,0.6065716517359905,0.7589771554435829,0.6148686707608366,0.4964102899828886,52,150
3167,ESM-2-URVDB,viral,Site Split,CVB3_2A_Alvarez,3,0.3968024376768525,0.6214744703949564,0.7722994547072707,0.2740261730029459,0.7093922648737258,0.8705084166269567,0.6102406378426508,0.4986512242070705,36,150
3168,ESM-2-URVDB,viral,Site Split,CVB3_2A_Alvarez,4,0.4846868345833612,0.59869410476571,0.7422466072253191,-0.0289564107230568,0.6317215556168211,0.7628053696074795,0.6649318232127494,0.366331226888077,61,150
3169,ESM-2-URVDB,viral,Site Split,CVB3_2A_Alvarez,5,0.4670080327495868,0.5677389353708424,0.7242190021280638,0.2998442649444021,0.6740126196244778,0.8510662593965928,0.6327855334461359,0.5200737323794179,65,150
3170,ESM-2-URVDB,viral,Site Split,CVB3_3A_Alvarez,1,0.1026060333767325,0.905459546039064,0.9517191024484974,0.0823365882910985,0.8891985318814921,0.9397742990383118,0.3910102713197304,0.3115573785222032,9,89
3171,ESM-2-URVDB,viral,Site Split,CVB3_3A_Alvarez,2,0.1695952459060768,0.8552728036566284,0.9131563112535316,0.0767901996069206,0.8977306086222612,0.947469215340073,0.4685353006114545,0.3505815678762805,15,89
3172,ESM-2-URVDB,viral,Site Split,CVB3_3A_Alvarez,3,0.3812937318453101,0.6979041186071314,0.7860764985364118,0.1552801361921267,0.8104650072340481,0.907942612506054,0.6716090307983162,0.4483352761444544,55,89
3173,ESM-2-URVDB,viral,Site Split,CVB3_3A_Alvarez,4,0.1621452565573677,0.8547547339621451,0.9144876435853956,-0.068708560551765,0.9138644870522602,0.9792691926646628,0.4503673423291794,-0.0363032383035136,15,89
3174,ESM-2-URVDB,viral,Site Split,CVB3_3A_Alvarez,5,0.3412456239430627,0.7331271948158802,0.813662585658355,-0.0276935566014173,0.8994295578257064,0.9932601688188354,0.6373800032570072,0.2341799822717375,40,89
3175,ESM-2-URVDB,viral,Site Split,SARS2_MRPO_Flynn,1,0.3218862696689289,0.7088916249002968,0.8256450523088715,0.1114343780858245,0.791625526059023,0.9320889394369776,0.5507218894374849,0.3301862251675015,75,306
3176,ESM-2-URVDB,viral,Site Split,SARS2_MRPO_Flynn,2,0.2844297165590981,0.7276945441829125,0.8386125669843192,0.0785919763595904,0.8721162259816987,0.9920443504374876,0.5253618266977605,0.2793813755185368,46,306
3177,ESM-2-URVDB,viral,Site Split,SARS2_MRPO_Flynn,3,0.2437660240223693,0.7676083498519514,0.8750503885443908,0.146349260337598,0.7937756998101404,0.89992518305253,0.4823198550748717,0.2657350448239374,52,306
3178,ESM-2-URVDB,viral,Site Split,SARS2_MRPO_Flynn,4,0.2349202657972723,0.7754787351050773,0.8826331705670704,0.092562094190663,0.808745925788867,0.916205288780854,0.4695125872685042,0.3123870389957063,39,306
3179,ESM-2-URVDB,viral,Site Split,SARS2_MRPO_Flynn,5,0.0978111560599795,0.8563602264694326,0.9503511100128677,0.0519147735031885,0.8629482680452031,0.9715159668906204,0.2838983182989917,0.1018229359317484,7,306
3180,ESM-2-URVDB,viral,Site Split,IAV_H1_HA_Wu,1,0.0307378887929608,0.453778881321345,0.97685719627525,0.0074080615331959,0.4880863534951838,1.026029383608581,0.197116663681282,0.1887301728631961,13,565
3181,ESM-2-URVDB,viral,Site Split,IAV_H1_HA_Wu,2,0.0338249803504815,0.4746088706366907,0.9523689009202227,0.0048211366323089,0.4419340816316807,1.1114417500798452,0.1864773167388618,0.1916204141323705,14,565
3182,ESM-2-URVDB,viral,Site Split,IAV_H1_HA_Wu,3,0.0368625566554442,0.4661368069829776,1.0004038955871974,0.0262761793232975,0.4539064880622994,0.906488469187424,0.2120156160093006,0.1815271864457421,15,565
3183,ESM-2-URVDB,viral,Site Split,IAV_H1_HA_Wu,4,0.0479583704432728,0.4402411069476256,0.9394423208601664,0.015500158055192,0.4940412511779876,1.1263671456218127,0.3011763502760116,0.2116104972010813,25,565
3184,ESM-2-URVDB,viral,Site Split,IAV_H1_HA_Wu,5,0.0462584658462378,0.4597639180623598,0.9986531581887036,0.0512045237464481,0.4463984426407544,0.880760862714313,0.2531078542174644,0.3169650404882166,20,565
3185,ESM-2-URVDB,viral,Site Split,LAMBDA_HCP_Tsuboyama,1,0.9269681710211544,0.2082018564528575,0.2728832866994641,0.7153718015287183,0.4077513159815197,0.5104916363217689,0.9319846938434102,0.7986552920763447,201,55
3186,ESM-2-URVDB,viral,Site Split,LAMBDA_HCP_Tsuboyama,2,0.920142331519535,0.2145089609972253,0.2856817383931992,0.5386987428899895,0.5141020202003254,0.633964781162544,0.9213172462134012,0.77211998527788,186,55
3187,ESM-2-URVDB,viral,Site Split,LAMBDA_HCP_Tsuboyama,3,0.9557829005805724,0.1569474858033978,0.2094905417094642,0.6123777117381548,0.4619751379994744,0.6318199229610673,0.9600940556728108,0.6775122284275602,323,55
3188,ESM-2-URVDB,viral,Site Split,LAMBDA_HCP_Tsuboyama,4,0.909532513365078,0.2208859586995017,0.2931699013132441,0.6574547423822196,0.4685033724866602,0.6207411949856946,0.916770193220304,0.8231785377094301,154,55
3189,ESM-2-URVDB,viral,Site Split,LAMBDA_HCP_Tsuboyama,5,0.9278921396609312,0.2015988369108446,0.2666408249289878,0.7007097557843533,0.434577748668758,0.5409741664303229,0.925755751414433,0.8303328250696673,188,55
3190,ESM-2-URVDB,viral,Site Split,CVB3_3C_Alvarez,1,0.431161515309695,0.6309937975419827,0.7625017033724519,0.178481378382187,0.7152066089636113,0.8533395350165413,0.6902260444470507,0.5156280553348714,92,183
3191,ESM-2-URVDB,viral,Site Split,CVB3_3C_Alvarez,2,0.320251695511678,0.6765028372139454,0.8125907058809263,0.1390287438264489,0.8260226984414092,0.9686791367813355,0.6092082742740368,0.4266691695860107,35,183
3192,ESM-2-URVDB,viral,Site Split,CVB3_3C_Alvarez,3,0.4571352487798309,0.6109769940712511,0.7414536382595671,0.2454359062665093,0.7164755092067383,0.8465260795214448,0.6982698681085697,0.5590083443327849,120,183
3193,ESM-2-URVDB,viral,Site Split,CVB3_3C_Alvarez,4,0.4807451468485701,0.5961898878634282,0.725621476592559,0.1921756080971443,0.7494448646161147,0.8708960442516626,0.7138649189203176,0.5327634524370775,130,183
3194,ESM-2-URVDB,viral,Site Split,CVB3_3C_Alvarez,5,0.463426282009544,0.6015539394449227,0.7319869770642231,0.2330461063827161,0.7309888592729903,0.8779814608230251,0.7010618511307973,0.549093816959356,119,183
3195,ESM-2-URVDB,viral,Site Split,EV_CAPSD_Bakhache,1,0.0721681040593631,0.7901498944216641,0.964641455162335,0.0513951884470045,0.7941686508377266,0.9677122180117332,0.2963124724762173,0.2671525062582631,29,862
3196,ESM-2-URVDB,viral,Site Split,EV_CAPSD_Bakhache,2,0.0730899535114406,0.7978944715525081,0.9734829596630314,0.0664788580414584,0.7577039151316287,0.9208225990145612,0.2975347131257574,0.2928340609853552,46,862
3197,ESM-2-URVDB,viral,Site Split,EV_CAPSD_Bakhache,3,0.0816577200949421,0.7981975280996695,0.9718487057023344,0.036307483115666,0.7584148205105834,0.9196333706418516,0.3104457307254334,0.2536590895856682,41,862
3198,ESM-2-URVDB,viral,Site Split,EV_CAPSD_Bakhache,4,0.068994597584697,0.7877829727060534,0.9635845271756274,0.059856056587868,0.8024951604470774,0.9747719619071584,0.2946127864039423,0.2528141465908673,43,862
3199,ESM-2-URVDB,viral,Site Split,EV_CAPSD_Bakhache,5,0.0915947604921031,0.7729702841318978,0.9491941311569244,0.0759422787092035,0.8028755388529238,0.9766540679938044,0.3364549334095759,0.2848184250138297,68,862
3200,ESM-2-URVDB,viral,Site Split,CVB3_2C_Alvarez,1,0.3716403778869194,0.6623099268809702,0.7836608514659512,0.302597088847107,0.739763602709214,0.8689092902008111,0.6508274532141812,0.6099386477084681,120,329
3201,ESM-2-URVDB,viral,Site Split,CVB3_2C_Alvarez,2,0.3698121140916531,0.6795993235065214,0.7977615087420018,0.2502336045738115,0.727415242522107,0.8459061390435095,0.6570326134931977,0.535713839598819,104,329
3202,ESM-2-URVDB,viral,Site Split,CVB3_2C_Alvarez,3,0.3822596190955996,0.6649325449884141,0.7847614890084552,0.2691308305968853,0.7301126179341076,0.8600941629895879,0.6595396670416791,0.568467993547829,126,329
3203,ESM-2-URVDB,viral,Site Split,CVB3_2C_Alvarez,4,0.3516124602184213,0.6922027339781659,0.8103165067462602,0.2370542414874279,0.7217706190844658,0.8485023829563411,0.642644490306008,0.5268504541705508,76,329
3204,ESM-2-URVDB,viral,Site Split,CVB3_2C_Alvarez,5,0.3431719795034792,0.704630846070566,0.8204524068694024,0.1706549786650135,0.7277267222354534,0.8530315351531051,0.633482505027146,0.4819360019169856,69,329
3205,ESM-2-URVDB,viral,Site Split,LASSA_GP_Carr,1,0.2345656285077811,0.7497872378990055,0.875821895785265,0.1405334099785324,0.7969559888393674,0.9216765254307888,0.5044043703723193,0.3533215897022715,43,491
3206,ESM-2-URVDB,viral,Site Split,LASSA_GP_Carr,2,0.2270507317215756,0.7520770808827175,0.8798169180534733,0.1331788416069786,0.8028400546290569,0.9264574718037932,0.4942874239357967,0.3626156075852959,46,491
3207,ESM-2-URVDB,viral,Site Split,LASSA_GP_Carr,3,0.2098533111719506,0.7640284773062129,0.8890013524504486,0.1779099178862293,0.7846958597384561,0.9052605304515576,0.4717139525380747,0.4585899441319973,43,491
3208,ESM-2-URVDB,viral,Site Split,LASSA_GP_Carr,4,0.1839747376148558,0.7786600401176276,0.9005663040703951,0.1636078384907823,0.7987250834516159,0.9255350904738326,0.4570191996833245,0.452201202524223,36,491
3209,ESM-2-URVDB,viral,Site Split,LASSA_GP_Carr,5,0.2110326118563624,0.7621317402499407,0.8862348439381268,0.1549773269052193,0.8085903951394365,0.9255479960758644,0.4810356367827992,0.4131763896427564,39,491
3210,ESM-2-URVDB,viral,Site Split,SARS2_RBD_binding_Starr,1,0.4033229654752492,0.6003313350966917,0.7947522661955649,-0.0225880735740813,0.6603546363792068,0.855481130544085,0.5595795632483265,0.2054889196885444,70,1273
3211,ESM-2-URVDB,viral,Site Split,SARS2_RBD_binding_Starr,2,0.2938910913006678,0.6473768540085698,0.8552761788375561,-0.0543273776629513,0.6883464550276022,0.9496080157451556,0.4479791495207846,0.1226294467000848,41,1273
3212,ESM-2-URVDB,viral,Site Split,SARS2_RBD_binding_Starr,3,0.1176925636974507,0.6863251314409764,0.9277894976634532,0.1092996355002875,0.7511527892700236,0.9834997975392704,0.3193801000877576,0.2197166817929512,21,1273
3213,ESM-2-URVDB,viral,Site Split,SARS2_RBD_binding_Starr,4,0.5091480046757715,0.5162727042095273,0.7052221057767736,0.1500305987502722,0.6642696661024137,0.8976086370231833,0.6268814990423673,0.3535487365368175,114,1273
3214,ESM-2-URVDB,viral,Site Split,SARS2_RBD_binding_Starr,5,0.2453318066502389,0.6143158140252256,0.8252311604819803,0.1732914447894966,0.7614157123361297,1.0636582264568932,0.4242116227593279,0.405856324814656,44,1273
3215,ESM-2-URVDB,viral,Site Split,IAV_H1_HA_Doud,1,0.2144854520953777,0.7330110471104185,0.8771693647085849,0.1301246978363766,0.7953161525733708,0.9670144946295576,0.4977268390903675,0.3934673305285597,57,565
3216,ESM-2-URVDB,viral,Site Split,IAV_H1_HA_Doud,2,0.2021091753383375,0.7454270763527736,0.89549880119147,0.0807254947802208,0.7979177252371781,0.9481315170466914,0.4834491181873513,0.315104281922183,40,565
3217,ESM-2-URVDB,viral,Site Split,IAV_H1_HA_Doud,3,0.2554983980012842,0.7124340588222406,0.8627721133573751,0.1448597910454593,0.7578190105598226,0.9185473836943996,0.5425493255609191,0.4323123549627583,86,565
3218,ESM-2-URVDB,viral,Site Split,IAV_H1_HA_Doud,4,0.2333772480789135,0.7280834014191233,0.8778614980369742,0.1286170104061224,0.7613392533576785,0.9226921620316614,0.5144080111764805,0.4019153148180471,64,565
3219,ESM-2-URVDB,viral,Site Split,IAV_H1_HA_Doud,5,0.2584689077312386,0.7072609688072895,0.8560462946733715,0.1921427612919659,0.7684580199424758,0.9195142370002156,0.548766340810995,0.4336719217753784,101,565
3220,ESM-2-URVDB,viral,Site Split,IAV_H3_NP_Doud,1,0.0919120111079322,0.7600763868989615,0.968136774346126,-0.0115910639585417,0.7378056610402063,0.9380593439282524,0.2666677355781149,0.0914139118947999,15,498
3221,ESM-2-URVDB,viral,Site Split,IAV_H3_NP_Doud,2,0.0608591330315999,0.7642072395697128,0.9724938371986298,0.0084390024812097,0.7742739012326899,0.981453689107053,0.2053702211946221,0.083509098253071,5,498
3222,ESM-2-URVDB,viral,Site Split,IAV_H3_NP_Doud,3,0.1007415292490244,0.749570513713755,0.9575966296307664,0.0724975090209645,0.7359997947372813,0.9241388377156468,0.2994044165966255,0.2252144520459399,31,498
3223,ESM-2-URVDB,viral,Site Split,IAV_H3_NP_Doud,4,0.0673550806401336,0.7528715336388557,0.9579495762669584,0.0035323036678414,0.8151054913201218,1.0295876418240306,0.222277757696065,0.0525331033405593,9,498
3224,ESM-2-URVDB,viral,Site Split,IAV_H3_NP_Doud,5,0.0851046415610912,0.7545306642147142,0.9609979867656788,0.0506038578907263,0.7595443868417688,0.954891453403528,0.2634223799818611,0.1585353684313802,20,498
3225,ESM-2-URVDB,viral,Site Split,SARS2_PRD0038_RBD_Starr,1,0.3404230062107451,0.6027809723933276,0.8168813413663949,0.2734740771126329,0.6410956673149936,0.8324184340984625,0.4881472620404083,0.3897096076869938,56,200
3226,ESM-2-URVDB,viral,Site Split,SARS2_PRD0038_RBD_Starr,2,0.3430028385689985,0.570854829986328,0.790670933431886,0.0341042576939799,0.7632051827290782,1.0578629596677331,0.4770217890423545,0.2544137370570611,46,200
3227,ESM-2-URVDB,viral,Site Split,SARS2_PRD0038_RBD_Starr,3,0.2933958305312873,0.6360247745846256,0.8617258565119685,0.1710896069348964,0.626005758024436,0.8038713731444654,0.4601597036101327,0.2344545892567875,39,200
3228,ESM-2-URVDB,viral,Site Split,SARS2_PRD0038_RBD_Starr,4,0.410452480302977,0.5509189234558806,0.7517497942545366,0.1688371677676433,0.7097684785041933,0.9815019328437984,0.5193603423591658,0.3557363306748484,70,200
3229,ESM-2-URVDB,viral,Site Split,SARS2_PRD0038_RBD_Starr,5,0.1774591761703334,0.6845406431121266,0.9157364074135902,0.1981443457904678,0.6217091838171822,0.8564382815160851,0.3763969630042201,0.3158486954038886,22,200
3230,ESM-2-URVDB,viral,Site Split,IAV_NA_Jiang,1,0.0142432521480225,0.7896863381690606,0.9702423490653248,-0.0164212539074875,0.8077569306602357,1.079505111950021,0.182947816497264,0.0874542124542124,1,453
3231,ESM-2-URVDB,viral,Site Split,IAV_NA_Jiang,2,0.0537277084173754,0.757902704962343,0.9450519465475926,-0.168826266886797,0.9329389654524568,1.1490652070494942,0.2743709950345362,-0.1592741935483871,1,453
3232,ESM-2-URVDB,viral,Site Split,IAV_NA_Jiang,3,0.4754718189392036,0.5671444919198945,0.7372719366475987,0.1124130691312688,0.682566459172657,0.8723217661104079,0.7165543195835297,0.393481182795699,34,453
3233,ESM-2-URVDB,viral,Site Split,IAV_NA_Jiang,4,0.6663218550114456,0.4670024739949395,0.6132660986996041,-0.5250234654568962,0.7471493129971296,0.8990032285102241,0.8246187239823469,0.2097027972027972,66,453
3234,ESM-2-URVDB,viral,Site Split,IAV_NA_Jiang,5,0.4902936236570903,0.5499408912758804,0.7219624607907459,-0.124024956934138,0.7374077750904587,0.9465378390413064,0.7461714148335136,0.1203437019969278,40,453
3235,ESM-2-URVDB,viral,Site Split,SARS2_PLPRO_activity_Wu,1,0.2865931037401309,0.7504258898667411,0.8475524028657513,0.1955267473912842,0.7673299961275963,0.8844116696514462,0.542090749096669,0.3800929224401855,45,316
3236,ESM-2-URVDB,viral,Site Split,SARS2_PLPRO_activity_Wu,2,0.264723335369051,0.7536551112318538,0.8534231793098958,0.1942240961844373,0.7994589895797013,0.9135564831769056,0.5026909408358023,0.4378722979971651,36,316
3237,ESM-2-URVDB,viral,Site Split,SARS2_PLPRO_activity_Wu,3,0.2469046759176467,0.772132393537581,0.8666481373869779,0.1683235242148114,0.8198118087978269,0.9166704060301304,0.4871223456249053,0.3863825223062343,30,316
3238,ESM-2-URVDB,viral,Site Split,SARS2_PLPRO_activity_Wu,4,0.2805488792823821,0.7441314966849815,0.8393235895888596,0.1948545319461508,0.8089511246312909,0.933311444897572,0.5188897785802219,0.4008805525980933,39,316
3239,ESM-2-URVDB,viral,Site Split,SARS2_PLPRO_activity_Wu,5,0.3325058038385589,0.7158906625587944,0.8198977390976807,0.1609927744036031,0.787875858253194,0.899573207439643,0.5653029989761412,0.4056831955964777,62,316
3240,ESM-2-URVDB,viral,Site Split,IAV_H1_NP_Doud,1,0.0461675226050742,0.7814449829516719,0.9756003066226508,0.0235478911579761,0.7982407165859546,0.991965975965152,0.1975206440241304,0.1880810749896548,3,498
3241,ESM-2-URVDB,viral,Site Split,IAV_H1_NP_Doud,2,0.0430347715231429,0.778589033319211,0.975014354777687,0.0111206800115194,0.7929565372357578,0.9959086160370098,0.1978519153556983,0.1985776663212663,3,498
3242,ESM-2-URVDB,viral,Site Split,IAV_H1_NP_Doud,3,0.0401122752234832,0.7762251129764116,0.971774579300425,0.0417377015758776,0.8098071758631887,1.006039345129507,0.1841786032657745,0.2747713036469026,3,498
3243,ESM-2-URVDB,viral,Site Split,IAV_H1_NP_Doud,4,0.1808690227691557,0.7208134701483949,0.9064207870841152,0.105990375129307,0.7522934391291964,0.939746942498059,0.4533811549493826,0.3260000548607821,99,498
3244,ESM-2-URVDB,viral,Site Split,IAV_H1_NP_Doud,5,0.0392312148878881,0.7858821666653283,0.9804031326815336,0.0595846313045461,0.777752288984333,0.9674902455736296,0.1966908288048829,0.2362191311876875,3,498
3245,ESM-2-URVDB,viral,Site Split,CVB3_3D_Alvarez,1,0.3599433193329832,0.6747345039783039,0.7965576545038069,0.2537878075687459,0.7462654083619412,0.8776593591566808,0.6509667479925516,0.5436513563931482,107,462
3246,ESM-2-URVDB,viral,Site Split,CVB3_3D_Alvarez,2,0.3628402218986326,0.6780419789821469,0.8002520574398287,0.2796528081441914,0.7211299764008283,0.8399869695396245,0.6523242420010473,0.5615821622216327,111,462
3247,ESM-2-URVDB,viral,Site Split,CVB3_3D_Alvarez,3,0.4023221948199991,0.6604677582200162,0.7799740368402396,0.251982030826278,0.7059713762421911,0.8299889377176405,0.6732456899807935,0.5679228410740973,149,462
3248,ESM-2-URVDB,viral,Site Split,CVB3_3D_Alvarez,4,0.4007852130482501,0.6392857572837991,0.7657463806139281,0.2811733497511653,0.7528074420159382,0.8774444328654926,0.6680053637922021,0.5832230178764951,160,462
3249,ESM-2-URVDB,viral,Site Split,CVB3_3D_Alvarez,5,0.3452994202945778,0.6922480056958468,0.810192826205036,0.2614395980743266,0.7260453014113163,0.8537800371052663,0.6392299280729271,0.5850486993519121,95,462
3250,ESM-2-URVDB,viral,Site Split,EV_REP_Bakhache,1,0.25112982226351,0.7288132195955309,0.8649586980771073,0.1656065162049915,0.7714979436714414,0.9147961898410176,0.4978565252067519,0.4087704123702082,273,1331
3251,ESM-2-URVDB,viral,Site Split,EV_REP_Bakhache,2,0.2053595940333652,0.7527697392819469,0.8889797816972377,0.1480320093822822,0.7961252863495336,0.9330247241843244,0.4564857251414994,0.3859815582376159,137,1331
3252,ESM-2-URVDB,viral,Site Split,EV_REP_Bakhache,3,0.2230300493918444,0.7456067483518813,0.8804931752412386,0.186510510346098,0.7600987323142623,0.9055938099281818,0.4741476697366142,0.4321583799654616,196,1331
3253,ESM-2-URVDB,viral,Site Split,EV_REP_Bakhache,4,0.2698466101001651,0.7241067688784132,0.8601687402353628,0.14476479363594,0.7583876334492354,0.8985932392587264,0.5144580058113415,0.3879508551753233,306,1331
3254,ESM-2-URVDB,viral,Site Split,EV_REP_Bakhache,5,0.2308207765063658,0.7481281978389367,0.8841140671804282,0.1380392000360256,0.7595337780000021,0.8948954333699691,0.4823838507491175,0.3824780292087162,197,1331
3255,ESM-2-URVDB,viral,Site Split,SARS2_DELTA_SPIKE_Dadonaite,1,0.0522985223304373,0.3935567314392586,0.9880908105697632,0.0361136345177283,0.4027658215762899,0.9212403254428374,0.3476807395042523,0.2906403112255274,52,1250
3256,ESM-2-URVDB,viral,Site Split,SARS2_DELTA_SPIKE_Dadonaite,2,0.0364586855133616,0.3984752545681319,0.9837112995896976,0.0411105258902246,0.4175604292705059,0.9707553471145954,0.3314194939779975,0.3071295550017246,35,1250
3257,ESM-2-URVDB,viral,Site Split,SARS2_DELTA_SPIKE_Dadonaite,3,0.0447630302148553,0.4077560039727868,0.9799337925259488,0.0304893577586,0.387207420927022,0.9737541261532237,0.3328377550778639,0.332931808371101,50,1250
3258,ESM-2-URVDB,viral,Site Split,SARS2_DELTA_SPIKE_Dadonaite,4,0.0509786179002565,0.3971543294891698,0.970824887841602,0.0191721016979076,0.4023807933036429,1.0038648346770136,0.3430565162022185,0.2940565027626425,43,1250
3259,ESM-2-URVDB,viral,Site Split,SARS2_DELTA_SPIKE_Dadonaite,5,0.0514338867759072,0.4032073416634738,1.0012893810833845,0.0410453977799707,0.3905929502242689,0.8608142132606424,0.3577811502332452,0.2838663644060377,55,1250
3260,ESM-2-URVDB,viral,Site Split,HIV1_BF520_ENV_Haddox,1,0.2363392009715903,0.7103409581954017,0.8681807715414764,0.2056644625098868,0.7553856089743501,0.9092221324077432,0.5129121873037773,0.4574298477174269,58,852
3261,ESM-2-URVDB,viral,Site Split,HIV1_BF520_ENV_Haddox,2,0.2887278172104363,0.6847412806599057,0.840117081118874,0.1805277932648769,0.7610709981877497,0.9189086244978404,0.5625269976811708,0.4370495382678581,94,852
3262,ESM-2-URVDB,viral,Site Split,HIV1_BF520_ENV_Haddox,3,0.2662160076717352,0.7029099831178303,0.8571771621280303,0.1916321938940207,0.7274414497786927,0.894259605885467,0.5375173825694709,0.4570219548174325,81,852
3263,ESM-2-URVDB,viral,Site Split,HIV1_BF520_ENV_Haddox,4,0.2327192814254282,0.7248201327300566,0.8836002589817741,0.1560988494332507,0.7354655779539386,0.8833720292836782,0.5008222223457953,0.4098226259176914,52,852
3264,ESM-2-URVDB,viral,Site Split,HIV1_BF520_ENV_Haddox,5,0.2677633739021916,0.7025746656553327,0.8573800461358204,0.2107018133445368,0.725147270632672,0.8814788255432343,0.5413769455105683,0.4804876467773347,87,852
3265,ESM-2-URVDB,viral,Site Split,IAV_H3_HA_Lee,1,0.3068865740785942,0.6840922648525889,0.8312095401382696,0.1838597268502007,0.7489628275829081,0.9086220875248736,0.599095883619439,0.4818101317015452,136,566
3266,ESM-2-URVDB,viral,Site Split,IAV_H3_HA_Lee,2,0.2137686691374298,0.7223114478385647,0.873819838049461,0.1968054964932261,0.7859939500843397,0.9434764256496382,0.5156150016928952,0.5133164780342777,73,566
3267,ESM-2-URVDB,viral,Site Split,IAV_H3_HA_Lee,3,0.3310652294074723,0.681348974465978,0.827570025888183,0.1441320470425084,0.718946577369732,0.8764795228020404,0.6250431968917095,0.427755132047233,146,566
3268,ESM-2-URVDB,viral,Site Split,IAV_H3_HA_Lee,4,0.2475599695290347,0.7027049335239997,0.8553291814254314,0.1423083906295384,0.8129948642857532,0.9691383045913632,0.5407985116493643,0.4079303484558841,93,566
3269,ESM-2-URVDB,viral,Site Split,IAV_H3_HA_Lee,5,0.2435485716722354,0.7210200445898931,0.8733462907872973,0.1692978452305724,0.7474673267013398,0.8960501870391264,0.5473697923835269,0.4420681865902879,89,566
3270,ESM-2-URVDB,viral,Site Split,SARS2_RBD_expression_Starr,1,0.1035028099102722,0.817349024328946,0.9324923166449048,0.0704169537966133,0.8627101212294263,0.9979664676781456,0.3056841867725734,0.3230590448593984,16,1273
3271,ESM-2-URVDB,viral,Site Split,SARS2_RBD_expression_Starr,2,0.1372149919103339,0.8091246897118617,0.921479749052418,0.1424299831746772,0.8461372938390924,0.9545830258342896,0.3642542729814891,0.3370999311912733,19,1273
3272,ESM-2-URVDB,viral,Site Split,SARS2_RBD_expression_Starr,3,0.243588736789017,0.7521805712239285,0.8670136801485852,0.1238653282976232,0.8173283654308307,0.9457682644756736,0.4981044015069337,0.2921112668510414,38,1273
3273,ESM-2-URVDB,viral,Site Split,SARS2_RBD_expression_Starr,4,0.2438454335600142,0.7542349448709671,0.8632433428667856,0.0899237621922306,0.8524220508754206,0.9809088486813712,0.5191829539714042,0.3107144879816432,32,1273
3274,ESM-2-URVDB,viral,Site Split,SARS2_RBD_expression_Starr,5,0.1453056667885152,0.8152634832572536,0.9263541375704,0.0293135974408274,0.8343230344417744,0.9684811138004866,0.3705556327683358,0.1598418062134987,18,1273
3275,ESM-2-URVDB,viral,Site Split,RsYN04_RBD_Starr,1,0.0063298101786523,0.4381382855125767,1.0889086578261875,-0.1048561009520225,0.3609243985931547,0.4946602367345643,0.1030189133333959,0.1050560077287642,1,517
3276,ESM-2-URVDB,viral,Site Split,RsYN04_RBD_Starr,2,0.0145215008745793,0.4313368975435008,1.076287512681912,-0.0192101392730548,0.3372541409179683,0.5569081018445531,0.1385672899425907,0.0504770617651746,3,517
3277,ESM-2-URVDB,viral,Site Split,RsYN04_RBD_Starr,3,0.0204369222276221,0.4234368380226606,1.0621773486256982,-0.0111457132550065,0.3485911206734992,0.6352643679686871,0.1548490977592571,0.0685185648258655,6,517
3278,ESM-2-URVDB,viral,Site Split,RsYN04_RBD_Starr,4,-2.220446049250313e-16,0.4202046190088508,1.0225685107057765,-0.0067054642230519,0.3946402540835446,0.9066144077569076,,,0,517
3279,ESM-2-URVDB,viral,Site Split,RsYN04_RBD_Starr,5,0.0083636656519487,0.4279861528170955,1.0602953795312136,-0.0135382714563385,0.3443943876566466,0.6923322575457237,0.1004414602749565,0.0922198114709892,1,517
3280,ESM-2-URVDB,viral,Site Split,BPP22_COAT_Tsuboyama,1,0.8210064223544845,0.3012996899815835,0.427879647056349,0.7515534305450579,0.3378517791542716,0.4725871636024162,0.8824045206759065,0.882825539285152,61,40
3281,ESM-2-URVDB,viral,Site Split,BPP22_COAT_Tsuboyama,2,0.9017342076426744,0.2105287075794076,0.303115981967509,0.6470129146013627,0.5035454255702924,0.6618496077459807,0.933338280770561,0.8361331495281156,149,40
3282,ESM-2-URVDB,viral,Site Split,BPP22_COAT_Tsuboyama,3,0.8418674761086251,0.2854994292337014,0.4022019421595574,0.7436585737442288,0.3402547922826259,0.4825132471911627,0.8946838344259415,0.8715743979931846,76,40
3283,ESM-2-URVDB,viral,Site Split,BPP22_COAT_Tsuboyama,4,0.8431053349480255,0.2593877970441766,0.3815947464998016,0.5106226647941536,0.5067398672523106,0.6595253065127055,0.8875344436866675,0.7478704141080144,72,40
3284,ESM-2-URVDB,viral,Site Split,BPP22_COAT_Tsuboyama,5,0.8132859223107687,0.2846696060861332,0.4040448533969688,0.7882332502783151,0.401941201495392,0.563771906889331,0.8971627826319644,0.8001023460872304,68,40
3285,ESM-2-URVDB,viral,Site Split,SARS2_BA1_SPIKE_Dadonaite,1,0.1893222436847723,0.7409088283686128,0.9026567149584082,0.1561725868837394,0.7568032438616691,0.9089955351187672,0.4530411284729888,0.396926157018605,63,1249
3286,ESM-2-URVDB,viral,Site Split,SARS2_BA1_SPIKE_Dadonaite,2,0.3321364921655744,0.6504746115911298,0.8158011608433466,0.1946660761756111,0.7162571251642111,0.9035945196719746,0.5618637803005806,0.4651270480927947,243,1249
3287,ESM-2-URVDB,viral,Site Split,SARS2_BA1_SPIKE_Dadonaite,3,0.3126035958835358,0.6590082520960219,0.8290333162627529,0.2376904930597942,0.7048801126499025,0.8732662100672857,0.5527372722587742,0.46834080613802,231,1249
3288,ESM-2-URVDB,viral,Site Split,SARS2_BA1_SPIKE_Dadonaite,4,0.2751684551018065,0.6849477368036421,0.850509248793661,0.1934722812727856,0.7333951841147028,0.9016180644534624,0.5154648420304297,0.4303669269745294,156,1249
3289,ESM-2-URVDB,viral,Site Split,SARS2_BA1_SPIKE_Dadonaite,5,0.3203612827073138,0.6616015518874204,0.8274906635040037,0.2366474435393221,0.6843044119971246,0.8596078103228147,0.5603059484247855,0.4637554061183656,256,1249
3290,ESM-2-URVDB,viral,Site Split,CVB3_POLG_Mattenberger,1,0.1799131518527121,0.718988881655387,0.9068364750442788,0.1368930722616651,0.7263247852052307,0.9228403460902728,0.4375904037425932,0.4050268750003693,89,2185
3291,ESM-2-URVDB,viral,Site Split,CVB3_POLG_Mattenberger,2,0.2003001276303004,0.7221528902254288,0.908881903775449,0.1000094175138559,0.6965133410894592,0.877466161223231,0.4653576437474674,0.350795685784331,99,2185
3292,ESM-2-URVDB,viral,Site Split,CVB3_POLG_Mattenberger,3,0.1898666878006356,0.7130921183890426,0.9018115107711197,0.1576940804781275,0.72294655050197,0.9102947690721876,0.4571356355133825,0.4150242084981119,109,2185
3293,ESM-2-URVDB,viral,Site Split,CVB3_POLG_Mattenberger,4,0.1883103384317386,0.7170301737054385,0.9074518990881456,0.1262365983863449,0.732599062919773,0.9070761560336944,0.4556072886701957,0.3671100898218086,87,2185
3294,ESM-2-URVDB,viral,Site Split,CVB3_POLG_Mattenberger,5,0.1956408368443905,0.710343664231192,0.8951130433429797,0.1279591185484482,0.7448058457092352,0.9402530075442108,0.4617015851737091,0.372780077210142,99,2185
3295,ESM-2-URVDB,viral,Site Split,NIPAH_F_Larsen,1,0.1720282828423558,0.7849173293135959,0.9166089987453572,0.1049292793478177,0.7829389022863225,0.9129277727954678,0.3879716195270526,0.2867691285980863,31,602
3296,ESM-2-URVDB,viral,Site Split,NIPAH_F_Larsen,2,0.1895502527474485,0.776068407640602,0.9094894953978234,0.1447714074648282,0.7499617927732043,0.8833009562941155,0.411653996213136,0.3478398060788774,47,602
3297,ESM-2-URVDB,viral,Site Split,NIPAH_F_Larsen,3,0.1193276593740526,0.8115590374563019,0.9429366192540484,0.171581259856915,0.7647511357882644,0.8918920388472987,0.3250546630218568,0.3839215146153927,17,602
3298,ESM-2-URVDB,viral,Site Split,NIPAH_F_Larsen,4,0.1452065516328581,0.8097791385230019,0.9408777316349932,0.0501216164215343,0.7637182786459671,0.8849918292329838,0.3513243516447078,0.2518926166789828,19,602
3299,ESM-2-URVDB,viral,Site Split,NIPAH_F_Larsen,5,0.1205596911066317,0.8059192793239268,0.9396979938404156,0.1554734143003502,0.7884420199931274,0.911514061984136,0.3262057364074468,0.3755345954406049,19,602
3300,ESM-2-URVDB,viral,Site Split,IAV_H5_HA_Dadonaite,1,0.2343886483675091,0.7774195578080507,0.8767667982426641,0.2234507313908217,0.7707342663450197,0.8734352680740753,0.5093522099962525,0.4799150377330138,59,567
3301,ESM-2-URVDB,viral,Site Split,IAV_H5_HA_Dadonaite,2,0.2507548402457775,0.7604635495718626,0.861924075916494,0.2076616766067399,0.797166454810511,0.9048246603325476,0.5293019431595299,0.4749657573622143,61,567
3302,ESM-2-URVDB,viral,Site Split,IAV_H5_HA_Dadonaite,3,0.2947257560231316,0.7287750144301867,0.8351728416818702,0.2228322166045694,0.7894471782989169,0.8969688917558826,0.5702674207249573,0.5048269922909262,118,567
3303,ESM-2-URVDB,viral,Site Split,IAV_H5_HA_Dadonaite,4,0.286444617969258,0.7408416038485343,0.845458478876865,0.1564629928170228,0.8049716711402362,0.9148844137243546,0.5573714303706246,0.4654524840264923,92,567
3304,ESM-2-URVDB,viral,Site Split,IAV_H5_HA_Dadonaite,5,0.207522933474419,0.7922992091916793,0.8899044939277593,0.2284727573410673,0.7871765199932304,0.8795702862698138,0.481572552193477,0.5111800493319155,41,567
3305,ESM-2-URVDB,viral,Site Split,RmYN02_RBD_Starr,1,0.0893893504432592,0.49756566116475,0.932957426670624,0.0067514022554864,0.6058499012737123,1.069713755882257,0.3946533934033636,0.2764583323457236,24,491
3306,ESM-2-URVDB,viral,Site Split,RmYN02_RBD_Starr,2,0.20041724146978,0.4655632359051355,0.9107921680487604,0.0413369924351887,0.4526354687083856,0.90206913761209,0.4956505927279654,0.4161995420803393,67,491
3307,ESM-2-URVDB,viral,Site Split,RmYN02_RBD_Starr,3,0.2151842900139045,0.4584407268931268,0.90612826338841,0.0182452621533658,0.4516294552616097,0.8911337452388673,0.534904844872213,0.2107754329229834,71,491
3308,ESM-2-URVDB,viral,Site Split,RmYN02_RBD_Starr,4,0.147220041373453,0.4868691617333225,0.965812780972124,0.0244949489171613,0.5088435507738073,0.7831412153835974,0.505641002539368,0.1977362736449278,40,491
3309,ESM-2-URVDB,viral,Site Split,RmYN02_RBD_Starr,5,0.0775378562808279,0.5422520340329968,0.9914489890023837,0.0361491865970622,0.5113141990504698,0.8439256964495733,0.3994139864175641,0.2984194668408703,18,491
3310,ESM-2-URVDB,viral,Site Split,CVB3_VP3_Alvarez,1,0.1521054779848805,0.7136217671486684,0.9146450184496232,0.1253607682507759,0.7507218594499169,0.959341068602012,0.4424744045737082,0.419319604045049,28,238
3311,ESM-2-URVDB,viral,Site Split,CVB3_VP3_Alvarez,2,0.1507260710720653,0.6897500467072742,0.9012710332610034,0.1012674606584861,0.7911937172296164,1.021239077475549,0.4302015900385318,0.3895388028618783,27,238
3312,ESM-2-URVDB,viral,Site Split,CVB3_VP3_Alvarez,3,0.1553666026408185,0.7380962992739414,0.937263524422736,0.1186223495345148,0.6938458322290851,0.8574227535862611,0.4455493037888071,0.4021024757514717,27,238
3313,ESM-2-URVDB,viral,Site Split,CVB3_VP3_Alvarez,4,0.1567299475101098,0.6929272613773182,0.9016067287380148,0.0998217652450208,0.7759620739937979,1.0096506732535748,0.4479658224656874,0.3724640172184128,32,238
3314,ESM-2-URVDB,viral,Site Split,CVB3_VP3_Alvarez,5,0.1592589328242423,0.7031483800653636,0.9106871012629368,0.1225882991826161,0.7536172213215937,0.9600701986120856,0.4491039172706358,0.3847847223082504,36,238
3315,ESM-2-URVDB,viral,Site Split,IAV_PB2_Soh,1,0.107733638441551,0.6450989360071899,0.9893687681826964,0.111435262295073,0.5771624337098401,0.7327544308133023,0.4476756749227702,0.3724253463482833,61,759
3316,ESM-2-URVDB,viral,Site Split,IAV_PB2_Soh,2,0.100328694441038,0.6324510146690375,0.9773350786992906,0.1005892569284553,0.6226824371246518,0.8232615333343691,0.4288194012478632,0.3482119052134492,59,759
3317,ESM-2-URVDB,viral,Site Split,IAV_PB2_Soh,3,0.1352980857381457,0.6177798756123054,0.9459364770777038,0.0774215403142452,0.6144095450830247,0.8912513290809848,0.4644132606445788,0.3478245071935567,74,759
3318,ESM-2-URVDB,viral,Site Split,IAV_PB2_Soh,4,0.0983303593652552,0.6374822327109931,0.9800432636835148,0.0514912384768906,0.6412969308261631,0.8366956243808428,0.4275923499435202,0.2614223778856095,39,759
3319,ESM-2-URVDB,viral,Site Split,IAV_PB2_Soh,5,0.1360725248703285,0.6102237419279662,0.9203889685047352,0.048323990538331,0.6520616541137785,1.0127166933719447,0.4654412120585552,0.3251023839910774,73,759
3320,ESM-2-URVDB,viral,Site Split,HIV1_HV1B9_ENV_DuenasDecamp,1,0.0344880721131499,0.7322321301805219,0.9984007546551684,-0.0204633610985243,0.7185721197577579,0.942304233856142,0.2899090361253458,-0.0907065481325479,1,853
3321,ESM-2-URVDB,viral,Site Split,HIV1_HV1B9_ENV_DuenasDecamp,2,0.0485728228606997,0.6086342755863244,0.8820265351010556,-0.1720786931165652,0.938246405897127,1.2692631328107558,0.3186972605427137,-0.2411891217161338,1,853
3322,ESM-2-URVDB,viral,Site Split,HIV1_HV1B9_ENV_DuenasDecamp,3,0.4594747649664215,0.5263864540034822,0.7531546381033403,-0.3158882937975651,0.711193993846168,1.0520896130324149,0.6325911682565329,0.0534512890024995,42,853
3323,ESM-2-URVDB,viral,Site Split,HIV1_HV1B9_ENV_DuenasDecamp,4,-4.440892098500626e-16,0.8023658369961828,1.0547671700980776,-0.1793445691634521,0.6407158334332347,0.7530691970289293,,,0,853
3324,ESM-2-URVDB,viral,Site Split,HIV1_HV1B9_ENV_DuenasDecamp,5,0.418471829416137,0.5505243959177203,0.7754704231089588,-0.3429943104625539,0.8484235751053237,1.071731026102375,0.6420043912387838,-0.0579490083852608,37,853
3325,ESM-2-URVDB,viral,Site Split,SARS2_PLPRO_abundance_Wu,1,0.0855680846105417,0.7977764204680051,0.9554795869862296,0.0713087096529184,0.8111309637883942,0.9649460943642664,0.3130076911101045,0.3053421104669853,17,316
3326,ESM-2-URVDB,viral,Site Split,SARS2_PLPRO_abundance_Wu,2,0.1211537470571684,0.773209605761301,0.9323677687534176,0.0438118144678352,0.8397211633332303,0.9980606943654884,0.3594393255855847,0.2111403888255266,21,316
3327,ESM-2-URVDB,viral,Site Split,SARS2_PLPRO_abundance_Wu,3,0.0885326588138437,0.792789794603842,0.9512967257446852,0.0903217900376036,0.8152445679975638,0.9670495303022127,0.3286172152590755,0.2813843099168937,14,316
3328,ESM-2-URVDB,viral,Site Split,SARS2_PLPRO_abundance_Wu,4,0.0887097606483768,0.7907422480299162,0.9493762638228728,0.078261266034855,0.8291565233892582,0.9778322968846052,0.3015830136745237,0.2922041405376154,13,316
3329,ESM-2-URVDB,viral,Site Split,SARS2_PLPRO_abundance_Wu,5,0.0982514771433007,0.7868818828894711,0.947501768230099,0.0762415055144112,0.8191863597102512,0.9693445024760264,0.3329189274283287,0.2632871113628093,17,316
3330,ESM-2-URVDB,viral,Site Split,HIV1_BG505_ENV_Haddox,1,0.2861124796248576,0.702379189731329,0.8402159290590178,0.2189931571960052,0.7372602187143169,0.8960841767823498,0.546659946625048,0.4828889470784477,81,860
3331,ESM-2-URVDB,viral,Site Split,HIV1_BG505_ENV_Haddox,2,0.3011145203044697,0.7023398466175151,0.8421093742792947,0.1578917711814981,0.729228187618854,0.8770164394201412,0.5601511238699362,0.4308328222486778,92,860
3332,ESM-2-URVDB,viral,Site Split,HIV1_BG505_ENV_Haddox,3,0.294792911363989,0.7022803824751791,0.8423412532988126,0.202027704577879,0.7375034146685865,0.8812375700898657,0.5558737288079773,0.4323971633796635,81,860
3333,ESM-2-URVDB,viral,Site Split,HIV1_BG505_ENV_Haddox,4,0.2802679067569744,0.7095019282244406,0.8490177347823042,0.2397913631780582,0.7244792442096781,0.8685720822615681,0.5422745156343772,0.5143700594939126,73,860
3334,ESM-2-URVDB,viral,Site Split,HIV1_BG505_ENV_Haddox,5,0.2962585993001367,0.6912435772471696,0.8327540096517638,0.1951622688674262,0.7684959003710761,0.9136213326718932,0.550431451301196,0.4741156993266425,84,860
3335,ESM-2-URVDB,viral,Site Split,DENV_POLG_Suphatrakul,1,0.2251699509000015,0.7638342839495971,0.8767541061782734,0.1653043212840793,0.8174025843260693,0.9278675224524804,0.5177773191551281,0.4388224922579378,95,900
3336,ESM-2-URVDB,viral,Site Split,DENV_POLG_Suphatrakul,2,0.2416747619629762,0.7535765435985025,0.8683276836945318,0.1627400733009775,0.8074112015903383,0.9252196059787504,0.5307684440046873,0.47027591885487,123,900
3337,ESM-2-URVDB,viral,Site Split,DENV_POLG_Suphatrakul,3,0.2379103239318489,0.7613124446238602,0.8747054573006185,0.1488330378774646,0.7876954947983418,0.9148946365402528,0.5297291637984685,0.4229420258241401,111,900
3338,ESM-2-URVDB,viral,Site Split,DENV_POLG_Suphatrakul,4,0.2202490447231743,0.7705349194510084,0.8826165422133833,0.1747422206432833,0.7961397268569205,0.9100774431223186,0.5110089675537038,0.4436739086453048,92,900
3339,ESM-2-URVDB,viral,Site Split,DENV_POLG_Suphatrakul,5,0.2241816266427941,0.7686771878450879,0.8804347854686897,0.1746639230702857,0.7925772984577235,0.9095562011050834,0.5173601832786987,0.4443190967826614,99,900
3340,ESM-2-URVDB,viral,Site Split,SARS2_XBB15_RBD_Taylor,1,0.3133682198327695,0.6533605035553414,0.8240972422895748,0.1753593321595274,0.7334356891668034,0.9256200533452424,0.5088331643563779,0.34679457608346,55,201
3341,ESM-2-URVDB,viral,Site Split,SARS2_XBB15_RBD_Taylor,2,0.3261515658525795,0.635072528435104,0.8082310803552791,0.0571411641131547,0.7971625463068672,1.021761771411882,0.4969495776870075,0.3702281508272168,60,201
3342,ESM-2-URVDB,viral,Site Split,SARS2_XBB15_RBD_Taylor,3,0.3237015923209568,0.6393549869420916,0.8064972295436434,0.1967828424149285,0.7811156992080692,0.9581430484063188,0.5114466968952296,0.3480442531396608,56,201
3343,ESM-2-URVDB,viral,Site Split,SARS2_XBB15_RBD_Taylor,4,0.2622739988510475,0.7002411377873022,0.8681042596122026,0.0069068852222025,0.7479801959228043,0.9515065696870212,0.4446010319912771,0.1909160929057752,35,201
3344,ESM-2-URVDB,viral,Site Split,SARS2_XBB15_RBD_Taylor,5,0.2264851152508835,0.6945076309287909,0.8733008319151468,-0.0164810389526641,0.7913919354586308,1.0307385487698086,0.4139866135701461,0.2085334988449652,20,201
3345,ESM-2-URVDB,viral,Site Split,IAV_PA_Wu,1,0.0893578995001372,0.6400451363166779,0.9882544964260545,-0.0025268741561585,0.621509919509042,0.8394903382622375,0.3780732617325623,0.2045784666714377,35,716
3346,ESM-2-URVDB,viral,Site Split,IAV_PA_Wu,2,0.0977813769915664,0.6308716578692555,0.9905008569656752,0.0198467634337711,0.6074282522492308,0.7993323454067508,0.4098506085633538,0.1821085010809233,41,716
3347,ESM-2-URVDB,viral,Site Split,IAV_PA_Wu,3,0.0846909622322406,0.6252760602368609,0.9596572681029416,0.0375017740504982,0.6548323299834136,0.9689300751478528,0.3744375301077383,0.2876227703088448,34,716
3348,ESM-2-URVDB,viral,Site Split,IAV_PA_Wu,4,0.0936169250665743,0.6388516342867178,1.0014868217293602,0.0568103033748589,0.5976827459351027,0.7276391927479995,0.394872128632197,0.3576876501834785,40,716
3349,ESM-2-URVDB,viral,Site Split,IAV_PA_Wu,5,0.1338946449911712,0.6144021505665643,0.9543162486337792,0.0310627114207597,0.601583978844824,0.8766701465782721,0.4401442081958945,0.2331146194801165,58,716
3350,ESM-2-URVDB,viral,Site Split,CVB3_VP1_Alvarez,1,0.2469542799678326,0.7464528140499119,0.8687702520149428,0.1469983054265951,0.7798843343032011,0.9192910441141908,0.5588238639533569,0.4604095973432422,76,281
3351,ESM-2-URVDB,viral,Site Split,CVB3_VP1_Alvarez,2,0.2479182923491286,0.7473203202318301,0.8701049215293062,0.0896044184300139,0.8063662610423733,0.940640639955632,0.5571711247890925,0.4487029987503592,70,281
3352,ESM-2-URVDB,viral,Site Split,CVB3_VP1_Alvarez,3,0.2533656889111467,0.7544334146582382,0.8745535838455488,0.1473773801548135,0.7662484730976461,0.8731260992116282,0.567371315427697,0.4746350652692674,74,281
3353,ESM-2-URVDB,viral,Site Split,CVB3_VP1_Alvarez,4,0.1900889257895737,0.7720586071337969,0.8969360979800378,0.1508269682364912,0.822253657825681,0.9323611474754148,0.501143881768506,0.4702310805113877,49,281
3354,ESM-2-URVDB,viral,Site Split,CVB3_VP1_Alvarez,5,0.2656543602822534,0.7285490566513133,0.8551076487646395,0.1818928949118328,0.7854355135333331,0.9116995255960724,0.5728909642395538,0.4764732197670163,87,281
3355,ESM-2-URVDB,viral,Site Split,CVB3_2B_Alvarez,1,0.2293587034088045,0.7810734206226606,0.872115145662411,0.1666111688952734,0.835718325942814,0.9248003306603032,0.5176807889145449,0.4907562538172655,25,99
3356,ESM-2-URVDB,viral,Site Split,CVB3_2B_Alvarez,2,0.28034160191533,0.7622759322119702,0.8529695701769983,0.1651416085913656,0.7864860947978084,0.8934734236657035,0.5869327294232235,0.3929050128424706,26,99
3357,ESM-2-URVDB,viral,Site Split,CVB3_2B_Alvarez,3,0.5837587385587912,0.5335957874114585,0.6495686186339539,0.1646076509742658,0.7496208107771064,0.8882562426556532,0.7919693887425211,0.4735497950081994,138,99
3358,ESM-2-URVDB,viral,Site Split,CVB3_2B_Alvarez,4,0.3504909501872646,0.7077090296807605,0.8104068080288765,0.2539457662989401,0.7419974317383401,0.8423546417893886,0.6371163443012994,0.5688689898526602,49,99
3359,ESM-2-URVDB,viral,Site Split,CVB3_2B_Alvarez,5,0.1535974157606491,0.826340517679783,0.9095903864772832,0.1548088256631913,0.8822640672707858,0.955149128616176,0.4442931489785844,0.4785111362597953,5,99
3360,ESM-2-URVDB,viral,Site Split,IAV_RDRP_Li,1,0.2146762829356531,0.7313036277207794,0.8922112711798792,0.114905651116841,0.7514796964341726,0.91219997524901,0.4728960951500206,0.3655900740004548,114,757
3361,ESM-2-URVDB,viral,Site Split,IAV_RDRP_Li,2,0.2184693561505243,0.7176407873349603,0.878307478473254,0.152986306080277,0.7880683356617195,0.9422251485698592,0.4800317935757953,0.40532483388468,123,757
3362,ESM-2-URVDB,viral,Site Split,IAV_RDRP_Li,3,0.1909572466010151,0.7288521825075875,0.8914222349170239,0.15302492431642,0.7759926698576453,0.948273166216628,0.4589807773977376,0.3877121382772001,105,757
3363,ESM-2-URVDB,viral,Site Split,IAV_RDRP_Li,4,0.2782029180660723,0.6935888909691375,0.8526644682796011,0.1673401050382182,0.7274696130999105,0.8992078511473383,0.531687924693642,0.4342547796373043,232,757
3364,ESM-2-URVDB,viral,Site Split,IAV_RDRP_Li,5,0.2236802393991022,0.720234832984908,0.8818891155574557,0.1467983325520615,0.7535586181669546,0.9203368903015304,0.4846661127572616,0.3927679037676126,133,757
3365,ESM-2-URVDB,viral,Site Split,CVB3_3B_Alvarez,1,0.6951184900806864,0.4478440087471018,0.5655754171065549,-0.7956717929619805,0.9493338344935875,1.0935135026119711,0.8461109690762006,0.4430857736106028,67,22
3366,ESM-2-URVDB,viral,Site Split,CVB3_3B_Alvarez,2,0.3008854038751601,0.7381925913219511,0.8611980421714795,-0.2362953259574445,0.8594683524444653,0.940305509978654,0.5892509815905054,0.1654338779366725,10,22
3367,ESM-2-URVDB,viral,Site Split,CVB3_3B_Alvarez,3,0.3848134599357463,0.6028936794342188,0.7323780349069502,-0.0509237672133602,1.026546959369063,1.1406456883783187,0.6833569216052243,0.2855170555468923,23,22
3368,ESM-2-URVDB,viral,Site Split,CVB3_3B_Alvarez,4,0.2586951552260238,0.7576191003349999,0.8656827508651286,-0.1136636595673192,0.8901152714077187,0.999639458449208,0.5676673138453237,0.0206373033912405,6,22
3369,ESM-2-URVDB,viral,Site Split,CVB3_3B_Alvarez,5,0.2245347253995036,0.7740306602926074,0.8877362024438855,0.1940856847095647,0.774512321638988,0.8709895196127745,0.5367216925573034,0.4308402923372187,8,22
3370,ESM-2-URVDB,cellular,Pooled Split,IF1_ECOLI,1,0.8316033113703136,0.3035558602886768,0.4148644045863848,0.6053760423517579,0.4332810673142413,0.5991640976394299,0.7811012962883737,0.6410524528457764,367,72
3371,ESM-2-URVDB,cellular,Pooled Split,IF1_ECOLI,2,0.7966266580147562,0.3335544353557647,0.4558693905627544,0.6267000509299758,0.4300839548701072,0.5825915357360745,0.7738920710900415,0.6407224434966742,310,72
3372,ESM-2-URVDB,cellular,Pooled Split,IF1_ECOLI,3,0.8154729793048897,0.3095547794730608,0.4281461724772939,0.6479797168410941,0.4379106816161372,0.6010318881053489,0.7823712208692999,0.6804232257651633,336,72
3373,ESM-2-URVDB,cellular,Pooled Split,IF1_ECOLI,4,0.8569569923512396,0.2764128202222807,0.3779195117953527,0.5702220013676136,0.4636037537973364,0.6573791020994731,0.805961483405994,0.6479910751126421,392,72
3374,ESM-2-URVDB,cellular,Pooled Split,IF1_ECOLI,5,0.8410696825558823,0.2950101523109574,0.3974160673473695,0.6203918078307242,0.4566626286888754,0.6236858375584394,0.7859100095157355,0.6279077761532375,365,72
3375,ESM-2-URVDB,cellular,Pooled Split,TIM_SULSO,1,0.7516116553828667,0.3850937517399854,0.4953298808401026,0.5044644398757103,0.5186390917446563,0.7205223987259011,0.8492837523350157,0.7224451689367335,288,248
3376,ESM-2-URVDB,cellular,Pooled Split,TIM_SULSO,2,0.7381828306054887,0.3988401110485571,0.5144357960395817,0.563072772695523,0.5093739569903962,0.6463861513610998,0.8385338797788017,0.7530916033794923,252,248
3377,ESM-2-URVDB,cellular,Pooled Split,TIM_SULSO,3,0.7564503576889295,0.3815043709068752,0.4926501700607792,0.6013865679769477,0.4990175015317975,0.6356172585415364,0.8450940492456097,0.7738620843575649,293,248
3378,ESM-2-URVDB,cellular,Pooled Split,TIM_SULSO,4,0.7451179252008588,0.393730207987551,0.5088607322982707,0.5131283527359813,0.540122096002363,0.6749986492396443,0.8488298878158119,0.7182880767698462,261,248
3379,ESM-2-URVDB,cellular,Pooled Split,TIM_SULSO,5,0.7149530405521364,0.4225106926743738,0.5388219183445491,0.5975009545576178,0.4758909300687127,0.610458842912858,0.8312542628364298,0.7557855440418934,222,248
3380,ESM-2-URVDB,cellular,Pooled Split,GAL4_YEAST_Shendure2015,1,0.6217271447582507,0.4917376018573418,0.6150734300806001,0.404505971993726,0.6095682472367249,0.7692079954726941,0.8117163783598843,0.6739223543590187,179,881
3381,ESM-2-URVDB,cellular,Pooled Split,GAL4_YEAST_Shendure2015,2,0.6022440239178715,0.5011726211949745,0.6250886783323154,0.4661476545563892,0.6101232905032058,0.755754360805303,0.8045829150409363,0.7063485156983139,160,881
3382,ESM-2-URVDB,cellular,Pooled Split,GAL4_YEAST_Shendure2015,3,0.6483712492211761,0.4756748203511536,0.5982717729922399,0.3816525415200573,0.6237291861972415,0.7575046852167704,0.8236770495368995,0.6727137198876298,180,881
3383,ESM-2-URVDB,cellular,Pooled Split,GAL4_YEAST_Shendure2015,4,0.620083160321004,0.4931920438999498,0.6182454465790209,0.4255275741312453,0.58841856715379,0.748560548920862,0.8125073126915036,0.7026532698647738,168,881
3384,ESM-2-URVDB,cellular,Pooled Split,GAL4_YEAST_Shendure2015,5,0.6740428277472734,0.4517937181430745,0.5700040160625188,0.3545228395711349,0.629917396139292,0.8085508675204107,0.8435881861045806,0.6504785797249676,211,881
3385,ESM-2-URVDB,cellular,Pooled Split,TIM_THEMA,1,0.6932806679462922,0.4007838885366334,0.5467218825472371,0.5512945228931774,0.5158815463436222,0.7031126045357915,0.8135668893410132,0.7303829692719056,275,252
3386,ESM-2-URVDB,cellular,Pooled Split,TIM_THEMA,2,0.7024738819360457,0.4028474314859693,0.5460183768134357,0.5615841643862066,0.4935100106050659,0.6589305258145379,0.8215099680299104,0.7659692975337223,302,252
3387,ESM-2-URVDB,cellular,Pooled Split,TIM_THEMA,3,0.6804784706831656,0.4152598385454752,0.5607002403741883,0.5869764110242086,0.4942888085576569,0.6614147947748515,0.804421074219066,0.7971560064963018,274,252
3388,ESM-2-URVDB,cellular,Pooled Split,TIM_THEMA,4,0.6980854787594357,0.4000849291453729,0.543526290043814,0.4895484063784971,0.5366921107908644,0.7445211236316343,0.8141862386675898,0.7437036818723594,268,252
3389,ESM-2-URVDB,cellular,Pooled Split,TIM_THEMA,5,0.6536044391445244,0.4350451694694116,0.5857819672462276,0.5100458838904949,0.5148148602246834,0.7129694167338735,0.8042482542826831,0.7189685029524151,228,252
3390,ESM-2-URVDB,cellular,Pooled Split,UBC9_HUMAN_Roth2017,1,0.5743020752509957,0.4884416127067889,0.648414873892193,0.3611495323658219,0.6023768036308736,0.8178855848554796,0.7873502728782451,0.6517591595007367,293,159
3391,ESM-2-URVDB,cellular,Pooled Split,UBC9_HUMAN_Roth2017,2,0.5633190302577817,0.4967315917634172,0.6725633964865886,0.3907366211438309,0.5626375285739432,0.7223220004764269,0.7858959690139515,0.6564689781981313,296,159
3392,ESM-2-URVDB,cellular,Pooled Split,UBC9_HUMAN_Roth2017,3,0.5537783398545609,0.4963089232915551,0.6558372163146744,0.4226416506033809,0.5663039540956715,0.8126689678321773,0.7774941596396073,0.6970469475376075,298,159
3393,ESM-2-URVDB,cellular,Pooled Split,UBC9_HUMAN_Roth2017,4,0.5693162048333478,0.4894091466395655,0.6503626845291862,0.421658381841514,0.5758797612641905,0.7870117997577133,0.7868104422086806,0.6915689620773897,312,159
3394,ESM-2-URVDB,cellular,Pooled Split,UBC9_HUMAN_Roth2017,5,0.5920685758776139,0.4797976115431862,0.6191671645648783,0.3415664484008357,0.6020581452779069,0.9036862795447722,0.7948246352951087,0.6765690895773385,306,159
3395,ESM-2-URVDB,cellular,Pooled Split,SUMO1_HUMAN_Roth2017,1,0.5510741800774406,0.5230738515406119,0.6680695998151535,0.3739979224456231,0.6173042826307366,0.799912607950899,0.7527185374605256,0.61825381184716,160,101
3396,ESM-2-URVDB,cellular,Pooled Split,SUMO1_HUMAN_Roth2017,2,0.5603634403288809,0.5151572872283958,0.6637910053284296,0.4217866466647542,0.5929722956422674,0.7566914882821824,0.7620434822027811,0.6536601582671845,172,101
3397,ESM-2-URVDB,cellular,Pooled Split,SUMO1_HUMAN_Roth2017,3,0.5513590567800027,0.5221372932566993,0.6725161808256979,0.3843548313569139,0.5970684080494455,0.771211939908861,0.756820835787195,0.62101274440865,154,101
3398,ESM-2-URVDB,cellular,Pooled Split,SUMO1_HUMAN_Roth2017,4,0.5540062820243664,0.5157659761905732,0.6639962843822481,0.4175563072639429,0.607945785473485,0.780272002099366,0.7588664628514157,0.6404328309930584,185,101
3399,ESM-2-URVDB,cellular,Pooled Split,SUMO1_HUMAN_Roth2017,5,0.5761219557593289,0.5112263184032128,0.6507257100185276,0.3663968422830856,0.6043465590942567,0.7975712259976377,0.7707372878327663,0.6293441642305179,191,101
3400,ESM-2-URVDB,cellular,Pooled Split,CALM1_HUMAN_Roth2017,1,0.1261090259388722,0.7406567755062865,0.9374051749341876,0.0643085031560427,0.7561969928488451,0.9562147514076118,0.3642889723744728,0.2404748427367567,53,149
3401,ESM-2-URVDB,cellular,Pooled Split,CALM1_HUMAN_Roth2017,2,0.1325428119202442,0.7336842494222666,0.9345181800402302,0.0507409675405675,0.7457006343494282,0.955617884059452,0.357946747056277,0.2506306073215329,63,149
3402,ESM-2-URVDB,cellular,Pooled Split,CALM1_HUMAN_Roth2017,3,0.1173779681551925,0.7509204580734568,0.945753090778369,0.0499922678072257,0.7526910791514227,0.9466718497037572,0.3508837238134287,0.2063752774083952,42,149
3403,ESM-2-URVDB,cellular,Pooled Split,CALM1_HUMAN_Roth2017,4,0.1099036897014029,0.7225268585176571,0.9234183120930528,0.0527954436889801,0.8306732614576771,1.0471976265469538,0.3401333196740511,0.2416534077480868,44,149
3404,ESM-2-URVDB,cellular,Pooled Split,CALM1_HUMAN_Roth2017,5,0.142711443898113,0.717828341401576,0.912652210533918,0.0146990401543493,0.8153899428927236,1.0467419561210498,0.3705872049643803,0.1504892544083754,57,149
3405,ESM-2-URVDB,cellular,Pooled Split,TIM_THETH,1,0.8121532255672281,0.3397573207483718,0.4371293403371177,0.5903384977094837,0.4890361765203055,0.6172148798935959,0.8854782435101345,0.7543875310740737,345,254
3406,ESM-2-URVDB,cellular,Pooled Split,TIM_THETH,2,0.8188114443104024,0.3339467789857018,0.4273602117472752,0.6084622778066329,0.4843525397410174,0.615587310694601,0.8867590756686806,0.7899021006500995,365,254
3407,ESM-2-URVDB,cellular,Pooled Split,TIM_THETH,3,0.8129788136346926,0.3374987680297296,0.4293546905051701,0.6447358717804089,0.4765020340175304,0.6091055187648156,0.8861211749276027,0.7972450641604988,362,254
3408,ESM-2-URVDB,cellular,Pooled Split,TIM_THETH,4,0.8078826770844327,0.3415011382230878,0.4374534526164076,0.62333422703917,0.4957883608012866,0.6144356041290113,0.8814990933658401,0.7918758916443845,347,254
3409,ESM-2-URVDB,cellular,Pooled Split,TIM_THETH,5,0.8188372772104158,0.3366005623546259,0.4320074763123738,0.6482377297904212,0.4493194693021735,0.5540257927993794,0.8899412245656819,0.8076290588506652,363,254
3410,ESM-2-URVDB,cellular,Pooled Split,BG_STRSQ_hmmerbit,1,0.5235509572683195,0.5135582143198074,0.6834875389208411,0.4180438672165427,0.5937089033033391,0.7914939790588728,0.6950974651764412,0.6354546129430043,279,501
3411,ESM-2-URVDB,cellular,Pooled Split,BG_STRSQ_hmmerbit,2,0.5533025632755543,0.5053114091295274,0.6670902586513734,0.4093139245504034,0.5812754410504914,0.7743320701051677,0.7138149277159396,0.6425836889381974,295,501
3412,ESM-2-URVDB,cellular,Pooled Split,BG_STRSQ_hmmerbit,3,0.5533965631607654,0.5086956161101424,0.6689705395599791,0.4229962473144435,0.5647679663898957,0.7563891840428572,0.7236135524452573,0.6193513245096849,315,501
3413,ESM-2-URVDB,cellular,Pooled Split,BG_STRSQ_hmmerbit,4,0.5252026229860225,0.5184522256073735,0.686929858881126,0.3589998408055281,0.5997046782688598,0.8104068692481152,0.6983436647427997,0.6194764815284602,248,501
3414,ESM-2-URVDB,cellular,Pooled Split,BG_STRSQ_hmmerbit,5,0.5506243147314189,0.5095206058389051,0.673989584003299,0.4003221597559985,0.5660455352158976,0.7572562355384954,0.7079282047699198,0.6465312243651878,288,501
3415,ESM-2-URVDB,cellular,Pooled Split,RASH_HUMAN_Kuriyan,1,0.757392902138429,0.3447074090821308,0.4950774811607666,0.6027236764440984,0.4639186442748517,0.6167292033279135,0.8701205994733363,0.7754594751223144,556,189
3416,ESM-2-URVDB,cellular,Pooled Split,RASH_HUMAN_Kuriyan,2,0.7419125241389302,0.3540330078188787,0.5081374499134815,0.6428299796298369,0.451619516718079,0.5960502876177792,0.8667216620309325,0.7952477145883018,527,189
3417,ESM-2-URVDB,cellular,Pooled Split,RASH_HUMAN_Kuriyan,3,0.7634467722538241,0.3427349875595855,0.4887389619894842,0.6133795399733565,0.4607614731686988,0.609406310757776,0.8773076598764789,0.7574675022143584,584,189
3418,ESM-2-URVDB,cellular,Pooled Split,RASH_HUMAN_Kuriyan,4,0.7557860289135832,0.3473449082632344,0.4957673694950715,0.6008319147765478,0.4687030153469032,0.6207497151104185,0.8712522992268986,0.7606370843512245,557,189
3419,ESM-2-URVDB,cellular,Pooled Split,RASH_HUMAN_Kuriyan,5,0.7556328017635029,0.3486627212760987,0.4920712438912832,0.6117670099290617,0.449668147680407,0.6341296259589958,0.8682623768174415,0.7806785162391319,550,189
3420,ESM-2-URVDB,cellular,Pooled Split,BRCA1_HUMAN_RING,1,0.7903753208567861,0.322782762370729,0.4582285064867551,0.5325929477220545,0.5364437668112831,0.6806699736006239,0.7628802208718727,0.642596440457702,184,1863
3421,ESM-2-URVDB,cellular,Pooled Split,BRCA1_HUMAN_RING,2,0.7211035879788492,0.387350580614118,0.5381335018162233,0.54585051213738,0.4485201817466228,0.6176087634499188,0.7379993729847449,0.5484283399115166,131,1863
3422,ESM-2-URVDB,cellular,Pooled Split,BRCA1_HUMAN_RING,3,0.7076302862241558,0.382145854157307,0.5409476665428788,0.6287284258281642,0.4473392413363138,0.6057570729876923,0.7208545951225187,0.6449297968309573,133,1863
3423,ESM-2-URVDB,cellular,Pooled Split,BRCA1_HUMAN_RING,4,0.7917296184451235,0.3202029868152514,0.4474891930193425,0.4830125416798858,0.5056937208946408,0.765522135307588,0.7670843930303053,0.6555918629172887,164,1863
3424,ESM-2-URVDB,cellular,Pooled Split,BRCA1_HUMAN_RING,5,0.7830573126040359,0.3353916338699054,0.4582432210646208,0.4604176326136706,0.5142897974709779,0.7799157441491956,0.7781077812996111,0.5313944502211857,159,1863
3425,ESM-2-URVDB,cellular,Pooled Split,HSP82_YEAST_Bolon2016,1,0.7873934846919015,0.3228152470750312,0.4674670696902273,0.5862688654686694,0.404945680415022,0.6053504775643646,0.6741099364451796,0.6112439137789322,556,709
3426,ESM-2-URVDB,cellular,Pooled Split,HSP82_YEAST_Bolon2016,2,0.7706032441581445,0.3294036320037825,0.4798128804421742,0.6741225971841049,0.3988623605839825,0.5667444989975666,0.6732656476137214,0.6036901392089412,552,709
3427,ESM-2-URVDB,cellular,Pooled Split,HSP82_YEAST_Bolon2016,3,0.7807694191728636,0.3227919932689373,0.4700171663480036,0.6716080733577441,0.3922068115205398,0.5641660132946886,0.678721314600347,0.591178689875519,580,709
3428,ESM-2-URVDB,cellular,Pooled Split,HSP82_YEAST_Bolon2016,4,0.7806647493382811,0.3218443391491032,0.4658303859325763,0.6779717333046376,0.390906934278072,0.5793323075764489,0.6770842800368739,0.6116405988765453,595,709
3429,ESM-2-URVDB,cellular,Pooled Split,HSP82_YEAST_Bolon2016,5,0.7780198850565195,0.3240151015586044,0.4688435466860829,0.6777915597406885,0.3953226869479199,0.5784709235938277,0.6682451051291869,0.6442532788909822,586,709
3430,ESM-2-URVDB,cellular,Pooled Split,DLG4_RAT_Ranganathan2012,1,0.8154460208725519,0.2995263831637605,0.4250147437284762,0.6110507575917854,0.461014037983491,0.6494909531422943,0.7739491697051357,0.6450413501415682,362,724
3431,ESM-2-URVDB,cellular,Pooled Split,DLG4_RAT_Ranganathan2012,2,0.7892710011390046,0.3286883607877844,0.4729444196687734,0.5570625046906809,0.4143417550782803,0.5724165925555035,0.7657682517762302,0.6170941132257042,315,724
3432,ESM-2-URVDB,cellular,Pooled Split,DLG4_RAT_Ranganathan2012,3,0.7581593771952594,0.3378164588357237,0.491110510168886,0.623068338676176,0.4207838595695142,0.6172324737979938,0.7408818957548698,0.6798480033399298,266,724
3433,ESM-2-URVDB,cellular,Pooled Split,DLG4_RAT_Ranganathan2012,4,0.744934205100813,0.3443777413432414,0.5033490972347353,0.656321204614886,0.4248554929442881,0.5938961757637355,0.7578236651888393,0.6117148527412126,264,724
3434,ESM-2-URVDB,cellular,Pooled Split,DLG4_RAT_Ranganathan2012,5,0.7755957318323742,0.3308372506745368,0.4720006377830993,0.5651760865961429,0.4239736976461941,0.6688237078368409,0.7571008621873799,0.6437604306064381,273,724
3435,ESM-2-URVDB,cellular,Pooled Split,BLAT_ECOLX_Ostermeier2014,1,0.7589611250599653,0.3818013097988687,0.4902295117710185,0.6383537977811018,0.4607751540836811,0.604856343804937,0.8803916762009412,0.8135432811857282,676,286
3436,ESM-2-URVDB,cellular,Pooled Split,BLAT_ECOLX_Ostermeier2014,2,0.756464368677481,0.382615530296921,0.4920696283783738,0.6685700369378739,0.4544961296540515,0.5822524574417358,0.8784574579286613,0.8379840625569809,684,286
3437,ESM-2-URVDB,cellular,Pooled Split,BLAT_ECOLX_Ostermeier2014,3,0.7556901230338617,0.385249053472301,0.4943718032166508,0.6604756940584444,0.45459976509194,0.5815722300468378,0.8788981299943698,0.8202811192818736,684,286
3438,ESM-2-URVDB,cellular,Pooled Split,BLAT_ECOLX_Ostermeier2014,4,0.7613042176241748,0.3802560180772084,0.4886971126647333,0.6516729544158792,0.4656132953752637,0.5895391293425313,0.8787784639189432,0.8277531499079168,650,286
3439,ESM-2-URVDB,cellular,Pooled Split,BLAT_ECOLX_Ostermeier2014,5,0.7609644544289325,0.3842916121438272,0.4895343690703427,0.6516924208101855,0.4444486151941114,0.5846689645808948,0.8791572808717827,0.8324516820043341,683,286
3440,ESM-2-URVDB,cellular,Pooled Split,TPMT_HUMAN_Fowler2018,1,0.5122627827156445,0.5296930751529056,0.6988327213845932,0.4418666574227086,0.5685533656892608,0.744582318373495,0.6603036327491901,0.6153727199172631,334,245
3441,ESM-2-URVDB,cellular,Pooled Split,TPMT_HUMAN_Fowler2018,2,0.531596807864132,0.5222415008451852,0.6909641795461712,0.3898315610749356,0.5837854636055008,0.7504187469977018,0.6812237546741068,0.5588871041545365,359,245
3442,ESM-2-URVDB,cellular,Pooled Split,TPMT_HUMAN_Fowler2018,3,0.5327987289976928,0.514241203089219,0.6784711748572968,0.4581216527020242,0.5776900403657063,0.7574578233673369,0.6796026208771287,0.6163105444736897,405,245
3443,ESM-2-URVDB,cellular,Pooled Split,TPMT_HUMAN_Fowler2018,4,0.5156072744399001,0.5245104513336374,0.6902374382334645,0.4201539900220755,0.5909298006668912,0.7860017540584047,0.6700405930292911,0.5920589662967485,326,245
3444,ESM-2-URVDB,cellular,Pooled Split,TPMT_HUMAN_Fowler2018,5,0.5315138227092358,0.5198584675505219,0.6870846800538772,0.411513561468853,0.574930160906517,0.7547857918502271,0.6817670402896611,0.5791301979626747,367,245
3445,ESM-2-URVDB,cellular,Pooled Split,PABP_YEAST_Fields2013_singles,1,0.7885714805962147,0.3596929599787637,0.4679468371255402,0.6526035920051402,0.4336406063055911,0.5427211997768925,0.8660615348961112,0.7446189958426038,232,577
3446,ESM-2-URVDB,cellular,Pooled Split,PABP_YEAST_Fields2013_singles,2,0.8020324813440162,0.3434632759495201,0.4484123283369269,0.5891072188052664,0.4820325832899484,0.6205640435056003,0.8698232250135656,0.7349004534815358,232,577
3447,ESM-2-URVDB,cellular,Pooled Split,PABP_YEAST_Fields2013_singles,3,0.7903873503643025,0.3528222036972034,0.4614617052404467,0.6456137742738782,0.4565292065138729,0.5756753593819168,0.8610642551760611,0.7767467985022515,235,577
3448,ESM-2-URVDB,cellular,Pooled Split,PABP_YEAST_Fields2013_singles,4,0.8049037298613609,0.3406145551210107,0.44766050716304,0.5883303962509717,0.4699159545619783,0.60130989841606,0.8741898288277057,0.7094451360333341,236,577
3449,ESM-2-URVDB,cellular,Pooled Split,PABP_YEAST_Fields2013_singles,5,0.7612743277024272,0.3775819906483735,0.4909488650013988,0.6465554225111896,0.4755199720822095,0.58209625878621,0.8483278606148187,0.7561845775331478,192,577
3450,ESM-2-URVDB,cellular,Pooled Split,PTEN_HUMAN_Fowler2018,1,0.6371524430598711,0.4586665748715227,0.603530405489374,0.4795301372195496,0.5457260028483988,0.7158036753723751,0.7991331814304986,0.6835158335543532,529,403
3451,ESM-2-URVDB,cellular,Pooled Split,PTEN_HUMAN_Fowler2018,2,0.6145686788993872,0.470224647660013,0.6199997912163335,0.5167333567333732,0.5380643500356885,0.6986565741313377,0.7851112176702718,0.698815904210745,474,403
3452,ESM-2-URVDB,cellular,Pooled Split,PTEN_HUMAN_Fowler2018,3,0.6113275511842771,0.4704246649426414,0.620255261396637,0.4929707336357435,0.5545513949864023,0.7263192279946157,0.7842076883632187,0.7012205821509014,461,403
3453,ESM-2-URVDB,cellular,Pooled Split,PTEN_HUMAN_Fowler2018,4,0.6307396563388845,0.4630340562769796,0.6072106512034097,0.4725495037030055,0.5478736673518946,0.7283250995181983,0.7937000813102032,0.6997825995133423,488,403
3454,ESM-2-URVDB,cellular,Pooled Split,PTEN_HUMAN_Fowler2018,5,0.6358596657326352,0.4554498662356873,0.6019134288251357,0.4866873138400958,0.5553125229255058,0.7232059756918877,0.7953206021731473,0.7134844753658377,524,403
3455,ESM-2-URVDB,cellular,Pooled Split,KKA2_KLEPN_Mikkelsen2014,1,0.575313364566795,0.4987077868140477,0.6477741429523398,0.4448562433852139,0.5839557418488307,0.7619506469708568,0.8059014531471899,0.7235750927649544,476,264
3456,ESM-2-URVDB,cellular,Pooled Split,KKA2_KLEPN_Mikkelsen2014,2,0.573416585368496,0.5009693189501324,0.6508889976074004,0.4742376354250691,0.5634440352245704,0.7349748215285089,0.8050645756236109,0.7473422084768828,488,264
3457,ESM-2-URVDB,cellular,Pooled Split,KKA2_KLEPN_Mikkelsen2014,3,0.5773453189894723,0.4999777619794068,0.6524283989601212,0.4778582526560108,0.5555184395553558,0.712166105739129,0.8088991828221059,0.7387623386296438,519,264
3458,ESM-2-URVDB,cellular,Pooled Split,KKA2_KLEPN_Mikkelsen2014,4,0.5834547046717269,0.4954605170467737,0.6471509895682501,0.4548556063260327,0.5610463333932987,0.7300297197606106,0.8118360445454752,0.7342450687982962,502,264
3459,ESM-2-URVDB,cellular,Pooled Split,KKA2_KLEPN_Mikkelsen2014,5,0.5738235133201306,0.5052276181513344,0.6588753412609544,0.4334780195011453,0.5677998261296329,0.7232633192250445,0.8075281800960674,0.7186161267398886,475,264
3460,ESM-2-URVDB,cellular,Pooled Split,UBE4B_MOUSE_Klevit2013_singles,1,0.3643497400383458,0.5954773156077166,0.8084108505286296,0.1999477775310874,0.6284047451838549,0.8426638665889375,0.6072110592717211,0.4488188409303494,55,1173
3461,ESM-2-URVDB,cellular,Pooled Split,UBE4B_MOUSE_Klevit2013_singles,2,0.3990970726952636,0.5781216773124914,0.7528103083273209,0.2010009874972692,0.6756810526478684,0.9893887809205768,0.6167084262821663,0.4451952720566727,71,1173
3462,ESM-2-URVDB,cellular,Pooled Split,UBE4B_MOUSE_Klevit2013_singles,3,0.4197775444670883,0.5683170263620679,0.7692970867227772,0.2721142164433897,0.601431889421092,0.8183985328415461,0.657274451565134,0.5360811590093922,79,1173
3463,ESM-2-URVDB,cellular,Pooled Split,UBE4B_MOUSE_Klevit2013_singles,4,0.4199319986811962,0.5687504678778821,0.7556305062160614,0.2373124806899867,0.6272963505582473,0.8970900508687868,0.6478883602346318,0.5074963772012036,83,1173
3464,ESM-2-URVDB,cellular,Pooled Split,UBE4B_MOUSE_Klevit2013_singles,5,0.485245019083905,0.5385418581063035,0.712465727621583,0.175749522721903,0.6243203178121338,0.9272605472067637,0.7015453242301547,0.4591581204329203,107,1173
3465,ESM-2-URVDB,cellular,Pooled Split,BLAT_ECOLX_Ranganathan2015,1,0.8132474676235872,0.3414617557127258,0.4315104424138256,0.7159729981863254,0.4207265820481865,0.5359569790511508,0.8923078428048957,0.8405497085497087,724,286
3466,ESM-2-URVDB,cellular,Pooled Split,BLAT_ECOLX_Ranganathan2015,2,0.8124030696134583,0.341080047903495,0.4316282575393562,0.7158299811524135,0.4247092394161106,0.5401920316755444,0.8936616716098018,0.8378573308844749,702,286
3467,ESM-2-URVDB,cellular,Pooled Split,BLAT_ECOLX_Ranganathan2015,3,0.8099165114542903,0.3456828795445967,0.4367834032488614,0.7127376414328955,0.4147409247832609,0.5311437236547429,0.8909313635448391,0.8356408036408036,697,286
3468,ESM-2-URVDB,cellular,Pooled Split,BLAT_ECOLX_Ranganathan2015,4,0.8082141376716219,0.3436981134848609,0.4350844047992372,0.7194769052154435,0.4181149759315826,0.5420596462194867,0.8904046533988718,0.8414433734433734,697,286
3469,ESM-2-URVDB,cellular,Pooled Split,BLAT_ECOLX_Ranganathan2015,5,0.8124622575094644,0.3412481371967696,0.4338193618349351,0.7191344673516247,0.4182037575643492,0.5262091572943539,0.8910093377068263,0.8472348912348913,726,286
3470,ESM-2-URVDB,cellular,Pooled Split,BRCA1_HUMAN_BRCT,1,0.7125715878468178,0.4088038846668982,0.5482195629502455,0.4579856204853912,0.4952842823525042,0.6564306007058539,0.7222189371126657,0.5634082793181485,283,1863
3471,ESM-2-URVDB,cellular,Pooled Split,BRCA1_HUMAN_BRCT,2,0.6712772869074601,0.422099167851146,0.5722907254325938,0.4276035566088725,0.5453091295162039,0.7603941090673829,0.697818904301416,0.5493707738828575,223,1863
3472,ESM-2-URVDB,cellular,Pooled Split,BRCA1_HUMAN_BRCT,3,0.6242902201992625,0.4480998869829,0.6081179732348637,0.4530452839902882,0.5548822321792944,0.7623087274500564,0.6803126305069734,0.5501260478891412,181,1863
3473,ESM-2-URVDB,cellular,Pooled Split,BRCA1_HUMAN_BRCT,4,0.7088654860162211,0.4048583155201116,0.5476283121636146,0.4420632273563607,0.507401252901427,0.6996818283948238,0.7220302335050648,0.517838105328922,258,1863
3474,ESM-2-URVDB,cellular,Pooled Split,BRCA1_HUMAN_BRCT,5,0.6122554980300539,0.4542478447480025,0.6171164121152692,0.4709274779250957,0.5699263628117742,0.7528009953631349,0.6601119967607582,0.5721466575404457,164,1863
3475,ESM-2-URVDB,cellular,Pooled Split,BLAT_ECOLX_Tenaillon2013,1,0.7145792896059762,0.4199132147092849,0.5356335816706662,0.4366464115969255,0.5746757182604212,0.7414665181028505,0.7801360851770756,0.6529186884119172,185,286
3476,ESM-2-URVDB,cellular,Pooled Split,BLAT_ECOLX_Tenaillon2013,2,0.6668209202192124,0.445428142532476,0.5646951476183965,0.5754152236821836,0.5333582135985881,0.6999206977383514,0.7500079221474885,0.7417896960098266,160,286
3477,ESM-2-URVDB,cellular,Pooled Split,BLAT_ECOLX_Tenaillon2013,3,0.7455443210020727,0.3977309927446339,0.5036508366050525,0.4146795001222175,0.6031805776778878,0.7698012520412582,0.7931718515520221,0.6258101552002657,214,286
3478,ESM-2-URVDB,cellular,Pooled Split,BLAT_ECOLX_Tenaillon2013,4,0.6973256292486859,0.4364032222833988,0.54920757613057,0.5299303679107383,0.5388894618753696,0.690095838866324,0.763116326408178,0.6938707765621511,177,286
3479,ESM-2-URVDB,cellular,Pooled Split,BLAT_ECOLX_Tenaillon2013,5,0.7212565946453227,0.4150970989427873,0.5290183974084036,0.385122072750272,0.5839153371486752,0.7767941099410204,0.7901256080776743,0.5271520568481126,181,286
3480,ESM-2-URVDB,cellular,Pooled Split,BLAT_ECOLX_Palzkill2012,1,0.6934134337864588,0.4423429269315636,0.5533432925367411,0.5794595101792168,0.5142923567907407,0.6497678363124473,0.8440376368370966,0.7713020155657903,717,286
3481,ESM-2-URVDB,cellular,Pooled Split,BLAT_ECOLX_Palzkill2012,2,0.6841342324198159,0.4454178896714534,0.561617248898523,0.5681457401358772,0.5290685781600055,0.6573504401597497,0.8390380237009634,0.778697245576784,680,286
3482,ESM-2-URVDB,cellular,Pooled Split,BLAT_ECOLX_Palzkill2012,3,0.6996406778438383,0.4370916922842622,0.5472490769575723,0.5452989908171558,0.5328015290415102,0.6782427271257888,0.8458017824628193,0.7518974719063778,702,286
3483,ESM-2-URVDB,cellular,Pooled Split,BLAT_ECOLX_Palzkill2012,4,0.7008110934262736,0.4358089535393345,0.5485563034734257,0.5500682727954979,0.5325145081849766,0.6628055206618557,0.8481278049919093,0.757026821280522,718,286
3484,ESM-2-URVDB,cellular,Pooled Split,BLAT_ECOLX_Palzkill2012,5,0.6884891272148349,0.4432734832680244,0.5553587086563153,0.5564748315503295,0.5424812128638369,0.6789766494478376,0.8439314476944418,0.751024472691793,640,286
3485,ESM-2-URVDB,cellular,Pooled Split,YAP1_HUMAN_Fields2012_singles,1,0.6957907745193348,0.4009055366240833,0.5401291289616341,0.3913228026424064,0.5837315627001571,0.8394390116614014,0.8516122777711491,0.615142539800074,52,504
3486,ESM-2-URVDB,cellular,Pooled Split,YAP1_HUMAN_Fields2012_singles,2,0.778998315957276,0.3472874046865768,0.467737206069549,0.4350790343411282,0.5723693725665852,0.7661650130437629,0.8819736109453925,0.6896211279772925,79,504
3487,ESM-2-URVDB,cellular,Pooled Split,YAP1_HUMAN_Fields2012_singles,3,0.7036529447794175,0.4060677686228636,0.5433667499579494,0.4406913260889968,0.5533935815171577,0.7503465425604777,0.8568587678479099,0.6770949031223005,67,504
3488,ESM-2-URVDB,cellular,Pooled Split,YAP1_HUMAN_Fields2012_singles,4,0.71015905948589,0.4106514463857595,0.5452370520629931,0.5048260405277063,0.4859116037246753,0.6654666308566628,0.8560210595394345,0.6864741453782551,63,504
3489,ESM-2-URVDB,cellular,Pooled Split,YAP1_HUMAN_Fields2012_singles,5,0.7788164951326121,0.3427649620882872,0.4626257879811187,0.4198189991760191,0.5938874221457209,0.8085677533792319,0.8867249333810604,0.692459582870542,66,504
3490,ESM-2-URVDB,cellular,Pooled Split,B3VI55_LIPSTSTABLE,1,0.526338574063081,0.5491768514954621,0.6880544753330705,0.484674710119245,0.579114344392942,0.718432891813455,0.7469872006682756,0.7181429022799034,598,439
3491,ESM-2-URVDB,cellular,Pooled Split,B3VI55_LIPSTSTABLE,2,0.5313556211906076,0.5441196120769103,0.6821312783173477,0.4445928836266394,0.6033758685257318,0.7557478428304653,0.7500711689381522,0.6925709417280024,578,439
3492,ESM-2-URVDB,cellular,Pooled Split,B3VI55_LIPSTSTABLE,3,0.530713661985404,0.5455986254839531,0.6823418371704295,0.4403110645314714,0.6054432540506549,0.7598076782972559,0.7493743236373794,0.6922913728997894,546,439
3493,ESM-2-URVDB,cellular,Pooled Split,B3VI55_LIPSTSTABLE,4,0.5268059917460037,0.5499104235435615,0.6887935299349828,0.4582617980391353,0.5826778665481376,0.732149122329714,0.7471750472401784,0.7048234333749999,581,439
3494,ESM-2-URVDB,cellular,Pooled Split,B3VI55_LIPSTSTABLE,5,0.5344763256881795,0.5447153897031758,0.6816305295526582,0.4246666968391243,0.6003911123116631,0.7613478961235334,0.7513139650398175,0.6793122373918263,554,439
3495,ESM-2-URVDB,cellular,Pooled Split,TPK1_HUMAN_Roth2017,1,0.2145227340678599,0.7329482295417991,0.8888562101865901,0.119583883567082,0.7650772176032126,0.9272354187139524,0.496156593552409,0.3625536200741261,144,243
3496,ESM-2-URVDB,cellular,Pooled Split,TPK1_HUMAN_Roth2017,2,0.2834534339234279,0.6930215036379541,0.8465311016654763,0.0747094697126778,0.7923757878583995,0.9613205648295494,0.5592674834848311,0.3231270760254914,236,243
3497,ESM-2-URVDB,cellular,Pooled Split,TPK1_HUMAN_Roth2017,3,0.2328358069470095,0.7234545163460422,0.8791186168493396,0.1199171251361579,0.7596172474259347,0.9240859060431402,0.5099052918597086,0.3648208252706266,168,243
3498,ESM-2-URVDB,cellular,Pooled Split,TPK1_HUMAN_Roth2017,4,0.1821215253849133,0.7417362209766689,0.8930650553590183,0.1232537585208363,0.8109948077714686,0.9813650410215394,0.4562819368463048,0.3776261104341638,116,243
3499,ESM-2-URVDB,cellular,Pooled Split,TPK1_HUMAN_Roth2017,5,0.2511901877258544,0.7157975098755504,0.8723796094915007,0.1122001555258302,0.7479271915055861,0.9088792126845412,0.5330457708410474,0.3480168370050078,201,243
3500,ESM-2-URVDB,cellular,Pooled Split,RL401_YEAST_Bolon2014,1,0.8241266746421817,0.3018036501708632,0.4200155525168065,0.6350688388831527,0.4536000517644528,0.6002682535210039,0.793770075196862,0.6261500068308951,305,128
3501,ESM-2-URVDB,cellular,Pooled Split,RL401_YEAST_Bolon2014,2,0.795555469218865,0.334757280325506,0.4580401774271469,0.6308329828956255,0.4190447790211903,0.5724229096722798,0.7621081692868313,0.6523109451513575,258,128
3502,ESM-2-URVDB,cellular,Pooled Split,RL401_YEAST_Bolon2014,3,0.8621447168311462,0.2743797232432532,0.3725168405217134,0.6037210008056528,0.4487628582807031,0.620907984369721,0.7971254952450947,0.6652125829603439,359,128
3503,ESM-2-URVDB,cellular,Pooled Split,RL401_YEAST_Bolon2014,4,0.8375240717920779,0.2992859043263745,0.4095103790509425,0.6111109639085739,0.4182723801974946,0.5799673128424778,0.7876376060307946,0.6677371755705482,325,128
3504,ESM-2-URVDB,cellular,Pooled Split,RL401_YEAST_Bolon2014,5,0.8263456665341309,0.3104741260283639,0.4205164192002513,0.5799501662472735,0.4442269896729465,0.6232636165244452,0.7692597388190792,0.6313957842752912,305,128
3505,ESM-2-URVDB,cellular,Pooled Split,RL401_YEAST_Bolon2013,1,0.769864829890243,0.3450569505723747,0.482409273490497,0.5693349099199896,0.4673205546831286,0.6408434550133835,0.8518036884043441,0.740674121474552,202,128
3506,ESM-2-URVDB,cellular,Pooled Split,RL401_YEAST_Bolon2013,2,0.7244148364301565,0.382571390717176,0.5273341019133281,0.6603951041360157,0.4243895997234961,0.5702768820161297,0.8408556875552268,0.7413697487475659,183,128
3507,ESM-2-URVDB,cellular,Pooled Split,RL401_YEAST_Bolon2013,3,0.8072860996990128,0.3199939330969339,0.4444587976473445,0.52781060391038,0.4550044076304601,0.650167610582951,0.8576286712031975,0.7699371069431455,252,128
3508,ESM-2-URVDB,cellular,Pooled Split,RL401_YEAST_Bolon2013,4,0.7752028807101679,0.3330963327332729,0.4670483952275646,0.5790743418059906,0.4886892812456894,0.6828792282267911,0.8441604033475079,0.7738679178641424,228,128
3509,ESM-2-URVDB,cellular,Pooled Split,RL401_YEAST_Bolon2013,5,0.7431614588693654,0.3635555889472244,0.5069170043663493,0.5272453886768655,0.4941162075021102,0.686886411101922,0.8391249851446411,0.7227274367665524,165,128
3510,ESM-2-URVDB,cellular,Pooled Split,MK01_HUMAN_Johannessen,1,0.2741117257839456,0.623574883057601,0.8511992043445514,0.1833702639747412,0.6596323713074098,0.906861374508236,0.5726503994883907,0.483130284024432,405,360
3511,ESM-2-URVDB,cellular,Pooled Split,MK01_HUMAN_Johannessen,2,0.2735953501524126,0.6236746498537602,0.85719189728929,0.1956039791754322,0.6441774204357837,0.8754249628600436,0.5746049652708023,0.4915514075337884,410,360
3512,ESM-2-URVDB,cellular,Pooled Split,MK01_HUMAN_Johannessen,3,0.2864679417056488,0.6162523311181043,0.8442362790683232,0.1433023618408366,0.6730363558356245,0.927177081480252,0.5848100278790603,0.4385925338531966,399,360
3513,ESM-2-URVDB,cellular,Pooled Split,MK01_HUMAN_Johannessen,4,0.2784352140155381,0.6221966010311784,0.8526937383118696,0.1616463977280583,0.6602889869441696,0.90142686857608,0.5787504139305178,0.4575110267342201,393,360
3514,ESM-2-URVDB,cellular,Pooled Split,MK01_HUMAN_Johannessen,5,0.2737658780523612,0.6237320558818086,0.856816380580598,0.1929473646695422,0.6454010337555846,0.8786020622141657,0.5744930148284748,0.4907843456551018,394,360
3515,ESM-2-URVDB,cellular,Pooled Split,AMIE_PSEAE_Whitehead,1,0.6462567322982644,0.4397792933001118,0.5909533562716611,0.4809925153531574,0.5360877271089127,0.7385593630761194,0.8216871940887767,0.7360146086015389,673,346
3516,ESM-2-URVDB,cellular,Pooled Split,AMIE_PSEAE_Whitehead,2,0.6346630048255788,0.4483083566603666,0.6049052611441387,0.4993576360468916,0.5105165774978216,0.7053345641471043,0.8161003307813843,0.7494515364221237,681,346
3517,ESM-2-URVDB,cellular,Pooled Split,AMIE_PSEAE_Whitehead,3,0.6268778464158742,0.4496596141904191,0.6048873061318442,0.528383810497448,0.5219895466618711,0.7114951164721226,0.8110839526954773,0.7646115378991862,631,346
3518,ESM-2-URVDB,cellular,Pooled Split,AMIE_PSEAE_Whitehead,4,0.6527047664794206,0.4397424908945623,0.5926679393804619,0.469612698957855,0.5137409926225659,0.7112137216823304,0.8230539170054517,0.7328017608804112,717,346
3519,ESM-2-URVDB,cellular,Pooled Split,AMIE_PSEAE_Whitehead,5,0.6595332328523056,0.4358604845184713,0.5876830443254346,0.4533400236500984,0.5187249794211338,0.717675733491101,0.8281745937738597,0.7254093031100409,709,346
3520,ESM-2-URVDB,cellular,Pooled Split,RL401_YEAST_Fraser2016,1,0.6686741916791688,0.4314571824107528,0.5859857787505969,0.4832845937154323,0.4930465889947055,0.6567461175181256,0.7833936378360948,0.6247313837745094,182,128
3521,ESM-2-URVDB,cellular,Pooled Split,RL401_YEAST_Fraser2016,2,0.6481602389704382,0.4364383720167922,0.5918387129215948,0.5600429148088842,0.4931974612735285,0.6689030341535319,0.7716825720806935,0.6939151980621296,184,128
3522,ESM-2-URVDB,cellular,Pooled Split,RL401_YEAST_Fraser2016,3,0.6846710824673072,0.4044373140022649,0.5561995762788533,0.4796219099682073,0.5694934232439293,0.7476994503753077,0.7890629885963855,0.6433047353194198,211,128
3523,ESM-2-URVDB,cellular,Pooled Split,RL401_YEAST_Fraser2016,4,0.6282778608088402,0.4385628550108272,0.5996205038678968,0.519208204003134,0.5403018493804407,0.7248764742197644,0.7534836096752812,0.7181562057357973,161,128
3524,ESM-2-URVDB,cellular,Pooled Split,RL401_YEAST_Fraser2016,5,0.6850492533411825,0.40985403817059,0.5583944381411537,0.4486438061761839,0.558013116177523,0.7551334771079413,0.792768278805586,0.6022508351657354,198,128
3525,ESM-2-URVDB,cellular,Pooled Split,MTH3_HAEAESTABILIZED_Tawfik2015,1,0.4812107592659087,0.5903443417353218,0.7177938095537358,0.3978599413459786,0.6623768533915297,0.7859330625932375,0.7220107839901702,0.6505647605706515,194,331
3526,ESM-2-URVDB,cellular,Pooled Split,MTH3_HAEAESTABILIZED_Tawfik2015,2,0.4501432320301579,0.6145171523063858,0.7433539836324315,0.3756111496192525,0.6543131930972848,0.782055006182656,0.6942063345293626,0.6207935221792652,153,331
3527,ESM-2-URVDB,cellular,Pooled Split,MTH3_HAEAESTABILIZED_Tawfik2015,3,0.5500051726806359,0.5504541010169175,0.6721636087243121,0.2861515904377181,0.6740909247321806,0.8346615035675019,0.7641541637798711,0.5619924531414611,252,331
3528,ESM-2-URVDB,cellular,Pooled Split,MTH3_HAEAESTABILIZED_Tawfik2015,4,0.5277425795092865,0.5615423310720579,0.6880392916751779,0.3171934096955242,0.6886285400809824,0.8219261889065298,0.7525295948074199,0.5806055411010255,221,331
3529,ESM-2-URVDB,cellular,Pooled Split,MTH3_HAEAESTABILIZED_Tawfik2015,5,0.486446541424075,0.5924138860820534,0.7178020244724472,0.2986235760007082,0.6816693633057922,0.8317943588335663,0.7219967555203585,0.5590117881053057,173,331
3530,ESM-2-URVDB,cellular,Pooled Split,B3VI55_LIPST_Whitehead2015,1,0.3660749360312324,0.6003944999727551,0.7931624981444925,0.2457056746387943,0.6728731252897183,0.881393173021139,0.5707431907941815,0.4680062813003382,580,439
3531,ESM-2-URVDB,cellular,Pooled Split,B3VI55_LIPST_Whitehead2015,2,0.3394652002576519,0.6153795225082274,0.8105570626205373,0.2652048295892775,0.6509295042609704,0.8656639289173297,0.5553231557295273,0.4796950263462142,498,439
3532,ESM-2-URVDB,cellular,Pooled Split,B3VI55_LIPST_Whitehead2015,3,0.3675196156384104,0.6060718933213639,0.7962276220380691,0.2426522287601673,0.6570995270166969,0.8658218661585552,0.5733561631308177,0.4570674993736222,583,439
3533,ESM-2-URVDB,cellular,Pooled Split,B3VI55_LIPST_Whitehead2015,4,0.3639083306551829,0.6108985445739414,0.8017745754515015,0.2386638786291337,0.6437920157581127,0.8537683122233786,0.5625663257975089,0.4729211977468845,592,439
3534,ESM-2-URVDB,cellular,Pooled Split,B3VI55_LIPST_Whitehead2015,5,0.3657824862700864,0.6084992179807072,0.8004861897282348,0.2240763307560979,0.6569242184385805,0.8624040853782656,0.5672969921853347,0.4553065901992059,583,439
3535,ESM-2-URVDB,cellular,Site Split,RL401_YEAST_Bolon2014,1,0.5313403836906755,0.5323413699175319,0.6922578948610905,0.0472500866990041,0.759244654330764,0.9264616390699172,0.6713624114535338,0.3904356079154349,54,128
3536,ESM-2-URVDB,cellular,Site Split,RL401_YEAST_Bolon2014,2,0.6479224895199212,0.449852027747602,0.6002550958682169,0.1433436985990659,0.6348891961435694,0.8745204183800447,0.7163715883848054,0.1970012854440566,87,128
3537,ESM-2-URVDB,cellular,Site Split,RL401_YEAST_Bolon2014,3,0.5885234000419661,0.4927083359379254,0.6501260175389217,0.13765378758389,0.6738118377303274,0.8484286753808061,0.7228115905651089,0.432288600228516,67,128
3538,ESM-2-URVDB,cellular,Site Split,RL401_YEAST_Bolon2014,4,0.6836499442365676,0.3818461184344363,0.5266578685429206,0.1927316733508699,0.7890518141487759,1.043644703575979,0.7099034495323481,0.460141040149321,123,128
3539,ESM-2-URVDB,cellular,Site Split,RL401_YEAST_Bolon2014,5,0.6453402314003978,0.4646815819432129,0.6247136459646433,-0.2499497865361761,0.6174573913505107,0.8158515579623663,0.7236772790548325,0.1292801111166338,91,128
3540,ESM-2-URVDB,cellular,Site Split,RL401_YEAST_Bolon2013,1,0.6740782474866794,0.3996224374418537,0.5579842330050331,0.2722240236482426,0.6435867680945151,0.9081237452063552,0.796295127934518,0.5905279872933429,113,128
3541,ESM-2-URVDB,cellular,Site Split,RL401_YEAST_Bolon2013,2,0.6432468155996915,0.4535349689108074,0.6164763350862109,0.2145900864995457,0.5708997256559241,0.709703610031128,0.8108110818970182,0.3885977868959845,101,128
3542,ESM-2-URVDB,cellular,Site Split,RL401_YEAST_Bolon2013,3,0.6329031673078808,0.4584168543808393,0.6170811125739756,0.271158980744435,0.5543816525788628,0.7755143340111089,0.7826512428260958,0.5300587717775433,79,128
3543,ESM-2-URVDB,cellular,Site Split,RL401_YEAST_Bolon2013,4,0.5442128503908662,0.5127841106629482,0.6908936908370303,0.0477882167569042,0.6996299707664383,0.875598863914649,0.7116459649979673,0.3110511791922904,46,128
3544,ESM-2-URVDB,cellular,Site Split,RL401_YEAST_Bolon2013,5,0.6274851124944494,0.4310397580158152,0.5942060406814819,0.4837348120841934,0.6086183713575887,0.780300129537109,0.7792996956833175,0.672949372646408,96,128
3545,ESM-2-URVDB,cellular,Site Split,BRCA1_HUMAN_RING,1,0.7303975456946845,0.3954531248655737,0.5217760929612382,-0.0267922839459162,0.6114360101235942,0.9785165904410152,0.7224608653195892,0.2951842431502475,84,1863
3546,ESM-2-URVDB,cellular,Site Split,BRCA1_HUMAN_RING,2,0.4760175750393922,0.5276444674207337,0.7218918665662751,0.4348806851416207,0.5954338735522966,0.7593667636553355,0.6176385543120411,0.4848221374779493,34,1863
3547,ESM-2-URVDB,cellular,Site Split,BRCA1_HUMAN_RING,3,0.5306620372169827,0.4799107652261005,0.6763337409845986,0.2600767939841693,0.6660463766539295,0.8949959473810418,0.636337291060851,0.5354306275331512,51,1863
3548,ESM-2-URVDB,cellular,Site Split,BRCA1_HUMAN_RING,4,0.6572346967413834,0.4209408923358105,0.5945533060429362,0.2911789899270146,0.6051639204938338,0.7904059294111563,0.6969363956994497,0.4176752466540821,73,1863
3549,ESM-2-URVDB,cellular,Site Split,BRCA1_HUMAN_RING,5,0.6086202860756271,0.4386631337044263,0.5808146861862233,0.0076833916792747,0.7772188238606308,1.181224335917619,0.6233911548067281,0.3554367172269986,48,1863
3550,ESM-2-URVDB,cellular,Site Split,YAP1_HUMAN_Fields2012_singles,1,0.4510695639231293,0.5604059227766528,0.764210633547758,0.4556222659997924,0.5170031364334409,0.6231797629847723,0.7362869387105756,0.6965321485869432,23,504
3551,ESM-2-URVDB,cellular,Site Split,YAP1_HUMAN_Fields2012_singles,2,0.4096615907837614,0.5507202209328469,0.7488359472307285,0.0167143347348922,0.8706084484779015,1.0576064655840565,0.7278738302718364,0.2057260113347664,13,504
3552,ESM-2-URVDB,cellular,Site Split,YAP1_HUMAN_Fields2012_singles,3,0.727166046605163,0.4040206648978565,0.5500238162571115,0.0427976291407752,0.6422856426479002,0.7628039566307561,0.8620094764309018,0.6069049306469575,61,504
3553,ESM-2-URVDB,cellular,Site Split,YAP1_HUMAN_Fields2012_singles,4,0.4977778694309955,0.5117767970513875,0.7013017652903187,0.2342747457923676,0.7248496652151358,0.9021225322181868,0.7525974274453209,0.6296078623436836,23,504
3554,ESM-2-URVDB,cellular,Site Split,YAP1_HUMAN_Fields2012_singles,5,0.5386121785727962,0.4656370752621668,0.6390047161667275,0.2163488574746372,0.7129095526759047,0.9735065074160656,0.758529766048912,0.611771126317115,34,504
3555,ESM-2-URVDB,cellular,Site Split,TIM_THEMA,1,0.1715149963994342,0.7287361631647157,0.9334079330083384,0.0131831674760078,0.7348268063961101,0.8759366888731258,0.4700493605717844,0.1390717501430902,14,252
3556,ESM-2-URVDB,cellular,Site Split,TIM_THEMA,2,0.2458679678950251,0.6852403312030994,0.8776782471699166,-0.1893540148087358,0.8578857432870348,1.0328965960565593,0.5230381080987833,-0.1493503276125714,26,252
3557,ESM-2-URVDB,cellular,Site Split,TIM_THEMA,3,0.1021058494505574,0.7543365356526436,0.9710497203789308,0.0867423140180814,0.7075926363194671,0.8544715310213562,0.3361053997500021,0.3449929463980732,7,252
3558,ESM-2-URVDB,cellular,Site Split,TIM_THEMA,4,0.0316168504505709,0.7766299284043217,0.9866419703489366,0.0352487372122706,0.7990659469058088,0.9638986829999469,0.1996792594101665,0.2505339187930873,3,252
3559,ESM-2-URVDB,cellular,Site Split,TIM_THEMA,5,0.089591457637271,0.7301118002462311,0.9429628847468732,0.0806760301984166,0.773644950987388,1.001117858426233,0.3692198219706389,0.2781319676402498,9,252
3560,ESM-2-URVDB,cellular,Site Split,TIM_SULSO,1,0.5108605568280877,0.5751050344427246,0.7069224554942789,0.1194797594957126,0.7289455912139134,0.8965125261157583,0.7254019898807252,0.4280081441845743,52,248
3561,ESM-2-URVDB,cellular,Site Split,TIM_SULSO,2,0.4188909916494788,0.6276542287085852,0.7595434691296417,0.2236823314839435,0.7406523360749195,0.8825598094067834,0.6766849200453532,0.4599731759198353,30,248
3562,ESM-2-URVDB,cellular,Site Split,TIM_SULSO,3,0.4553359500717794,0.5848916760261824,0.732813107416927,0.2035905370424858,0.7312976717666512,0.8584367996047274,0.6666608045191847,0.5385326024983665,59,248
3563,ESM-2-URVDB,cellular,Site Split,TIM_SULSO,4,0.4381188017014574,0.6060570995443706,0.752777440677623,0.2763792743082836,0.7018416365429488,0.8235857600549592,0.6677285506715753,0.5630929702116027,44,248
3564,ESM-2-URVDB,cellular,Site Split,TIM_SULSO,5,0.4668570823819816,0.5847355115704423,0.7216816662455564,0.363268982177181,0.6847312250611022,0.8329055763951407,0.7040055437807696,0.6125936493563074,50,248
3565,ESM-2-URVDB,cellular,Site Split,IF1_ECOLI,1,0.3778273880857563,0.565454745002573,0.78973887491574,0.0427561430836564,0.7613102241817173,0.9702284465272112,0.5216991873223348,0.1983499399521156,36,72
3566,ESM-2-URVDB,cellular,Site Split,IF1_ECOLI,2,0.4595635010324365,0.4858388757414829,0.6953571187664194,0.2156711030584039,0.8127755755751341,1.04365929605927,0.6391771963463488,0.3981778568925019,71,72
3567,ESM-2-URVDB,cellular,Site Split,IF1_ECOLI,3,0.6145879368703053,0.4140443400205978,0.5825678838870696,0.1362780859957731,0.7774261520160439,1.1003171295897651,0.6609529195242947,0.3621165126722089,92,72
3568,ESM-2-URVDB,cellular,Site Split,IF1_ECOLI,4,0.4513537836822593,0.5646208324111142,0.7693916076440864,-0.13227088236034,0.6502371155692028,0.8063517327712889,0.6261847258319193,0.089836684823643,51,72
3569,ESM-2-URVDB,cellular,Site Split,IF1_ECOLI,5,0.2869284317785704,0.6292495750945045,0.8574084000822346,0.09779646852869,0.696837248847609,0.8918448309188379,0.4884312933105963,0.1097094407759351,25,72
3570,ESM-2-URVDB,cellular,Site Split,TIM_THETH,1,0.5567769988852824,0.5306238601077654,0.640649165918861,0.2712535701724605,0.8287481474383379,0.9623281484891631,0.7533291837560255,0.5288524871228673,60,254
3571,ESM-2-URVDB,cellular,Site Split,TIM_THETH,2,0.5456171654221523,0.558412126884768,0.6731321620136342,0.1826504038321478,0.7792199272698322,0.9065619514926944,0.7463716951630818,0.4433938816232785,63,254
3572,ESM-2-URVDB,cellular,Site Split,TIM_THETH,3,0.5704528039197594,0.5497760503161547,0.6690464280932892,0.2854143012386714,0.649461066924954,0.7697576572182396,0.7598133332126842,0.5478908071997882,76,254
3573,ESM-2-URVDB,cellular,Site Split,TIM_THETH,4,0.5684279593692844,0.5383196457448476,0.6562249825413705,0.2264022371079102,0.7476776289136723,0.8780682103729698,0.7590052672090258,0.4612881603815367,77,254
3574,ESM-2-URVDB,cellular,Site Split,TIM_THETH,5,0.3128491693994485,0.7327268825331648,0.8380306766090391,-0.0093213216912082,0.821172174962307,0.9502487602136798,0.5807034330332631,0.2205182856508256,13,254
3575,ESM-2-URVDB,cellular,Site Split,KKA2_KLEPN_Mikkelsen2014,1,0.5084376432457851,0.5435632852943459,0.7030954122696366,0.196795085789979,0.7129852727612038,0.8848381978996326,0.7680519306051626,0.4957779071013611,241,264
3576,ESM-2-URVDB,cellular,Site Split,KKA2_KLEPN_Mikkelsen2014,2,0.5234132055110698,0.5380332795504942,0.7001787960712393,0.1508437621365033,0.6955900139384464,0.8640468568767774,0.7789804382777102,0.456346277259223,269,264
3577,ESM-2-URVDB,cellular,Site Split,KKA2_KLEPN_Mikkelsen2014,3,0.5117835340964383,0.5406113058669875,0.7004082604419737,0.1534107168883473,0.7316939538280386,0.9094003768055792,0.7694831181760572,0.478911792850265,257,264
3578,ESM-2-URVDB,cellular,Site Split,KKA2_KLEPN_Mikkelsen2014,4,0.305828650048889,0.6700534011428347,0.8375057184314468,0.2018245373037454,0.7148770424697494,0.8677362804159402,0.6130833316066564,0.5382662154320693,47,264
3579,ESM-2-URVDB,cellular,Site Split,KKA2_KLEPN_Mikkelsen2014,5,0.3309823345127479,0.6546568861081492,0.8239164288854478,0.2576350326065423,0.679154703036254,0.834011658528511,0.6383368568280818,0.5659126864741184,58,264
3580,ESM-2-URVDB,cellular,Site Split,GAL4_YEAST_Shendure2015,1,0.6354763281880962,0.479172272089314,0.605437794651391,0.1726995429742357,0.7200120610907469,0.8986057278655025,0.8235649065994166,0.480320649254143,160,881
3581,ESM-2-URVDB,cellular,Site Split,GAL4_YEAST_Shendure2015,2,0.4343428418704479,0.6328655393639342,0.759597704035674,0.1286509692616662,0.7241510745600628,0.888694971761263,0.7143817897543825,0.4677427583197358,44,881
3582,ESM-2-URVDB,cellular,Site Split,GAL4_YEAST_Shendure2015,3,0.2500481033195076,0.7331922174596542,0.8649463209509668,0.064482633050431,0.812655352737824,0.9702771561786582,0.5744983229007816,0.2857978578978058,8,881
3583,ESM-2-URVDB,cellular,Site Split,GAL4_YEAST_Shendure2015,4,0.4299733011653056,0.6308828066782503,0.7569434548327784,0.0355676487330491,0.8431364050397361,0.9665247166326456,0.6977496519514457,0.3290461995590874,52,881
3584,ESM-2-URVDB,cellular,Site Split,GAL4_YEAST_Shendure2015,5,0.4528077458282714,0.6006642178512426,0.7359818858005576,-0.0697895486411015,0.8833262781193268,1.0342198283896191,0.7255114609168193,0.2699299181037775,53,881
3585,ESM-2-URVDB,cellular,Site Split,TPK1_HUMAN_Roth2017,1,0.2808073749824035,0.6901180040770011,0.8474008376741944,-0.0169581773560247,0.8261556612963392,1.0114113837771614,0.5601809978599005,0.2664082389195485,216,243
3586,ESM-2-URVDB,cellular,Site Split,TPK1_HUMAN_Roth2017,2,0.2053214510305403,0.744234742354483,0.8981203251114419,0.0451795026415272,0.7918583964791879,0.9451654832122318,0.4858410682828447,0.2663539404746906,139,243
3587,ESM-2-URVDB,cellular,Site Split,TPK1_HUMAN_Roth2017,3,0.2251539642267549,0.7156355382546618,0.8699025077266233,0.0880391739064738,0.8164131923684905,0.996467408576118,0.5019670846748062,0.349642944834666,165,243
3588,ESM-2-URVDB,cellular,Site Split,TPK1_HUMAN_Roth2017,4,0.2473062938049415,0.7166735114227423,0.8688168279836566,0.0924392466488367,0.767500413004349,0.944191205339282,0.5271503993225591,0.3786625990136344,200,243
3589,ESM-2-URVDB,cellular,Site Split,TPK1_HUMAN_Roth2017,5,0.2196569814901208,0.7375092550145801,0.8898049102619545,0.0219552148467726,0.7835022103999149,0.959478087090076,0.4989756261641554,0.2522863084691409,143,243
3590,ESM-2-URVDB,cellular,Site Split,MTH3_HAEAESTABILIZED_Tawfik2015,1,0.288135223148261,0.727850186209797,0.8498894810952725,0.1887461083600867,0.750592008161069,0.8686771690149123,0.558944603232637,0.468013036462778,32,331
3591,ESM-2-URVDB,cellular,Site Split,MTH3_HAEAESTABILIZED_Tawfik2015,2,0.3196836997381277,0.7041365568084874,0.8238139917785308,0.2194710734772619,0.766967465414298,0.8850241739687335,0.5847699744517246,0.5151451060712974,43,331
3592,ESM-2-URVDB,cellular,Site Split,MTH3_HAEAESTABILIZED_Tawfik2015,3,0.3567867252223976,0.6789021864047652,0.8034470138724068,0.2486856910259441,0.7351448706205431,0.858317573919364,0.6142074921262398,0.5187609638789694,66,331
3593,ESM-2-URVDB,cellular,Site Split,MTH3_HAEAESTABILIZED_Tawfik2015,4,0.3606642977164187,0.6705276654476259,0.7933378651145974,0.2632748995070827,0.7589396182213202,0.883890046664639,0.6240696310504241,0.5281413493696551,72,331
3594,ESM-2-URVDB,cellular,Site Split,MTH3_HAEAESTABILIZED_Tawfik2015,5,0.3477735908117874,0.6863269175123163,0.8102009856027992,0.2203188014746805,0.7481353457029888,0.8680985018309282,0.6092801968776921,0.4874178853900848,57,331
3595,ESM-2-URVDB,cellular,Site Split,BLAT_ECOLX_Ostermeier2014,1,0.5839732876526633,0.526595372245887,0.6504181033738886,0.2146745303914644,0.6722524464359804,0.8499711892481074,0.7922265698783462,0.5662759512646998,155,286
3596,ESM-2-URVDB,cellular,Site Split,BLAT_ECOLX_Ostermeier2014,2,0.5396298798228757,0.5456795930995921,0.670850901642189,0.3911494386040592,0.6648126175547566,0.8065451640972906,0.7727308267564489,0.6647214762720465,139,286
3597,ESM-2-URVDB,cellular,Site Split,BLAT_ECOLX_Ostermeier2014,3,0.5249159464567754,0.5669048804775908,0.694476200340007,0.3938287758170246,0.6186470882747195,0.7448817393472593,0.759794413700031,0.6781453432215555,127,286
3598,ESM-2-URVDB,cellular,Site Split,BLAT_ECOLX_Ostermeier2014,4,0.4536720103502528,0.6192367175008086,0.7386557980623966,0.3319387698673026,0.6535993439300476,0.8069845266823666,0.7168433103324124,0.6422527276337462,75,286
3599,ESM-2-URVDB,cellular,Site Split,BLAT_ECOLX_Ostermeier2014,5,0.4814137827809335,0.593439356850966,0.7143923585212959,0.3444127437719875,0.684887567926357,0.8345411484926138,0.73344430428269,0.6222757431533765,84,286
3600,ESM-2-URVDB,cellular,Site Split,B3VI55_LIPSTSTABLE,1,0.3448102732159369,0.6539808087131687,0.809437002265305,0.2018824993733391,0.7155501174963228,0.8926291284585031,0.6276092999188965,0.4858895983042309,95,439
3601,ESM-2-URVDB,cellular,Site Split,B3VI55_LIPSTSTABLE,2,0.3411868558674212,0.6592064492202008,0.8149892156462548,0.2935232990841071,0.6768565524604648,0.8264483533953295,0.6243002946961935,0.564080540362345,111,439
3602,ESM-2-URVDB,cellular,Site Split,B3VI55_LIPSTSTABLE,3,0.3233923422921463,0.660771412293967,0.8184128276530421,0.20728317087349,0.7222437802926728,0.9012850357280991,0.615974167930093,0.5065525644046045,71,439
3603,ESM-2-URVDB,cellular,Site Split,B3VI55_LIPSTSTABLE,4,0.3393238487180844,0.6609836227894358,0.8148858704039953,0.2526475963566247,0.6888255404596053,0.8547272749794849,0.6229102782006884,0.5559659789738286,111,439
3604,ESM-2-URVDB,cellular,Site Split,B3VI55_LIPSTSTABLE,5,0.3234206199949323,0.6648895192091263,0.8206420711872034,0.2529563921224922,0.7071250884982863,0.8712977086529339,0.6168320969149009,0.5294841480177488,81,439
3605,ESM-2-URVDB,cellular,Site Split,BLAT_ECOLX_Tenaillon2013,1,0.5186839575884221,0.5613293151067754,0.697514777495884,0.4205699613412083,0.5993383116017121,0.7446361530142477,0.6885907126700236,0.6125635053082134,78,286
3606,ESM-2-URVDB,cellular,Site Split,BLAT_ECOLX_Tenaillon2013,2,0.616365242215722,0.485276557908095,0.6123597346149577,0.2673406582591122,0.7043684085073847,0.8907258253328709,0.7376309766641512,0.5335461280389788,106,286
3607,ESM-2-URVDB,cellular,Site Split,BLAT_ECOLX_Tenaillon2013,3,0.5362278352165568,0.5281939623162404,0.6626993257936163,0.4128604849949943,0.668925656888641,0.8352237706272457,0.7000391549980207,0.6569625934818742,91,286
3608,ESM-2-URVDB,cellular,Site Split,BLAT_ECOLX_Tenaillon2013,4,0.597005234551327,0.5017354649704092,0.6294978437438997,0.4176826010597867,0.6258105249679055,0.7880629767001912,0.7297085137764668,0.6331622107602736,106,286
3609,ESM-2-URVDB,cellular,Site Split,BLAT_ECOLX_Tenaillon2013,5,0.6084726621808858,0.4935249493941017,0.6205253513178604,0.290961263930673,0.654588524329673,0.8666878777725436,0.733907197689305,0.5316897607048301,110,286
3610,ESM-2-URVDB,cellular,Site Split,AMIE_PSEAE_Whitehead,1,0.2324476181379333,0.6917393309207219,0.8872585837992525,0.2080357437761897,0.6675378684124263,0.8426007891847092,0.5289102923490009,0.4792672003284836,39,346
3611,ESM-2-URVDB,cellular,Site Split,AMIE_PSEAE_Whitehead,2,0.3917913362599967,0.6061752477856497,0.790430968053137,0.0670814382183851,0.6966587809518212,0.8999735756757667,0.6756758328320832,0.3386354814260128,109,346
3612,ESM-2-URVDB,cellular,Site Split,AMIE_PSEAE_Whitehead,3,0.2408903424707961,0.6764888348612434,0.8685303589769643,0.144080587881819,0.7115198470352266,0.9283495661600678,0.5264288103001779,0.5282655279863128,39,346
3613,ESM-2-URVDB,cellular,Site Split,AMIE_PSEAE_Whitehead,4,0.2859736446896147,0.6571428524330953,0.8474425399120009,0.1826276351454333,0.6777069364490811,0.8886636788734616,0.5755483831721422,0.4833936642323987,48,346
3614,ESM-2-URVDB,cellular,Site Split,AMIE_PSEAE_Whitehead,5,0.2838659420331652,0.6601137140826482,0.8520302343780166,0.1312191419956423,0.6898908832050588,0.9018791126685024,0.574522333304209,0.3846096953778218,48,346
3615,ESM-2-URVDB,cellular,Site Split,DLG4_RAT_Ranganathan2012,1,0.6814731275040412,0.3734098671530594,0.552208056141944,0.1377817162450956,0.673112015096594,0.9893864212122884,0.7011309097078656,0.434559952995254,147,724
3616,ESM-2-URVDB,cellular,Site Split,DLG4_RAT_Ranganathan2012,2,0.7355472704563125,0.3564563309421984,0.5180542955908969,0.3040233706164823,0.5697682682315967,0.8072525529527443,0.7029494287488774,0.4968688373482217,216,724
3617,ESM-2-URVDB,cellular,Site Split,DLG4_RAT_Ranganathan2012,3,0.6743105432680792,0.4230402556398483,0.6019991362540589,-0.0469456478243603,0.50600766152337,0.6901050388644052,0.7434450986939605,0.2290324978157566,130,724
3618,ESM-2-URVDB,cellular,Site Split,DLG4_RAT_Ranganathan2012,4,0.6873800630299061,0.4048728628955058,0.5831127753702371,-0.0143823677904115,0.6039045398370041,0.8071177540004225,0.7284904426124289,0.3099370717890028,160,724
3619,ESM-2-URVDB,cellular,Site Split,DLG4_RAT_Ranganathan2012,5,0.7971145334102998,0.2899625436824994,0.4226546045105917,0.2637183270038685,0.6820818515952665,1.0284921327784908,0.7631772693853024,0.5381278491176793,290,724
3620,ESM-2-URVDB,cellular,Site Split,BRCA1_HUMAN_BRCT,1,0.5132531307224697,0.5112504761987076,0.6916040394306915,0.3306463764438212,0.6352104759163382,0.8453081182187074,0.6158132879983789,0.4705179520020943,92,1863
3621,ESM-2-URVDB,cellular,Site Split,BRCA1_HUMAN_BRCT,2,0.5022325437838655,0.5405215199833087,0.7201307388144053,0.2603292924304903,0.5841552521975414,0.7849357951703797,0.5930853157506107,0.4704878868463366,79,1863
3622,ESM-2-URVDB,cellular,Site Split,BRCA1_HUMAN_BRCT,3,0.4311622208863762,0.5634176104388966,0.7516371701902405,0.3606625311753837,0.5910942950509761,0.8101379944071588,0.5678907210165233,0.550172246758346,68,1863
3623,ESM-2-URVDB,cellular,Site Split,BRCA1_HUMAN_BRCT,4,0.5299134225322741,0.490243484726478,0.6625241608029268,0.4077662411281658,0.6194447732182695,0.8554793805283948,0.6085658116118988,0.599253700911849,102,1863
3624,ESM-2-URVDB,cellular,Site Split,BRCA1_HUMAN_BRCT,5,0.6257879405878202,0.4432683105318415,0.605215989817128,0.2410411012378132,0.6861779632064209,0.9032910459759346,0.6705831585832096,0.4288813699080586,154,1863
3625,ESM-2-URVDB,cellular,Site Split,RASH_HUMAN_Kuriyan,1,0.4011029168005732,0.6005142680035572,0.7576655078271087,0.0259907512229311,0.7817844627181272,1.050930065922734,0.6609349806367576,0.3238346759042844,64,189
3626,ESM-2-URVDB,cellular,Site Split,RASH_HUMAN_Kuriyan,2,0.350296958715815,0.6235092225802948,0.8016386001526178,0.1870507533735322,0.7092574088682233,0.9205379325611912,0.6459634337003332,0.4038274688332149,59,189
3627,ESM-2-URVDB,cellular,Site Split,RASH_HUMAN_Kuriyan,3,0.4461358007071243,0.5730917968077405,0.7338327235579182,0.0661714823530583,0.7444402323927836,1.007065323909025,0.6964240735830669,0.3328369911831679,82,189
3628,ESM-2-URVDB,cellular,Site Split,RASH_HUMAN_Kuriyan,4,0.2969289580836721,0.6610450974558764,0.8470776406176448,0.188431893661811,0.6774840726258019,0.86379321149373,0.6003328149845321,0.4728987460025786,40,189
3629,ESM-2-URVDB,cellular,Site Split,RASH_HUMAN_Kuriyan,5,0.3435568269079054,0.6605202339411209,0.8372689205425062,0.158671651188513,0.574546369575915,0.7702247711511657,0.6438186317250321,0.4310604173551705,55,189
3630,ESM-2-URVDB,cellular,Site Split,HSP82_YEAST_Bolon2016,1,0.6098673829271335,0.4243022115352595,0.6275296258553356,0.2540039680569846,0.5584426116084326,0.8477561439435997,0.5841038686721307,0.4702316529429846,148,709
3631,ESM-2-URVDB,cellular,Site Split,HSP82_YEAST_Bolon2016,2,0.5333913478916453,0.4763525545026563,0.6994558614911338,0.277110623969616,0.5241780535917735,0.7619627949781539,0.5871910183859623,0.4341309623272805,109,709
3632,ESM-2-URVDB,cellular,Site Split,HSP82_YEAST_Bolon2016,3,0.6882564456455651,0.3695589124635283,0.5472037692516852,0.1325995020148836,0.6548923165192175,0.9988978346437472,0.6161554836544781,0.4499940850793317,225,709
3633,ESM-2-URVDB,cellular,Site Split,HSP82_YEAST_Bolon2016,4,0.5594001932077979,0.4834067265218613,0.6957490681784811,-0.0729626169786445,0.5328529554921632,0.7631846080658623,0.5943135015248783,0.2941671616866768,82,709
3634,ESM-2-URVDB,cellular,Site Split,HSP82_YEAST_Bolon2016,5,0.5418896086532284,0.4867934783759328,0.7064535136747423,0.078949302344295,0.5180404945784108,0.7501119873333386,0.588732177499626,0.3933149477262094,90,709
3635,ESM-2-URVDB,cellular,Site Split,CALM1_HUMAN_Roth2017,1,0.1004895288514934,0.74592527623178,0.9464737627818136,0.0698126673852573,0.7804854544002761,0.9713404071015228,0.322829955302208,0.2570956284533757,43,149
3636,ESM-2-URVDB,cellular,Site Split,CALM1_HUMAN_Roth2017,2,0.0885295333595325,0.7511814063693706,0.949086764285692,0.0493040782804108,0.7647327122612918,0.9943618317199204,0.2881811495798655,0.2873739277883131,38,149
3637,ESM-2-URVDB,cellular,Site Split,CALM1_HUMAN_Roth2017,3,0.067626263362283,0.7602313437843707,0.9569685669089222,0.0414976512150011,0.7919862164661048,1.0097630673317983,0.2638661349833903,0.2263400460935127,34,149
3638,ESM-2-URVDB,cellular,Site Split,CALM1_HUMAN_Roth2017,4,0.0977518010084917,0.7670965583419194,0.9655596986089628,0.0265593598337575,0.7349335940818577,0.9166060244856626,0.3100464984858809,0.1806217717265319,38,149
3639,ESM-2-URVDB,cellular,Site Split,CALM1_HUMAN_Roth2017,5,0.1189279288656569,0.7338323453362992,0.931094783094437,-0.0171000611048826,0.7890848859189261,1.0328215500536684,0.3431492194147278,0.1054617286940737,49,149
3640,ESM-2-URVDB,cellular,Site Split,SUMO1_HUMAN_Roth2017,1,0.5338021951545215,0.5233160876261902,0.6752547666736274,0.3157471359238353,0.684706558913053,0.8479068107817933,0.746655419133287,0.6205904807329331,164,101
3641,ESM-2-URVDB,cellular,Site Split,SUMO1_HUMAN_Roth2017,2,0.5875401114066137,0.4976791305469076,0.6392905087994837,0.2721283905257955,0.6761815206342983,0.8670236133596109,0.7799654207986014,0.5392568879339281,189,101
3642,ESM-2-URVDB,cellular,Site Split,SUMO1_HUMAN_Roth2017,3,0.54924675367062,0.515062312405093,0.6628562331260662,0.3661845609076193,0.6531982562780598,0.834540593657072,0.7526828532457089,0.6330665426842005,167,101
3643,ESM-2-URVDB,cellular,Site Split,SUMO1_HUMAN_Roth2017,4,0.5471196937766827,0.5226406292955029,0.6670327544953056,0.3003445620123571,0.6782611479310698,0.8641869739590746,0.7511252050557872,0.5727611641818818,155,101
3644,ESM-2-URVDB,cellular,Site Split,SUMO1_HUMAN_Roth2017,5,0.5675705063153884,0.5187024090916003,0.6623955713388099,0.1628838235790639,0.6852482673969607,0.8860547495532934,0.7621308357404999,0.473039098048676,138,101
3645,ESM-2-URVDB,cellular,Site Split,B3VI55_LIPST_Whitehead2015,1,0.1485438176714067,0.6839923356540847,0.9146557493110916,0.1306819799808747,0.7106481685201517,0.9615713998675154,0.4029961370557289,0.3730845106798042,64,439
3646,ESM-2-URVDB,cellular,Site Split,B3VI55_LIPST_Whitehead2015,2,0.1571546945177742,0.6894681819567936,0.926187411320844,0.099898445996409,0.6964361768042703,0.9142429417933824,0.3954053871283416,0.3411643608643638,43,439
3647,ESM-2-URVDB,cellular,Site Split,B3VI55_LIPST_Whitehead2015,3,0.1530164961663548,0.6899714727436199,0.9280239395439884,0.1029588038955886,0.6953752403459478,0.9142293778279722,0.3943360900148809,0.3430472657552902,56,439
3648,ESM-2-URVDB,cellular,Site Split,B3VI55_LIPST_Whitehead2015,4,0.1597694719040335,0.6860469796451786,0.9166546374811232,0.1046292977762107,0.7033631869751563,0.9461433383498502,0.3986625864924959,0.3660601089353497,53,439
3649,ESM-2-URVDB,cellular,Site Split,B3VI55_LIPST_Whitehead2015,5,0.1697662849225086,0.6853792228870589,0.9212385638061468,0.1029220362793799,0.6880287786181206,0.904203070341521,0.413028700227313,0.3333207332156912,63,439
3650,ESM-2-URVDB,cellular,Site Split,BG_STRSQ_hmmerbit,1,0.3618850476632792,0.5992498009007574,0.7955564874862469,0.2729510572037604,0.665179057171943,0.8641636227749143,0.6296661883758397,0.5487238760503848,52,501
3651,ESM-2-URVDB,cellular,Site Split,BG_STRSQ_hmmerbit,2,0.4373805642331203,0.5700223688854335,0.7541007896534861,0.3019197968091689,0.6135753891352893,0.8166038438660199,0.6592110868707302,0.5696767527108848,109,501
3652,ESM-2-URVDB,cellular,Site Split,BG_STRSQ_hmmerbit,3,0.4415792311440437,0.5655178872415466,0.7510828142724575,0.3153712870909265,0.6212694842378537,0.8103630847028302,0.6615919665087729,0.5818431171028321,117,501
3653,ESM-2-URVDB,cellular,Site Split,BG_STRSQ_hmmerbit,4,0.3939519250008433,0.5960276500450143,0.7831661006597463,0.3158035912747103,0.5985835502280982,0.8027336336352512,0.6401404381469123,0.5753197755228833,87,501
3654,ESM-2-URVDB,cellular,Site Split,BG_STRSQ_hmmerbit,5,0.4079853518590287,0.5732397075531815,0.7647274305953841,0.4094840174492347,0.607792931164703,0.7851117533328926,0.644936991628353,0.637542233657246,121,501
3655,ESM-2-URVDB,cellular,Site Split,UBC9_HUMAN_Roth2017,1,0.6102007831961521,0.4548248724545131,0.5833498710700954,-0.0271425931453739,0.8515762308752333,1.1963253796372315,0.8022479977888192,0.291733157402522,291,159
3656,ESM-2-URVDB,cellular,Site Split,UBC9_HUMAN_Roth2017,2,0.5505805944586101,0.5068156865758,0.690044083849993,0.0684193853849365,0.679543778680436,0.8450926675486558,0.7813036318309867,0.4189819633875642,224,159
3657,ESM-2-URVDB,cellular,Site Split,UBC9_HUMAN_Roth2017,3,0.5708051675116528,0.4933792136143774,0.6589160876633603,0.0511793465724297,0.708833033042487,0.9316605832457018,0.7874993398123893,0.3968506067903579,267,159
3658,ESM-2-URVDB,cellular,Site Split,UBC9_HUMAN_Roth2017,4,0.5654039784351333,0.4879242547057376,0.6600743755922791,0.0433400316485206,0.7828748895021364,0.968115136140018,0.7881199258857637,0.3421475949909081,299,159
3659,ESM-2-URVDB,cellular,Site Split,UBC9_HUMAN_Roth2017,5,0.574159214335926,0.4883948255751433,0.6525996849398964,0.0952055404089259,0.7237685812156127,0.945248452842136,0.7892719940633961,0.4428292774215878,303,159
3660,ESM-2-URVDB,cellular,Site Split,PTEN_HUMAN_Fowler2018,1,0.3008761350920326,0.6540298154180809,0.8200440262618907,0.2807168476864887,0.7319860036768795,0.904610691818446,0.5700448854138609,0.569307115377211,58,403
3661,ESM-2-URVDB,cellular,Site Split,PTEN_HUMAN_Fowler2018,2,0.3418117654012833,0.6502716391039777,0.8161790784603585,0.3075177980004492,0.6370750718734703,0.811885911466868,0.6011259856690111,0.5414411239363446,71,403
3662,ESM-2-URVDB,cellular,Site Split,PTEN_HUMAN_Fowler2018,3,0.4184403516827183,0.6009913700267328,0.7699802275087091,0.2589366543970079,0.6536271514833047,0.82580310500961,0.658527245269204,0.4963926934957243,112,403
3663,ESM-2-URVDB,cellular,Site Split,PTEN_HUMAN_Fowler2018,4,0.4982478677830135,0.5466471106945567,0.7144814479448705,0.2546053701075661,0.6610211793152525,0.8330445163166291,0.7162340264817004,0.510602527781315,197,403
3664,ESM-2-URVDB,cellular,Site Split,PTEN_HUMAN_Fowler2018,5,0.3275622058112696,0.6544270203732565,0.817478085045452,0.2259965326973441,0.7077944957949458,0.8898889533365724,0.5874134148270928,0.4693491432247288,59,403
3665,ESM-2-URVDB,cellular,Site Split,TPMT_HUMAN_Fowler2018,1,0.3511038478842684,0.6048481720951279,0.7966103915562202,0.2202258429477339,0.7033586847839252,0.9205457917869604,0.5725238458266354,0.4787571653126011,94,245
3666,ESM-2-URVDB,cellular,Site Split,TPMT_HUMAN_Fowler2018,2,0.3553300831311923,0.6133140987289215,0.8069323895435295,0.2924090665226551,0.6286409674752158,0.8244932732008596,0.566536742797086,0.5525057030803552,106,245
3667,ESM-2-URVDB,cellular,Site Split,TPMT_HUMAN_Fowler2018,3,0.3464351500504719,0.6090540989696318,0.8067787440860906,0.2573084587377447,0.6720448412356567,0.867742416231837,0.5705238849795043,0.4957599064657933,105,245
3668,ESM-2-URVDB,cellular,Site Split,TPMT_HUMAN_Fowler2018,4,0.4479294721769219,0.5660380125711821,0.7444185431626126,0.2581643812830354,0.6372618035498362,0.855042152372473,0.6247016302301696,0.4939706016480591,190,245
3669,ESM-2-URVDB,cellular,Site Split,TPMT_HUMAN_Fowler2018,5,0.3949012341934448,0.5898823654919794,0.7808960527348752,0.1712858559511753,0.680333682809957,0.8946390365432864,0.5923558794524755,0.4634445709548924,121,245
3670,ESM-2-URVDB,cellular,Site Split,MK01_HUMAN_Johannessen,1,0.2472522378369747,0.6364225754325502,0.8669769352524934,0.0227226530406068,0.7431884013293257,0.98992523307123,0.5543045928483884,0.2175973845726755,255,360
3671,ESM-2-URVDB,cellular,Site Split,MK01_HUMAN_Johannessen,2,0.0617594192929891,0.7222579241999448,0.965078686129134,0.0200306425405448,0.7424339207059447,0.9939608218542147,0.3116194231666406,0.2360901189503348,26,360
3672,ESM-2-URVDB,cellular,Site Split,MK01_HUMAN_Johannessen,3,0.0261314925715759,0.7454701037082563,0.98538072013215,0.0221625781690495,0.7593451245278299,0.9943960678347884,0.2315325460963069,0.2174242538662794,10,360
3673,ESM-2-URVDB,cellular,Site Split,MK01_HUMAN_Johannessen,4,0.2630167052923985,0.6291225512944938,0.8605272680082019,0.0432692623128512,0.719651997438636,0.9685557597343744,0.5661454532852767,0.2850925338158041,283,360
3674,ESM-2-URVDB,cellular,Site Split,MK01_HUMAN_Johannessen,5,0.2134945269747346,0.6519088445361578,0.8886677540075777,0.0415446305448187,0.7234926253421428,0.965876850192826,0.518677736708908,0.2824093222009258,174,360
3675,ESM-2-URVDB,cellular,Site Split,RL401_YEAST_Fraser2016,1,0.6057186207903653,0.4612812882261656,0.6255655370472667,0.2672629680840909,0.6629264713576644,0.8657774255253896,0.756375175875042,0.4141437711090175,130,128
3676,ESM-2-URVDB,cellular,Site Split,RL401_YEAST_Fraser2016,2,0.5652889717191212,0.4565566358402164,0.6241429706910858,-0.0845064660778731,0.9552592756580968,1.187347193496829,0.7406010758143335,0.2005424915214059,98,128
3677,ESM-2-URVDB,cellular,Site Split,RL401_YEAST_Fraser2016,3,0.5077119898348943,0.5344849094392164,0.6968533747744179,0.3436882601219392,0.6420204963413081,0.8308448427419143,0.7080722955940364,0.4718296191522226,68,128
3678,ESM-2-URVDB,cellular,Site Split,RL401_YEAST_Fraser2016,4,0.3014665931442216,0.6780999976653639,0.8409563156770488,0.1936607115185634,0.7548825874806636,0.8731882461936546,0.54580368760162,0.3880287775003095,21,128
3679,ESM-2-URVDB,cellular,Site Split,RL401_YEAST_Fraser2016,5,0.4095944682162468,0.5839049177727029,0.741747986202401,0.3595053560998122,0.7376698608367414,0.8946490555971524,0.6231686418195673,0.5813374074438311,43,128
3680,ESM-2-URVDB,cellular,Site Split,UBE4B_MOUSE_Klevit2013_singles,1,0.2041023509720622,0.6795122675761965,0.9013288706105652,0.0298142328246504,0.7234881484337315,0.9365591452398586,0.4939053664426699,0.1550836867875076,19,1173
3681,ESM-2-URVDB,cellular,Site Split,UBE4B_MOUSE_Klevit2013_singles,2,0.4362817844736376,0.558061526794401,0.7559649774713071,0.0339201818869699,0.7293368947045262,0.957457913519892,0.656595721454369,0.2676317524179249,85,1173
3682,ESM-2-URVDB,cellular,Site Split,UBE4B_MOUSE_Klevit2013_singles,3,0.1438419415149368,0.691929202497044,0.92172190966636,0.1240511548449951,0.7281589211171768,0.9490113351378532,0.4407243514895847,0.4006891347954415,20,1173
3683,ESM-2-URVDB,cellular,Site Split,UBE4B_MOUSE_Klevit2013_singles,4,0.1083962199461888,0.7129306023106347,0.9437584176136112,0.093590276675246,0.7267217464002742,0.9521803855327376,0.406875560671502,0.3570798827609884,11,1173
3684,ESM-2-URVDB,cellular,Site Split,UBE4B_MOUSE_Klevit2013_singles,5,0.1968322919010268,0.6707979316256601,0.8938246648430608,0.0677990964517499,0.7318614934300106,0.9753171257308354,0.4737806935897612,0.2586376439442723,15,1173
3685,ESM-2-URVDB,cellular,Site Split,BLAT_ECOLX_Palzkill2012,1,0.3147552342008198,0.6967573369919455,0.8313215873164461,0.2054628375032078,0.7137018102637139,0.8659356001282542,0.6017576302379632,0.4934778192566705,67,286
3686,ESM-2-URVDB,cellular,Site Split,BLAT_ECOLX_Palzkill2012,2,0.2587035810750611,0.7257261136797493,0.8624926796624197,0.1227543765033809,0.7757862257235526,0.9255171330642566,0.5485141530470016,0.3953496327409503,45,286
3687,ESM-2-URVDB,cellular,Site Split,BLAT_ECOLX_Palzkill2012,3,0.1721968081115471,0.7633372596815368,0.903330425654954,0.1625743863244126,0.8092963853338617,0.9362150410166976,0.4488268623555213,0.465159929004256,18,286
3688,ESM-2-URVDB,cellular,Site Split,BLAT_ECOLX_Palzkill2012,4,0.289003567659121,0.7023598387465563,0.836393262880173,0.1285367413626649,0.8168176226768256,0.9628190007525232,0.5804752906963815,0.375262918121128,49,286
3689,ESM-2-URVDB,cellular,Site Split,BLAT_ECOLX_Palzkill2012,5,0.2685632286098739,0.7231744333363853,0.8603858306047998,0.1365220792959511,0.7623927580395938,0.903467827521419,0.5646131599868326,0.4031611150010592,51,286
3690,ESM-2-URVDB,cellular,Site Split,BLAT_ECOLX_Ranganathan2015,1,0.5864644326884183,0.5331267884950938,0.6421281087022598,0.3393492899851654,0.6658009255269007,0.8153742605179746,0.7890857038730218,0.6078649397416044,135,286
3691,ESM-2-URVDB,cellular,Site Split,BLAT_ECOLX_Ranganathan2015,2,0.5057821359327622,0.5902305248393076,0.7000047517697392,0.3357497946942266,0.6835759973717537,0.828651979784937,0.7419456366853706,0.6106920527554265,89,286
3692,ESM-2-URVDB,cellular,Site Split,BLAT_ECOLX_Ranganathan2015,3,0.5151312780094979,0.5912082412604138,0.7031901718512168,0.2935782362072777,0.669183361613329,0.7932488262349021,0.7545459756123075,0.5895129077450255,98,286
3693,ESM-2-URVDB,cellular,Site Split,BLAT_ECOLX_Ranganathan2015,4,0.5740164728424894,0.5422632403471902,0.6542033215531391,0.2808245914883617,0.6857856736384369,0.8396110569821833,0.7823651460169927,0.5979620456670767,121,286
3694,ESM-2-URVDB,cellular,Site Split,BLAT_ECOLX_Ranganathan2015,5,0.584213699040302,0.5370303871490391,0.6453871092657308,0.4477854743989027,0.6240659673786816,0.7364520905703348,0.7864769588484558,0.6849473217911052,156,286
3695,ESM-2-URVDB,cellular,Site Split,PABP_YEAST_Fields2013_singles,1,0.6449603909234289,0.4623350341276671,0.5939427286337383,0.2952451669926738,0.6923232086330027,0.8404581717838745,0.7925759548813281,0.524371254269771,70,577
3696,ESM-2-URVDB,cellular,Site Split,PABP_YEAST_Fields2013_singles,2,0.7200303854907106,0.4133469238935608,0.5141374278558545,0.4620854102204352,0.6233774852150816,0.8061510922994237,0.8259860522163045,0.704589641434263,126,577
3697,ESM-2-URVDB,cellular,Site Split,PABP_YEAST_Fields2013_singles,3,0.63009022083394,0.490553800178127,0.6202322260080719,0.2148348067207297,0.6716584144711777,0.800389057051988,0.7983876421059777,0.4102354700870985,62,577
3698,ESM-2-URVDB,cellular,Site Split,PABP_YEAST_Fields2013_singles,4,0.7077534717940437,0.4173387736304383,0.5391556560754579,0.5592751255314179,0.5401818960567727,0.6662585109428297,0.8193013674399477,0.7262919652961147,116,577
3699,ESM-2-URVDB,cellular,Site Split,PABP_YEAST_Fields2013_singles,5,0.697509463839914,0.420785506825893,0.5450260687683195,0.1844940263856798,0.7135358915214832,0.9107898856066587,0.809708282449173,0.4986445938067969,97,577
